Provider,Total_Inpatient_Claims,Total_Outpatient_Claims,Total_Claims,Unique_Beneficiaries,Avg_Inpatient_Reimbursement,Avg_Outpatient_Reimbursement,Total_Inpatient_Reimbursement,Total_Outpatient_Reimbursement,Avg_Claim_Duration,Avg_Length_of_Stay,Inpatient_Outpatient_Ratio,Number_of_States_Served,Number_of_Counties_Served,PotentialFraud
PRV51001,5.0,20.0,25.0,24,19400.0,382.0,97000.0,7640.0,5.0,5.0,0.25,1,7,No
PRV51003,62.0,70.0,132.0,117,9241.935483870968,466.7142857142857,573000.0,32670.0,5.161290322580645,5.161290322580645,0.8857142857142857,3,23,Yes
PRV51004,0.0,149.0,149.0,138,0.0,350.13422818791946,0.0,52170.0,0.0,0.0,0.0,9,28,No
PRV51005,0.0,1165.0,1165.0,495,0.0,241.1244635193133,0.0,280910.0,0.0,0.0,0.0,4,26,Yes
PRV51007,3.0,69.0,72.0,58,6333.333333333333,213.18840579710144,19000.0,14710.0,5.333333333333333,5.333333333333333,0.043478260869565216,2,6,No
PRV51008,2.0,41.0,43.0,36,12500.0,259.2682926829268,25000.0,10630.0,4.0,4.0,0.04878048780487805,2,9,No
PRV51011,1.0,57.0,58.0,53,5000.0,204.03508771929825,5000.0,11630.0,5.0,5.0,0.017543859649122806,1,9,No
PRV51012,0.0,48.0,48.0,31,0.0,351.875,0.0,16890.0,0.0,0.0,0.0,3,6,No
PRV51013,0.0,46.0,46.0,44,0.0,323.4782608695652,0.0,14880.0,0.0,0.0,0.0,2,8,No
PRV51014,0.0,30.0,30.0,25,0.0,349.3333333333333,0.0,10480.0,0.0,0.0,0.0,2,6,No
PRV51015,0.0,8.0,8.0,7,0.0,87.5,0.0,700.0,0.0,0.0,0.0,1,3,No
PRV51016,0.0,6.0,6.0,6,0.0,28.333333333333332,0.0,170.0,0.0,0.0,0.0,1,3,No
PRV51017,0.0,515.0,515.0,420,0.0,277.126213592233,0.0,142720.0,0.0,0.0,0.0,10,61,No
PRV51021,29.0,228.0,257.0,208,9275.862068965518,350.13157894736844,269000.0,79830.0,4.793103448275862,4.758620689655173,0.12719298245614036,4,34,Yes
PRV51023,9.0,27.0,36.0,35,6000.0,430.0,54000.0,11610.0,3.5555555555555554,3.5555555555555554,0.3333333333333333,1,7,No
PRV51024,9.0,30.0,39.0,38,6777.777777777777,101.66666666666667,61000.0,3050.0,4.333333333333333,4.333333333333333,0.3,2,10,No
PRV51025,13.0,74.0,87.0,76,6615.384615384615,437.1621621621622,86000.0,32350.0,7.0,7.0,0.17567567567567569,2,13,No
PRV51026,0.0,76.0,76.0,56,0.0,261.05263157894734,0.0,19840.0,0.0,0.0,0.0,3,9,No
PRV51027,0.0,53.0,53.0,44,0.0,563.0188679245283,0.0,29840.0,0.0,0.0,0.0,2,5,No
PRV51029,0.0,93.0,93.0,79,0.0,329.6774193548387,0.0,30660.0,0.0,0.0,0.0,6,17,No
PRV51030,82.0,89.0,171.0,145,8604.878048780487,383.82022471910113,705600.0,34160.0,4.621951219512195,4.621951219512195,0.9213483146067416,2,14,No
PRV51031,28.0,157.0,185.0,157,11750.0,195.6687898089172,329000.0,30720.0,5.535714285714286,5.535714285714286,0.17834394904458598,4,29,No
PRV51032,0.0,23.0,23.0,21,0.0,235.65217391304347,0.0,5420.0,0.0,0.0,0.0,3,5,No
PRV51035,1.0,29.0,30.0,25,29000.0,122.75862068965517,29000.0,3560.0,14.0,14.0,0.034482758620689655,2,8,No
PRV51036,0.0,278.0,278.0,131,0.0,269.3525179856115,0.0,74880.0,0.0,0.0,0.0,1,7,No
PRV51037,23.0,431.0,454.0,206,9304.347826086956,297.51740139211137,214000.0,128230.0,4.521739130434782,4.565217391304348,0.05336426914153132,1,7,Yes
PRV51038,30.0,111.0,141.0,107,7653.333333333333,323.3333333333333,229600.0,35890.0,4.033333333333333,4.033333333333333,0.2702702702702703,3,15,No
PRV51040,9.0,77.0,86.0,69,7000.0,148.96103896103895,63000.0,11470.0,10.555555555555555,10.555555555555555,0.11688311688311688,2,10,No
PRV51041,0.0,34.0,34.0,31,0.0,217.94117647058823,0.0,7410.0,0.0,0.0,0.0,1,6,No
PRV51042,0.0,142.0,142.0,128,0.0,338.38028169014086,0.0,48050.0,0.0,0.0,0.0,9,28,No
PRV51043,0.0,23.0,23.0,20,0.0,194.7826086956522,0.0,4480.0,0.0,0.0,0.0,2,4,No
PRV51044,0.0,59.0,59.0,39,0.0,361.52542372881356,0.0,21330.0,0.0,0.0,0.0,1,5,No
PRV51045,0.0,31.0,31.0,29,0.0,270.64516129032256,0.0,8390.0,0.0,0.0,0.0,3,9,No
PRV51046,8.0,30.0,38.0,26,12625.0,279.0,101000.0,8370.0,4.5,4.5,0.26666666666666666,1,6,No
PRV51047,0.0,11.0,11.0,11,0.0,230.0,0.0,2530.0,0.0,0.0,0.0,2,6,No
PRV51048,4.0,34.0,38.0,33,4750.0,255.88235294117646,19000.0,8700.0,4.75,4.75,0.11764705882352941,1,9,No
PRV51049,0.0,71.0,71.0,65,0.0,305.9154929577465,0.0,21720.0,0.0,0.0,0.0,4,21,No
PRV51052,2.0,44.0,46.0,37,7000.0,381.8181818181818,14000.0,16800.0,9.0,9.0,0.045454545454545456,1,7,Yes
PRV51053,1.0,0.0,1.0,1,8000.0,0.0,8000.0,0.0,5.0,5.0,1.0,1,1,No
PRV51054,0.0,57.0,57.0,40,0.0,265.43859649122805,0.0,15130.0,0.0,0.0,0.0,1,4,No
PRV51055,2.0,20.0,22.0,22,8350.0,247.0,16700.0,4940.0,5.5,5.5,0.1,1,8,No
PRV51056,2.0,20.0,22.0,21,4000.0,335.0,8000.0,6700.0,3.0,3.0,0.1,1,6,No
PRV51057,0.0,5.0,5.0,4,0.0,1366.0,0.0,6830.0,0.0,0.0,0.0,1,1,No
PRV51058,5.0,78.0,83.0,75,18200.0,205.51282051282053,91000.0,16030.0,7.4,7.4,0.0641025641025641,2,10,No
PRV51059,25.0,71.0,96.0,82,16040.0,282.53521126760563,401000.0,20060.0,6.88,6.88,0.352112676056338,1,17,Yes
PRV51060,5.0,37.0,42.0,42,7000.0,235.40540540540542,35000.0,8710.0,4.8,4.8,0.13513513513513514,2,15,No
PRV51061,1.0,144.0,145.0,67,3000.0,360.69444444444446,3000.0,51940.0,8.0,8.0,0.006944444444444444,2,5,No
PRV51062,3.0,394.0,397.0,166,15000.0,275.0761421319797,45000.0,108380.0,4.333333333333333,4.333333333333333,0.007614213197969543,1,12,No
PRV51063,0.0,149.0,149.0,115,0.0,343.02013422818794,0.0,51110.0,0.0,0.0,0.0,1,14,No
PRV51064,36.0,267.0,303.0,227,7777.777777777777,300.8239700374532,280000.0,80320.0,5.305555555555555,5.305555555555555,0.1348314606741573,4,39,Yes
PRV51065,10.0,18.0,28.0,26,7500.0,87.22222222222223,75000.0,1570.0,5.6,5.6,0.5555555555555556,1,6,No
PRV51066,2.0,22.0,24.0,21,9500.0,263.1818181818182,19000.0,5790.0,2.0,2.0,0.09090909090909091,1,5,No
PRV51067,12.0,46.0,58.0,49,27166.666666666668,185.2173913043478,326000.0,8520.0,6.583333333333333,6.583333333333333,0.2608695652173913,1,8,Yes
PRV51068,9.0,252.0,261.0,214,8555.555555555555,262.93650793650795,77000.0,66260.0,3.0,3.0,0.03571428571428571,2,15,No
PRV51070,10.0,89.0,99.0,69,10100.0,274.2696629213483,101000.0,24410.0,4.1,4.1,0.11235955056179775,5,20,No
PRV51071,0.0,24.0,24.0,24,0.0,356.25,0.0,8550.0,0.0,0.0,0.0,2,9,No
PRV51072,12.0,200.0,212.0,160,6000.0,235.85,72000.0,47170.0,4.25,4.25,0.06,3,23,No
PRV51074,5.0,34.0,39.0,39,6200.0,299.11764705882354,31000.0,10170.0,2.6,2.6,0.14705882352941177,5,14,No
PRV51075,0.0,17.0,17.0,13,0.0,502.94117647058823,0.0,8550.0,0.0,0.0,0.0,1,5,No
PRV51076,0.0,29.0,29.0,27,0.0,352.7586206896552,0.0,10230.0,0.0,0.0,0.0,1,7,No
PRV51077,16.0,17.0,33.0,30,12437.5,314.70588235294116,199000.0,5350.0,5.9375,5.9375,0.9411764705882353,1,4,Yes
PRV51078,9.0,14.0,23.0,23,8444.444444444445,162.14285714285714,76000.0,2270.0,6.666666666666667,6.666666666666667,0.6428571428571429,1,9,No
PRV51081,6.0,194.0,200.0,131,13166.666666666666,232.37113402061857,79000.0,45080.0,6.0,6.0,0.030927835051546393,2,7,No
PRV51082,0.0,34.0,34.0,31,0.0,160.88235294117646,0.0,5470.0,0.0,0.0,0.0,1,6,No
PRV51083,0.0,90.0,90.0,81,0.0,201.11111111111111,0.0,18100.0,0.0,0.0,0.0,3,15,No
PRV51084,20.0,90.0,110.0,85,9550.0,273.1111111111111,191000.0,24580.0,5.65,5.65,0.2222222222222222,2,17,Yes
PRV51086,31.0,108.0,139.0,115,13322.58064516129,307.1296296296296,413000.0,33170.0,4.838709677419355,4.838709677419355,0.28703703703703703,3,19,No
PRV51089,18.0,210.0,228.0,197,9833.333333333334,256.6666666666667,177000.0,53900.0,5.166666666666667,5.166666666666667,0.08571428571428572,5,41,No
PRV51090,0.0,7.0,7.0,7,0.0,832.8571428571429,0.0,5830.0,0.0,0.0,0.0,1,3,No
PRV51091,0.0,44.0,44.0,44,0.0,210.6818181818182,0.0,9270.0,0.0,0.0,0.0,2,14,No
PRV51093,2.0,7.0,9.0,9,5500.0,387.14285714285717,11000.0,2710.0,6.0,6.0,0.2857142857142857,2,4,No
PRV51096,0.0,5.0,5.0,5,0.0,640.0,0.0,3200.0,0.0,0.0,0.0,1,4,No
PRV51097,0.0,125.0,125.0,71,0.0,355.36,0.0,44420.0,0.0,0.0,0.0,1,8,No
PRV51098,0.0,4.0,4.0,4,0.0,75.0,0.0,300.0,0.0,0.0,0.0,1,2,No
PRV51100,5.0,0.0,5.0,5,15600.0,0.0,78000.0,0.0,6.0,6.0,5.0,1,2,No
PRV51101,3.0,0.0,3.0,3,5533.333333333333,0.0,16600.0,0.0,3.3333333333333335,3.3333333333333335,3.0,1,3,No
PRV51102,12.0,0.0,12.0,11,12333.333333333334,0.0,148000.0,0.0,4.0,4.0,12.0,1,2,No
PRV51103,0.0,6.0,6.0,4,0.0,73.33333333333333,0.0,440.0,0.0,0.0,0.0,1,1,Yes
PRV51104,0.0,12.0,12.0,9,0.0,158.33333333333334,0.0,1900.0,0.0,0.0,0.0,1,1,No
PRV51105,0.0,12.0,12.0,12,0.0,545.0,0.0,6540.0,0.0,0.0,0.0,1,1,No
PRV51108,19.0,0.0,19.0,19,8210.526315789473,0.0,156000.0,0.0,5.2631578947368425,5.2631578947368425,19.0,1,5,No
PRV51109,3.0,0.0,3.0,3,6000.0,0.0,18000.0,0.0,6.333333333333333,6.333333333333333,3.0,1,2,No
PRV51110,5.0,0.0,5.0,5,5400.0,0.0,27000.0,0.0,10.2,10.2,5.0,3,5,No
PRV51111,0.0,132.0,132.0,85,0.0,415.6060606060606,0.0,54860.0,0.0,0.0,0.0,1,4,No
PRV51112,0.0,304.0,304.0,195,0.0,346.2171052631579,0.0,105250.0,0.0,0.0,0.0,1,6,No
PRV51113,0.0,132.0,132.0,78,0.0,351.43939393939394,0.0,46390.0,0.0,0.0,0.0,1,4,No
PRV51114,0.0,262.0,262.0,160,0.0,292.82442748091603,0.0,76720.0,0.0,0.0,0.0,1,7,No
PRV51115,0.0,7.0,7.0,6,0.0,140.0,0.0,980.0,0.0,0.0,0.0,1,2,No
PRV51117,0.0,12.0,12.0,10,0.0,162.5,0.0,1950.0,0.0,0.0,0.0,2,5,No
PRV51118,16.0,0.0,16.0,16,8500.0,0.0,136000.0,0.0,4.25,4.25,16.0,1,5,No
PRV51119,94.0,1.0,95.0,81,10478.72340425532,95580.0,985000.0,95580.0,5.968085106382978,5.9787234042553195,94.0,1,10,Yes
PRV51120,7.0,0.0,7.0,7,7428.571428571428,0.0,52000.0,0.0,4.142857142857143,4.142857142857143,7.0,1,1,No
PRV51121,6.0,1.0,7.0,7,13500.0,80.0,81000.0,80.0,6.5,6.5,6.0,1,3,No
PRV51122,0.0,7.0,7.0,7,0.0,160.0,0.0,1120.0,0.0,0.0,0.0,1,3,No
PRV51123,2.0,29.0,31.0,28,4500.0,617.5862068965517,9000.0,17910.0,2.5,2.5,0.06896551724137931,4,11,No
PRV51125,12.0,36.0,48.0,32,9166.666666666666,591.9444444444445,110000.0,21310.0,4.333333333333333,4.333333333333333,0.3333333333333333,2,11,No
PRV51126,20.0,0.0,20.0,14,8850.0,0.0,177000.0,0.0,6.5,6.5,20.0,1,7,Yes
PRV51128,5.0,45.0,50.0,38,18000.0,271.55555555555554,90000.0,12220.0,6.4,6.4,0.1111111111111111,5,10,No
PRV51129,0.0,96.0,96.0,65,0.0,238.75,0.0,22920.0,0.0,0.0,0.0,9,19,No
PRV51130,0.0,7.0,7.0,7,0.0,710.0,0.0,4970.0,0.0,0.0,0.0,1,3,No
PRV51131,0.0,8.0,8.0,8,0.0,145.0,0.0,1160.0,0.0,0.0,0.0,2,3,No
PRV51132,1.0,7.0,8.0,6,4000.0,190.0,4000.0,1330.0,4.0,4.0,0.14285714285714285,2,4,No
PRV51134,0.0,15.0,15.0,12,0.0,507.3333333333333,0.0,7610.0,0.0,0.0,0.0,1,3,No
PRV51135,0.0,5.0,5.0,2,0.0,60.0,0.0,300.0,0.0,0.0,0.0,1,2,No
PRV51136,1.0,0.0,1.0,1,20000.0,0.0,20000.0,0.0,2.0,2.0,1.0,1,1,No
PRV51137,1.0,54.0,55.0,51,6000.0,186.11111111111111,6000.0,10050.0,7.0,7.0,0.018518518518518517,3,13,No
PRV51138,1.0,25.0,26.0,21,6000.0,297.2,6000.0,7430.0,1.0,1.0,0.04,3,5,No
PRV51139,7.0,36.0,43.0,42,5900.0,313.3333333333333,41300.0,11280.0,3.857142857142857,3.857142857142857,0.19444444444444445,9,17,No
PRV51140,47.0,440.0,487.0,394,6540.425531914893,331.20454545454544,307400.0,145730.0,6.0212765957446805,6.0212765957446805,0.10681818181818181,3,7,No
PRV51141,0.0,71.0,71.0,37,0.0,274.50704225352115,0.0,19490.0,0.0,0.0,0.0,6,10,No
PRV51142,7.0,44.0,51.0,38,13857.142857142857,172.04545454545453,97000.0,7570.0,7.428571428571429,7.428571428571429,0.1590909090909091,2,6,No
PRV51143,0.0,77.0,77.0,68,0.0,265.5844155844156,0.0,20450.0,0.0,0.0,0.0,10,17,No
PRV51144,4.0,26.0,30.0,29,13250.0,316.15384615384613,53000.0,8220.0,5.0,5.0,0.15384615384615385,3,10,No
PRV51145,161.0,41.0,202.0,161,9941.614906832297,140.2439024390244,1600600.0,5750.0,5.937888198757764,5.937888198757764,3.926829268292683,7,15,Yes
PRV51146,162.0,190.0,352.0,334,9988.888888888889,330.05263157894734,1618200.0,62710.0,5.049382716049383,5.049382716049383,0.8526315789473684,25,49,Yes
PRV51147,0.0,32.0,32.0,32,0.0,276.875,0.0,8860.0,0.0,0.0,0.0,5,11,No
PRV51148,34.0,296.0,330.0,263,11717.64705882353,304.93243243243245,398400.0,90260.0,4.029411764705882,4.029411764705882,0.11486486486486487,12,25,Yes
PRV51149,116.0,32.0,148.0,136,9594.827586206897,240.0,1113000.0,7680.0,5.612068965517241,5.612068965517241,3.625,5,14,Yes
PRV51151,22.0,211.0,233.0,225,6454.545454545455,281.042654028436,142000.0,59300.0,4.181818181818182,4.181818181818182,0.10426540284360189,21,47,No
PRV51152,0.0,83.0,83.0,39,0.0,310.48192771084337,0.0,25770.0,0.0,0.0,0.0,2,3,No
PRV51153,4.0,83.0,87.0,83,12750.0,246.86746987951807,51000.0,20490.0,8.75,8.75,0.04819277108433735,14,26,No
PRV51154,0.0,161.0,161.0,147,0.0,284.16149068322983,0.0,45750.0,0.0,0.0,0.0,4,11,No
PRV51155,0.0,115.0,115.0,110,0.0,228.95652173913044,0.0,26330.0,0.0,0.0,0.0,2,3,No
PRV51156,0.0,542.0,542.0,425,0.0,259.48339483394835,0.0,140640.0,0.0,0.0,0.0,2,9,No
PRV51159,65.0,504.0,569.0,506,9779.384615384615,321.68650793650795,635660.0,162130.0,5.630769230769231,5.630769230769231,0.12896825396825398,19,53,Yes
PRV51160,90.0,24.0,114.0,110,9622.222222222223,250.83333333333334,866000.0,6020.0,5.655555555555556,5.655555555555556,3.75,5,10,No
PRV51164,41.0,350.0,391.0,334,10804.878048780487,325.65714285714284,443000.0,113980.0,6.2926829268292686,6.2926829268292686,0.11714285714285715,5,13,No
PRV51165,26.0,72.0,98.0,97,11769.23076923077,329.1666666666667,306000.0,23700.0,6.576923076923077,6.576923076923077,0.3611111111111111,13,33,No
PRV51166,1.0,4.0,5.0,5,22000.0,717.5,22000.0,2870.0,16.0,16.0,0.25,2,4,No
PRV51167,0.0,190.0,190.0,182,0.0,273.57894736842104,0.0,51980.0,0.0,0.0,0.0,16,33,No
PRV51168,9.0,78.0,87.0,86,7000.0,223.97435897435898,63000.0,17470.0,5.222222222222222,5.222222222222222,0.11538461538461539,7,13,No
PRV51169,0.0,77.0,77.0,74,0.0,251.6883116883117,0.0,19380.0,0.0,0.0,0.0,17,31,No
PRV51170,8.0,8.0,16.0,16,18125.0,102.5,145000.0,820.0,6.25,6.25,1.0,4,9,Yes
PRV51171,0.0,59.0,59.0,59,0.0,234.23728813559322,0.0,13820.0,0.0,0.0,0.0,16,24,No
PRV51173,7.0,15.0,22.0,21,12857.142857142857,419.3333333333333,90000.0,6290.0,7.857142857142857,7.857142857142857,0.4666666666666667,4,10,Yes
PRV51175,0.0,41.0,41.0,39,0.0,235.3658536585366,0.0,9650.0,0.0,0.0,0.0,5,10,No
PRV51176,0.0,445.0,445.0,399,0.0,328.0449438202247,0.0,145980.0,0.0,0.0,0.0,29,54,No
PRV51178,34.0,31.0,65.0,64,12411.764705882353,296.1290322580645,422000.0,9180.0,7.970588235294118,7.970588235294118,1.096774193548387,6,12,Yes
PRV51179,0.0,26.0,26.0,26,0.0,192.30769230769232,0.0,5000.0,0.0,0.0,0.0,2,7,No
PRV51180,2.0,127.0,129.0,86,23500.0,371.9685039370079,47000.0,47240.0,1.5,1.5,0.015748031496062992,2,5,No
PRV51181,0.0,10.0,10.0,10,0.0,215.0,0.0,2150.0,0.0,0.0,0.0,2,3,No
PRV51183,41.0,72.0,113.0,105,8214.634146341463,263.75,336800.0,18990.0,4.658536585365853,4.658536585365853,0.5694444444444444,13,18,No
PRV51185,0.0,8.0,8.0,8,0.0,198.75,0.0,1590.0,0.0,0.0,0.0,1,2,No
PRV51186,0.0,2.0,2.0,2,0.0,50.0,0.0,100.0,0.0,0.0,0.0,1,2,No
PRV51189,0.0,56.0,56.0,51,0.0,156.07142857142858,0.0,8740.0,0.0,0.0,0.0,4,5,No
PRV51190,3.0,63.0,66.0,64,8000.0,243.015873015873,24000.0,15310.0,3.6666666666666665,3.6666666666666665,0.047619047619047616,5,13,No
PRV51191,0.0,32.0,32.0,30,0.0,343.4375,0.0,10990.0,0.0,0.0,0.0,6,11,No
PRV51194,2.0,7.0,9.0,9,9000.0,77.14285714285714,18000.0,540.0,3.0,3.0,0.2857142857142857,2,4,No
PRV51196,0.0,720.0,720.0,432,0.0,273.69444444444446,0.0,197060.0,0.0,0.0,0.0,1,4,No
PRV51198,0.0,6.0,6.0,3,0.0,60.0,0.0,360.0,0.0,0.0,0.0,2,2,No
PRV51200,0.0,19.0,19.0,16,0.0,232.6315789473684,0.0,4420.0,0.0,0.0,0.0,2,4,No
PRV51201,0.0,45.0,45.0,41,0.0,236.88888888888889,0.0,10660.0,0.0,0.0,0.0,5,9,No
PRV51202,0.0,12.0,12.0,12,0.0,417.5,0.0,5010.0,0.0,0.0,0.0,1,2,No
PRV51203,0.0,21.0,21.0,20,0.0,730.4761904761905,0.0,15340.0,0.0,0.0,0.0,1,4,No
PRV51204,0.0,499.0,499.0,398,0.0,310.9819639278557,0.0,155180.0,0.0,0.0,0.0,5,7,No
PRV51205,0.0,10.0,10.0,10,0.0,466.0,0.0,4660.0,0.0,0.0,0.0,2,5,No
PRV51206,0.0,10.0,10.0,10,0.0,156.0,0.0,1560.0,0.0,0.0,0.0,2,5,No
PRV51207,3.0,0.0,3.0,3,17000.0,0.0,51000.0,0.0,14.0,14.0,3.0,1,2,No
PRV51209,0.0,42.0,42.0,38,0.0,235.95238095238096,0.0,9910.0,0.0,0.0,0.0,1,2,No
PRV51210,0.0,9.0,9.0,9,0.0,321.1111111111111,0.0,2890.0,0.0,0.0,0.0,1,1,No
PRV51211,0.0,2.0,2.0,2,0.0,50.0,0.0,100.0,0.0,0.0,0.0,1,1,No
PRV51212,0.0,15.0,15.0,15,0.0,417.3333333333333,0.0,6260.0,0.0,0.0,0.0,1,1,No
PRV51213,0.0,2.0,2.0,2,0.0,25.0,0.0,50.0,0.0,0.0,0.0,1,1,No
PRV51214,0.0,8.0,8.0,8,0.0,400.0,0.0,3200.0,0.0,0.0,0.0,1,1,No
PRV51215,0.0,10.0,10.0,10,0.0,161.0,0.0,1610.0,0.0,0.0,0.0,1,1,No
PRV51216,0.0,71.0,71.0,66,0.0,219.1549295774648,0.0,15560.0,0.0,0.0,0.0,3,5,No
PRV51217,0.0,5.0,5.0,5,0.0,586.0,0.0,2930.0,0.0,0.0,0.0,1,1,No
PRV51218,0.0,7.0,7.0,7,0.0,74.28571428571429,0.0,520.0,0.0,0.0,0.0,1,1,No
PRV51219,0.0,8.0,8.0,8,0.0,666.25,0.0,5330.0,0.0,0.0,0.0,1,1,No
PRV51221,0.0,1.0,1.0,1,0.0,70.0,0.0,70.0,0.0,0.0,0.0,1,1,No
PRV51222,0.0,5.0,5.0,3,0.0,172.0,0.0,860.0,0.0,0.0,0.0,1,2,No
PRV51224,0.0,7.0,7.0,7,0.0,447.14285714285717,0.0,3130.0,0.0,0.0,0.0,1,1,No
PRV51225,0.0,8.0,8.0,8,0.0,148.75,0.0,1190.0,0.0,0.0,0.0,1,2,No
PRV51226,0.0,20.0,20.0,19,0.0,371.5,0.0,7430.0,0.0,0.0,0.0,1,1,No
PRV51228,0.0,5.0,5.0,5,0.0,86.0,0.0,430.0,0.0,0.0,0.0,1,1,No
PRV51229,0.0,47.0,47.0,44,0.0,264.0425531914894,0.0,12410.0,0.0,0.0,0.0,1,1,No
PRV51230,0.0,30.0,30.0,30,0.0,416.3333333333333,0.0,12490.0,0.0,0.0,0.0,2,3,No
PRV51231,2.0,0.0,2.0,2,8000.0,0.0,16000.0,0.0,9.5,9.5,2.0,1,1,No
PRV51232,1.0,0.0,1.0,1,26000.0,0.0,26000.0,0.0,9.0,9.0,1.0,1,1,No
PRV51233,3.0,0.0,3.0,3,9000.0,0.0,27000.0,0.0,4.333333333333333,4.333333333333333,3.0,1,3,No
PRV51234,5.0,0.0,5.0,5,5800.0,0.0,29000.0,0.0,8.2,8.2,5.0,1,2,No
PRV51235,2.0,0.0,2.0,2,5000.0,0.0,10000.0,0.0,2.5,2.5,2.0,1,1,No
PRV51236,1.0,0.0,1.0,1,12000.0,0.0,12000.0,0.0,1.0,1.0,1.0,1,1,No
PRV51237,1.0,0.0,1.0,1,19000.0,0.0,19000.0,0.0,1.0,1.0,1.0,1,1,No
PRV51238,8.0,0.0,8.0,8,16500.0,0.0,132000.0,0.0,13.625,13.625,8.0,1,3,No
PRV51239,1.0,0.0,1.0,1,5000.0,0.0,5000.0,0.0,3.0,3.0,1.0,1,1,No
PRV51240,11.0,49.0,60.0,38,7363.636363636364,265.7142857142857,81000.0,13020.0,5.545454545454546,5.545454545454546,0.22448979591836735,2,9,No
PRV51241,10.0,50.0,60.0,47,7800.0,244.2,78000.0,12210.0,6.8,6.8,0.2,5,13,No
PRV51242,11.0,100.0,111.0,87,8000.0,292.0,88000.0,29200.0,5.545454545454546,5.545454545454546,0.11,4,20,Yes
PRV51243,0.0,36.0,36.0,15,0.0,175.83333333333334,0.0,6330.0,0.0,0.0,0.0,2,6,No
PRV51244,200.0,1215.0,1415.0,659,8980.5,294.559670781893,1796100.0,357890.0,5.885,5.885,0.1646090534979424,3,57,Yes
PRV51245,4.0,169.0,173.0,58,5000.0,376.50887573964496,20000.0,63630.0,2.75,2.75,0.023668639053254437,3,7,No
PRV51247,10.0,24.0,34.0,26,7400.0,93.33333333333333,74000.0,2240.0,3.8,3.8,0.4166666666666667,1,7,No
PRV51248,1.0,1.0,2.0,2,23000.0,500.0,23000.0,500.0,6.0,6.0,1.0,1,2,No
PRV51249,51.0,75.0,126.0,101,9921.56862745098,204.4,506000.0,15330.0,7.215686274509804,7.294117647058823,0.68,4,19,Yes
PRV51250,0.0,85.0,85.0,71,0.0,265.4117647058824,0.0,22560.0,0.0,0.0,0.0,1,15,No
PRV51251,0.0,11.0,11.0,10,0.0,326.3636363636364,0.0,3590.0,0.0,0.0,0.0,2,10,No
PRV51252,18.0,69.0,87.0,76,7888.888888888889,187.3913043478261,142000.0,12930.0,4.111111111111111,4.111111111111111,0.2608695652173913,5,17,No
PRV51253,0.0,85.0,85.0,76,0.0,255.76470588235293,0.0,21740.0,0.0,0.0,0.0,6,17,No
PRV51255,2.0,72.0,74.0,62,5500.0,410.69444444444446,11000.0,29570.0,5.0,5.0,0.027777777777777776,2,11,No
PRV51256,0.0,95.0,95.0,80,0.0,405.7894736842105,0.0,38550.0,0.0,0.0,0.0,2,28,No
PRV51258,8.0,6.0,14.0,12,12250.0,276.6666666666667,98000.0,1660.0,4.5,4.5,1.3333333333333333,1,5,No
PRV51259,4.0,17.0,21.0,19,37500.0,115.29411764705883,150000.0,1960.0,6.25,6.25,0.23529411764705882,2,7,No
PRV51260,3.0,59.0,62.0,55,26000.0,243.89830508474577,78000.0,14390.0,8.666666666666666,8.666666666666666,0.05084745762711865,2,14,No
PRV51261,26.0,116.0,142.0,123,9423.076923076924,216.98275862068965,245000.0,25170.0,5.576923076923077,5.576923076923077,0.22413793103448276,6,26,No
PRV51262,0.0,60.0,60.0,52,0.0,271.1666666666667,0.0,16270.0,0.0,0.0,0.0,2,11,No
PRV51263,18.0,26.0,44.0,37,11666.666666666666,314.2307692307692,210000.0,8170.0,9.166666666666666,9.166666666666666,0.6923076923076923,1,7,Yes
PRV51264,0.0,39.0,39.0,35,0.0,135.12820512820514,0.0,5270.0,0.0,0.0,0.0,3,19,No
PRV51265,0.0,160.0,160.0,84,0.0,286.0625,0.0,45770.0,0.0,0.0,0.0,1,8,No
PRV51266,10.0,82.0,92.0,82,7830.0,300.0,78300.0,24600.0,6.9,6.9,0.12195121951219512,7,26,No
PRV51267,2.0,12.0,14.0,14,4500.0,322.5,9000.0,3870.0,3.0,3.0,0.16666666666666666,2,5,No
PRV51271,2.0,121.0,123.0,90,8500.0,216.36363636363637,17000.0,26180.0,4.0,4.0,0.01652892561983471,3,12,No
PRV51272,2.0,77.0,79.0,31,11000.0,373.5064935064935,22000.0,28760.0,3.0,3.0,0.025974025974025976,2,5,No
PRV51273,0.0,553.0,553.0,387,0.0,237.50452079566003,0.0,131340.0,0.0,0.0,0.0,12,62,No
PRV51274,10.0,48.0,58.0,48,16500.0,223.33333333333334,165000.0,10720.0,3.6,3.6,0.20833333333333334,1,19,No
PRV51276,14.0,53.0,67.0,60,8285.714285714286,339.24528301886795,116000.0,17980.0,4.357142857142857,4.357142857142857,0.2641509433962264,4,20,No
PRV51277,10.0,49.0,59.0,54,12100.0,412.0408163265306,121000.0,20190.0,5.0,5.0,0.20408163265306123,5,10,No
PRV51279,0.0,224.0,224.0,186,0.0,267.14285714285717,0.0,59840.0,0.0,0.0,0.0,1,25,No
PRV51280,0.0,39.0,39.0,34,0.0,519.2307692307693,0.0,20250.0,0.0,0.0,0.0,1,13,No
PRV51281,0.0,259.0,259.0,200,0.0,345.44401544401546,0.0,89470.0,0.0,0.0,0.0,1,32,No
PRV51282,8.0,51.0,59.0,51,8250.0,222.15686274509804,66000.0,11330.0,3.375,3.625,0.1568627450980392,2,16,No
PRV51284,17.0,360.0,377.0,223,10705.882352941177,271.8333333333333,182000.0,97860.0,5.764705882352941,5.764705882352941,0.04722222222222222,1,13,No
PRV51285,15.0,153.0,168.0,109,10733.333333333334,229.54248366013073,161000.0,35120.0,7.333333333333333,7.333333333333333,0.09803921568627451,2,20,No
PRV51286,15.0,55.0,70.0,62,9066.666666666666,166.72727272727272,136000.0,9170.0,5.2,5.2,0.2727272727272727,2,8,No
PRV51287,0.0,78.0,78.0,46,0.0,329.4871794871795,0.0,25700.0,0.0,0.0,0.0,1,8,No
PRV51288,3.0,5.0,8.0,8,12333.333333333334,72.0,37000.0,360.0,3.3333333333333335,3.3333333333333335,0.6,2,4,No
PRV51289,0.0,92.0,92.0,38,0.0,503.2608695652174,0.0,46300.0,0.0,0.0,0.0,2,6,No
PRV51290,0.0,113.0,113.0,81,0.0,132.65486725663717,0.0,14990.0,0.0,0.0,0.0,1,12,No
PRV51292,0.0,22.0,22.0,16,0.0,180.45454545454547,0.0,3970.0,0.0,0.0,0.0,1,5,No
PRV51293,0.0,88.0,88.0,64,0.0,240.9090909090909,0.0,21200.0,0.0,0.0,0.0,1,12,No
PRV51295,0.0,7.0,7.0,6,0.0,278.57142857142856,0.0,1950.0,0.0,0.0,0.0,2,3,No
PRV51296,3.0,27.0,30.0,27,11000.0,208.5185185185185,33000.0,5630.0,11.666666666666666,11.666666666666666,0.1111111111111111,2,6,No
PRV51297,5.0,65.0,70.0,46,10200.0,401.38461538461536,51000.0,26090.0,2.6,2.6,0.07692307692307693,1,6,No
PRV51298,0.0,100.0,100.0,53,0.0,311.2,0.0,31120.0,0.0,0.0,0.0,1,8,No
PRV51299,0.0,37.0,37.0,27,0.0,168.3783783783784,0.0,6230.0,0.0,0.0,0.0,1,3,No
PRV51300,7.0,45.0,52.0,32,13285.714285714286,323.1111111111111,93000.0,14540.0,3.5714285714285716,3.5714285714285716,0.15555555555555556,1,4,No
PRV51301,6.0,106.0,112.0,63,18000.0,272.7358490566038,108000.0,28910.0,9.666666666666666,9.666666666666666,0.05660377358490566,1,6,No
PRV51302,10.0,33.0,43.0,34,7600.0,142.72727272727272,76000.0,4710.0,3.9,3.9,0.30303030303030304,1,9,No
PRV51303,0.0,93.0,93.0,49,0.0,388.2795698924731,0.0,36110.0,0.0,0.0,0.0,3,8,No
PRV51304,2.0,49.0,51.0,39,14000.0,231.6326530612245,28000.0,11350.0,4.0,4.0,0.04081632653061224,1,6,No
PRV51305,11.0,38.0,49.0,29,8909.09090909091,405.2631578947368,98000.0,15400.0,6.2727272727272725,6.2727272727272725,0.2894736842105263,2,5,No
PRV51306,0.0,17.0,17.0,13,0.0,217.64705882352942,0.0,3700.0,0.0,0.0,0.0,2,3,No
PRV51307,0.0,37.0,37.0,21,0.0,187.56756756756758,0.0,6940.0,0.0,0.0,0.0,2,4,No
PRV51308,0.0,35.0,35.0,31,0.0,394.0,0.0,13790.0,0.0,0.0,0.0,2,6,No
PRV51309,0.0,18.0,18.0,17,0.0,210.55555555555554,0.0,3790.0,0.0,0.0,0.0,2,5,No
PRV51311,3.0,18.0,21.0,18,4333.333333333333,167.22222222222223,13000.0,3010.0,4.0,4.0,0.16666666666666666,1,3,No
PRV51312,4.0,42.0,46.0,29,4750.0,233.0952380952381,19000.0,9790.0,4.25,4.25,0.09523809523809523,3,10,No
PRV51313,0.0,19.0,19.0,16,0.0,261.57894736842104,0.0,4970.0,0.0,0.0,0.0,1,5,No
PRV51314,0.0,30.0,30.0,20,0.0,215.33333333333334,0.0,6460.0,0.0,0.0,0.0,1,4,No
PRV51315,0.0,47.0,47.0,22,0.0,153.40425531914894,0.0,7210.0,0.0,0.0,0.0,1,4,No
PRV51316,3.0,0.0,3.0,3,7000.0,0.0,21000.0,0.0,9.333333333333334,9.333333333333334,3.0,1,1,No
PRV51318,3.0,0.0,3.0,3,4333.333333333333,0.0,13000.0,0.0,3.6666666666666665,3.6666666666666665,3.0,1,2,No
PRV51322,0.0,12.0,12.0,11,0.0,70.83333333333333,0.0,850.0,0.0,0.0,0.0,1,1,No
PRV51323,0.0,76.0,76.0,32,0.0,274.4736842105263,0.0,20860.0,0.0,0.0,0.0,1,2,No
PRV51324,0.0,28.0,28.0,25,0.0,333.2142857142857,0.0,9330.0,0.0,0.0,0.0,1,1,No
PRV51325,0.0,15.0,15.0,5,0.0,1009.3333333333334,0.0,15140.0,0.0,0.0,0.0,1,1,No
PRV51326,0.0,44.0,44.0,22,0.0,318.1818181818182,0.0,14000.0,0.0,0.0,0.0,1,3,No
PRV51327,0.0,41.0,41.0,27,0.0,219.26829268292684,0.0,8990.0,0.0,0.0,0.0,1,1,No
PRV51328,0.0,7.0,7.0,5,0.0,78.57142857142857,0.0,550.0,0.0,0.0,0.0,1,1,No
PRV51329,0.0,74.0,74.0,28,0.0,261.6216216216216,0.0,19360.0,0.0,0.0,0.0,1,2,No
PRV51330,0.0,19.0,19.0,9,0.0,200.52631578947367,0.0,3810.0,0.0,0.0,0.0,1,1,No
PRV51331,0.0,5.0,5.0,4,0.0,64.0,0.0,320.0,0.0,0.0,0.0,1,2,No
PRV51334,2.0,0.0,2.0,2,7500.0,0.0,15000.0,0.0,4.5,4.5,2.0,1,1,No
PRV51335,0.0,142.0,142.0,92,0.0,324.50704225352115,0.0,46080.0,0.0,0.0,0.0,1,10,No
PRV51336,10.0,59.0,69.0,69,11600.0,227.96610169491527,116000.0,13450.0,5.9,5.9,0.1694915254237288,5,17,No
PRV51337,40.0,128.0,168.0,155,8750.0,227.34375,350000.0,29100.0,5.075,5.075,0.3125,5,17,Yes
PRV51338,7.0,121.0,128.0,124,10428.57142857143,337.68595041322317,73000.0,40860.0,5.428571428571429,5.428571428571429,0.05785123966942149,11,29,Yes
PRV51340,0.0,151.0,151.0,141,0.0,286.158940397351,0.0,43210.0,0.0,0.0,0.0,7,32,No
PRV51341,0.0,71.0,71.0,70,0.0,204.64788732394365,0.0,14530.0,0.0,0.0,0.0,5,13,No
PRV51342,28.0,179.0,207.0,179,11392.857142857143,211.0614525139665,319000.0,37780.0,6.178571428571429,6.178571428571429,0.1564245810055866,2,28,No
PRV51344,2.0,31.0,33.0,33,9500.0,233.8709677419355,19000.0,7250.0,6.0,6.0,0.06451612903225806,2,9,No
PRV51345,0.0,49.0,49.0,47,0.0,308.57142857142856,0.0,15120.0,0.0,0.0,0.0,1,6,No
PRV51346,5.0,261.0,266.0,246,8200.0,243.25670498084293,41000.0,63490.0,4.2,4.2,0.019157088122605363,6,25,No
PRV51347,0.0,2067.0,2067.0,947,0.0,288.7760038703435,0.0,596900.0,0.0,0.0,0.0,5,15,Yes
PRV51348,19.0,36.0,55.0,54,7684.210526315789,175.83333333333334,146000.0,6330.0,4.526315789473684,4.526315789473684,0.5277777777777778,3,16,No
PRV51349,5.0,25.0,30.0,28,7400.0,139.2,37000.0,3480.0,12.2,12.2,0.2,3,8,No
PRV51350,21.0,218.0,239.0,232,6761.9047619047615,327.43119266055044,142000.0,71380.0,4.476190476190476,4.476190476190476,0.0963302752293578,8,30,No
PRV51351,0.0,32.0,32.0,32,0.0,338.75,0.0,10840.0,0.0,0.0,0.0,2,7,No
PRV51352,0.0,4.0,4.0,4,0.0,1475.0,0.0,5900.0,0.0,0.0,0.0,1,3,No
PRV51353,5.0,13.0,18.0,17,10000.0,93.07692307692308,50000.0,1210.0,5.4,5.4,0.38461538461538464,1,5,No
PRV51354,1.0,3.0,4.0,4,10000.0,146.66666666666666,10000.0,440.0,17.0,17.0,0.3333333333333333,1,2,No
PRV51355,15.0,59.0,74.0,69,8940.0,185.76271186440678,134100.0,10960.0,4.266666666666667,4.266666666666667,0.2542372881355932,1,13,No
PRV51356,17.0,78.0,95.0,91,9823.529411764706,266.6666666666667,167000.0,20800.0,4.176470588235294,4.176470588235294,0.21794871794871795,3,18,No
PRV51357,13.0,148.0,161.0,149,13076.923076923076,237.36486486486487,170000.0,35130.0,7.6923076923076925,7.6923076923076925,0.08783783783783784,3,21,Yes
PRV51358,7.0,10.0,17.0,17,8571.42857142857,121.0,60000.0,1210.0,2.857142857142857,2.857142857142857,0.7,1,6,No
PRV51360,9.0,20.0,29.0,29,9555.555555555555,411.5,86000.0,8230.0,4.333333333333333,4.333333333333333,0.45,2,8,No
PRV51361,0.0,32.0,32.0,32,0.0,245.9375,0.0,7870.0,0.0,0.0,0.0,2,6,No
PRV51362,6.0,38.0,44.0,44,23500.0,271.57894736842104,141000.0,10320.0,4.833333333333333,4.833333333333333,0.15789473684210525,4,12,No
PRV51363,0.0,3.0,3.0,3,0.0,50.0,0.0,150.0,0.0,0.0,0.0,2,3,No
PRV51364,6.0,17.0,23.0,23,8666.666666666666,225.2941176470588,52000.0,3830.0,3.1666666666666665,3.1666666666666665,0.35294117647058826,1,5,No
PRV51366,0.0,57.0,57.0,53,0.0,321.7543859649123,0.0,18340.0,0.0,0.0,0.0,2,12,No
PRV51368,0.0,4.0,4.0,4,0.0,142.5,0.0,570.0,0.0,0.0,0.0,1,2,No
PRV51369,0.0,2083.0,2083.0,963,0.0,288.96303408545367,0.0,601910.0,0.0,0.0,0.0,6,20,Yes
PRV51371,11.0,35.0,46.0,45,7581.818181818182,278.0,83400.0,9730.0,4.818181818181818,4.818181818181818,0.3142857142857143,2,13,No
PRV51376,0.0,51.0,51.0,48,0.0,380.7843137254902,0.0,19420.0,0.0,0.0,0.0,2,9,No
PRV51377,3.0,92.0,95.0,94,34000.0,238.58695652173913,102000.0,21950.0,6.666666666666667,6.666666666666667,0.03260869565217391,4,11,No
PRV51378,108.0,53.0,161.0,133,11129.62962962963,252.26415094339623,1202000.0,13370.0,6.0092592592592595,6.0092592592592595,2.0377358490566038,3,19,Yes
PRV51379,2.0,20.0,22.0,22,6500.0,317.0,13000.0,6340.0,2.5,2.5,0.1,1,6,No
PRV51380,4.0,4.0,8.0,8,12750.0,140.0,51000.0,560.0,4.25,4.25,1.0,2,5,No
PRV51382,0.0,16.0,16.0,16,0.0,427.5,0.0,6840.0,0.0,0.0,0.0,1,5,No
PRV51383,9.0,68.0,77.0,77,9888.888888888889,286.61764705882354,89000.0,19490.0,3.0,3.0,0.1323529411764706,1,13,No
PRV51386,0.0,382.0,382.0,274,0.0,260.0,0.0,99320.0,0.0,0.0,0.0,5,19,No
PRV51387,13.0,46.0,59.0,51,7384.615384615385,400.4347826086956,96000.0,18420.0,3.3076923076923075,3.3076923076923075,0.2826086956521739,1,12,No
PRV51388,14.0,72.0,86.0,81,11357.142857142857,444.5833333333333,159000.0,32010.0,6.142857142857143,6.142857142857143,0.19444444444444445,3,19,No
PRV51389,18.0,61.0,79.0,77,7555.555555555556,286.39344262295083,136000.0,17470.0,5.055555555555555,5.055555555555555,0.29508196721311475,3,20,No
PRV51390,164.0,111.0,275.0,253,9619.512195121952,267.2072072072072,1577600.0,29660.0,5.9939024390243905,5.9939024390243905,1.4774774774774775,13,40,Yes
PRV51391,13.0,164.0,177.0,166,6115.384615384615,395.7317073170732,79500.0,64900.0,5.769230769230769,5.769230769230769,0.07926829268292683,4,23,No
PRV51392,0.0,17.0,17.0,15,0.0,97.6470588235294,0.0,1660.0,0.0,0.0,0.0,1,6,No
PRV51393,68.0,842.0,910.0,329,10514.70588235294,227.28028503562945,715000.0,191370.0,6.044117647058823,6.044117647058823,0.08076009501187649,6,20,Yes
PRV51394,0.0,4.0,4.0,4,0.0,115.0,0.0,460.0,0.0,0.0,0.0,1,3,No
PRV51395,0.0,20.0,20.0,20,0.0,520.0,0.0,10400.0,0.0,0.0,0.0,1,4,No
PRV51396,3.0,41.0,44.0,43,3666.6666666666665,159.02439024390245,11000.0,6520.0,4.0,4.0,0.07317073170731707,2,8,No
PRV51397,0.0,40.0,40.0,40,0.0,446.75,0.0,17870.0,0.0,0.0,0.0,3,9,No
PRV51398,1.0,85.0,86.0,59,4000.0,318.11764705882354,4000.0,27040.0,4.0,4.0,0.011764705882352941,3,6,No
PRV51399,65.0,146.0,211.0,199,10944.615384615385,915.5479452054794,711400.0,133670.0,5.861538461538461,5.861538461538461,0.4452054794520548,9,23,Yes
PRV51401,8.0,34.0,42.0,42,9750.0,397.6470588235294,78000.0,13520.0,7.25,7.25,0.23529411764705882,8,19,Yes
PRV51403,10.0,104.0,114.0,101,25400.0,221.25,254000.0,23010.0,6.9,6.9,0.09615384615384616,3,14,No
PRV51404,1.0,58.0,59.0,59,12000.0,299.13793103448273,12000.0,17350.0,6.0,6.0,0.017241379310344827,5,18,No
PRV51405,2.0,47.0,49.0,47,4500.0,312.97872340425533,9000.0,14710.0,3.5,3.5,0.0425531914893617,2,9,No
PRV51406,8.0,21.0,29.0,29,11875.0,440.95238095238096,95000.0,9260.0,4.375,4.375,0.38095238095238093,3,10,No
PRV51408,0.0,15.0,15.0,15,0.0,92.66666666666667,0.0,1390.0,0.0,0.0,0.0,2,8,No
PRV51409,0.0,4.0,4.0,4,0.0,75.0,0.0,300.0,0.0,0.0,0.0,2,3,No
PRV51410,0.0,628.0,628.0,186,0.0,282.7229299363057,0.0,177550.0,0.0,0.0,0.0,2,5,Yes
PRV51412,0.0,5.0,5.0,5,0.0,88.0,0.0,440.0,0.0,0.0,0.0,1,4,No
PRV51414,3.0,25.0,28.0,28,9333.333333333334,89.2,28000.0,2230.0,6.0,6.0,0.12,2,5,No
PRV51415,7.0,44.0,51.0,50,6857.142857142857,356.59090909090907,48000.0,15690.0,4.285714285714286,4.285714285714286,0.1590909090909091,7,16,No
PRV51416,0.0,81.0,81.0,79,0.0,316.5432098765432,0.0,25640.0,0.0,0.0,0.0,1,1,No
PRV51418,17.0,44.0,61.0,61,10352.941176470587,303.1818181818182,176000.0,13340.0,7.235294117647059,7.235294117647059,0.38636363636363635,4,11,No
PRV51419,2.0,63.0,65.0,64,8500.0,226.1904761904762,17000.0,14250.0,2.5,2.5,0.031746031746031744,1,9,No
PRV51421,84.0,55.0,139.0,135,10285.714285714286,377.8181818181818,864000.0,20780.0,6.071428571428571,6.071428571428571,1.5272727272727273,5,24,Yes
PRV51422,4.0,21.0,25.0,25,9750.0,472.85714285714283,39000.0,9930.0,2.5,2.5,0.19047619047619047,2,12,No
PRV51423,0.0,1.0,1.0,1,0.0,50.0,0.0,50.0,0.0,0.0,0.0,1,1,No
PRV51424,1.0,85.0,86.0,82,6000.0,278.47058823529414,6000.0,23670.0,3.0,3.0,0.011764705882352941,2,12,No
PRV51425,3.0,30.0,33.0,33,3666.6666666666665,499.6666666666667,11000.0,14990.0,3.3333333333333335,3.3333333333333335,0.1,1,5,No
PRV51426,6.0,200.0,206.0,91,17666.666666666668,195.5,106000.0,39100.0,6.833333333333333,6.833333333333333,0.03,1,19,Yes
PRV51427,5.0,53.0,58.0,56,7600.0,391.8867924528302,38000.0,20770.0,4.6,4.6,0.09433962264150944,4,15,No
PRV51428,4.0,62.0,66.0,66,7750.0,274.83870967741933,31000.0,17040.0,3.0,3.0,0.06451612903225806,4,15,No
PRV51429,0.0,10.0,10.0,10,0.0,110.0,0.0,1100.0,0.0,0.0,0.0,2,5,No
PRV51430,17.0,95.0,112.0,101,10941.176470588236,291.57894736842104,186000.0,27700.0,4.352941176470588,4.352941176470588,0.17894736842105263,6,19,No
PRV51431,25.0,24.0,49.0,42,8800.0,696.6666666666666,220000.0,16720.0,6.2,6.2,1.0416666666666667,1,5,No
PRV51432,7.0,16.0,23.0,23,8000.0,204.375,56000.0,3270.0,2.4285714285714284,2.4285714285714284,0.4375,1,7,No
PRV51433,0.0,1610.0,1610.0,862,0.0,282.37888198757764,0.0,454630.0,0.0,0.0,0.0,5,15,Yes
PRV51434,24.0,78.0,102.0,97,10791.666666666666,275.5128205128205,259000.0,21490.0,6.041666666666667,6.041666666666667,0.3076923076923077,3,15,Yes
PRV51435,6.0,17.0,23.0,23,4700.0,318.8235294117647,28200.0,5420.0,2.1666666666666665,2.1666666666666665,0.35294117647058826,1,9,No
PRV51436,25.0,95.0,120.0,116,6840.0,235.89473684210526,171000.0,22410.0,4.92,4.92,0.2631578947368421,2,27,No
PRV51437,0.0,2.0,2.0,2,0.0,440.0,0.0,880.0,0.0,0.0,0.0,1,2,No
PRV51438,2.0,7.0,9.0,9,7500.0,644.2857142857143,15000.0,4510.0,4.5,4.5,0.2857142857142857,1,5,No
PRV51439,0.0,42.0,42.0,41,0.0,358.0952380952381,0.0,15040.0,0.0,0.0,0.0,1,11,No
PRV51440,7.0,64.0,71.0,71,11428.57142857143,412.1875,80000.0,26380.0,6.714285714285714,6.714285714285714,0.109375,6,19,No
PRV51441,0.0,85.0,85.0,79,0.0,342.70588235294116,0.0,29130.0,0.0,0.0,0.0,2,13,No
PRV51442,2.0,4.0,6.0,6,12500.0,242.5,25000.0,970.0,4.0,4.0,0.5,1,3,No
PRV51443,2.0,71.0,73.0,72,6000.0,308.4507042253521,12000.0,21900.0,4.5,4.5,0.028169014084507043,3,12,No
PRV51444,4.0,38.0,42.0,40,16000.0,261.05263157894734,64000.0,9920.0,4.75,4.75,0.10526315789473684,1,8,No
PRV51446,12.0,12.0,24.0,24,7833.333333333333,282.5,94000.0,3390.0,5.166666666666667,5.166666666666667,1.0,4,8,No
PRV51447,16.0,73.0,89.0,80,15375.0,320.4109589041096,246000.0,23390.0,6.8125,6.8125,0.2191780821917808,9,23,Yes
PRV51448,11.0,40.0,51.0,47,9272.727272727272,338.75,102000.0,13550.0,4.363636363636363,4.363636363636363,0.275,4,10,No
PRV51449,9.0,8.0,17.0,17,7666.666666666667,97.5,69000.0,780.0,5.333333333333333,5.333333333333333,1.125,2,6,No
PRV51451,0.0,6.0,6.0,6,0.0,195.0,0.0,1170.0,0.0,0.0,0.0,1,3,No
PRV51453,0.0,12.0,12.0,12,0.0,590.0,0.0,7080.0,0.0,0.0,0.0,1,5,No
PRV51454,0.0,34.0,34.0,32,0.0,312.6470588235294,0.0,10630.0,0.0,0.0,0.0,1,8,No
PRV51455,9.0,25.0,34.0,34,11866.666666666666,274.0,106800.0,6850.0,7.333333333333333,7.333333333333333,0.36,3,10,No
PRV51456,112.0,23.0,135.0,124,9256.160714285714,100.0,1036690.0,2300.0,5.866071428571429,5.866071428571429,4.869565217391305,2,6,No
PRV51458,0.0,56.0,56.0,55,0.0,222.14285714285714,0.0,12440.0,0.0,0.0,0.0,6,21,No
PRV51459,0.0,8240.0,8240.0,2857,0.0,281.78276699029124,0.0,2321890.0,0.0,0.0,0.0,10,24,Yes
PRV51460,17.0,435.0,452.0,413,12470.588235294117,281.5632183908046,212000.0,122480.0,6.588235294117647,6.588235294117647,0.03908045977011494,6,29,No
PRV51462,0.0,30.0,30.0,29,0.0,314.3333333333333,0.0,9430.0,0.0,0.0,0.0,1,6,No
PRV51464,0.0,145.0,145.0,143,0.0,265.7241379310345,0.0,38530.0,0.0,0.0,0.0,15,36,No
PRV51465,1.0,6.0,7.0,7,3000.0,150.0,3000.0,900.0,3.0,3.0,0.16666666666666666,1,3,No
PRV51466,5.0,69.0,74.0,71,8400.0,229.85507246376812,42000.0,15860.0,5.8,5.8,0.07246376811594203,8,18,No
PRV51467,7.0,18.0,25.0,25,10114.285714285714,192.22222222222223,70800.0,3460.0,7.142857142857143,7.142857142857143,0.3888888888888889,1,5,No
PRV51468,15.0,144.0,159.0,151,6866.666666666667,247.70833333333334,103000.0,35670.0,4.2,4.2,0.10416666666666667,3,18,No
PRV51469,0.0,28.0,28.0,28,0.0,333.92857142857144,0.0,9350.0,0.0,0.0,0.0,2,13,No
PRV51470,3.0,24.0,27.0,27,8000.0,482.9166666666667,24000.0,11590.0,3.3333333333333335,3.3333333333333335,0.125,2,9,No
PRV51471,161.0,19.0,180.0,173,9902.48447204969,416.3157894736842,1594300.0,7910.0,5.285714285714286,5.285714285714286,8.473684210526315,4,12,Yes
PRV51472,0.0,16.0,16.0,16,0.0,135.625,0.0,2170.0,0.0,0.0,0.0,1,6,No
PRV51474,41.0,30.0,71.0,65,9765.853658536585,362.0,400400.0,10860.0,4.658536585365853,4.658536585365853,1.3666666666666667,1,11,No
PRV51475,11.0,32.0,43.0,42,5745.454545454545,310.3125,63200.0,9930.0,3.909090909090909,3.909090909090909,0.34375,1,6,No
PRV51476,3.0,15.0,18.0,18,3666.6666666666665,612.0,11000.0,9180.0,5.666666666666667,5.666666666666667,0.2,1,8,No
PRV51477,0.0,22.0,22.0,22,0.0,451.8181818181818,0.0,9940.0,0.0,0.0,0.0,3,4,No
PRV51478,0.0,17.0,17.0,16,0.0,231.1764705882353,0.0,3930.0,0.0,0.0,0.0,3,6,No
PRV51479,13.0,215.0,228.0,217,6230.7692307692305,249.4418604651163,81000.0,53630.0,3.8461538461538463,3.8461538461538463,0.06046511627906977,13,36,No
PRV51480,0.0,1924.0,1924.0,759,0.0,289.95841995841994,0.0,557880.0,0.0,0.0,0.0,5,26,Yes
PRV51482,11.0,80.0,91.0,90,17090.909090909092,380.875,188000.0,30470.0,6.2727272727272725,6.2727272727272725,0.1375,5,25,Yes
PRV51483,6.0,71.0,77.0,75,7000.0,259.15492957746477,42000.0,18400.0,3.0,3.0,0.08450704225352113,5,25,No
PRV51484,2.0,84.0,86.0,75,5000.0,161.54761904761904,10000.0,13570.0,3.5,3.5,0.023809523809523808,1,11,No
PRV51486,0.0,214.0,214.0,132,0.0,250.74766355140187,0.0,53660.0,0.0,0.0,0.0,1,9,No
PRV51487,0.0,13.0,13.0,12,0.0,710.7692307692307,0.0,9240.0,0.0,0.0,0.0,1,6,No
PRV51488,3.0,269.0,272.0,260,5000.0,349.182156133829,15000.0,93930.0,3.6666666666666665,3.6666666666666665,0.011152416356877323,6,23,No
PRV51490,48.0,16.0,64.0,56,9020.833333333334,566.875,433000.0,9070.0,4.791666666666667,4.895833333333333,3.0,3,7,Yes
PRV51491,8.0,63.0,71.0,63,5875.0,325.07936507936506,47000.0,20480.0,2.875,2.875,0.12698412698412698,4,11,No
PRV51492,14.0,67.0,81.0,80,9500.0,261.94029850746267,133000.0,17550.0,4.785714285714286,4.785714285714286,0.208955223880597,5,13,No
PRV51494,0.0,38.0,38.0,37,0.0,459.2105263157895,0.0,17450.0,0.0,0.0,0.0,4,9,No
PRV51495,90.0,51.0,141.0,127,9277.777777777777,209.6078431372549,835000.0,10690.0,6.211111111111111,6.211111111111111,1.7647058823529411,4,20,Yes
PRV51496,0.0,123.0,123.0,105,0.0,237.8048780487805,0.0,29250.0,0.0,0.0,0.0,2,8,No
PRV51497,4.0,11.0,15.0,15,25500.0,199.0909090909091,102000.0,2190.0,5.5,6.25,0.36363636363636365,2,6,No
PRV51499,2.0,472.0,474.0,341,7500.0,260.2542372881356,15000.0,122840.0,2.5,2.5,0.00423728813559322,2,9,No
PRV51500,0.0,8.0,8.0,8,0.0,137.5,0.0,1100.0,0.0,0.0,0.0,2,4,No
PRV51501,223.0,10.0,233.0,217,9284.663677130045,83.0,2070480.0,830.0,5.614349775784754,5.677130044843049,22.3,3,10,Yes
PRV51502,0.0,31.0,31.0,31,0.0,270.64516129032256,0.0,8390.0,0.0,0.0,0.0,2,8,No
PRV51503,0.0,57.0,57.0,52,0.0,422.280701754386,0.0,24070.0,0.0,0.0,0.0,2,7,No
PRV51504,0.0,128.0,128.0,123,0.0,275.703125,0.0,35290.0,0.0,0.0,0.0,8,19,No
PRV51505,0.0,15.0,15.0,15,0.0,162.0,0.0,2430.0,0.0,0.0,0.0,4,10,No
PRV51507,6.0,1007.0,1013.0,726,7166.666666666667,292.29394240317777,43000.0,294340.0,8.166666666666666,8.166666666666666,0.005958291956305859,4,25,Yes
PRV51508,12.0,190.0,202.0,191,14925.0,315.5263157894737,179100.0,59950.0,3.5833333333333335,3.5833333333333335,0.06315789473684211,10,29,No
PRV51509,0.0,1030.0,1030.0,493,0.0,312.747572815534,0.0,322130.0,0.0,0.0,0.0,1,6,No
PRV51510,0.0,57.0,57.0,52,0.0,351.2280701754386,0.0,20020.0,0.0,0.0,0.0,2,10,No
PRV51511,0.0,16.0,16.0,16,0.0,547.5,0.0,8760.0,0.0,0.0,0.0,1,4,No
PRV51514,21.0,72.0,93.0,88,10485.714285714286,264.1666666666667,220200.0,19020.0,6.571428571428571,6.571428571428571,0.2916666666666667,3,26,No
PRV51515,5.0,43.0,48.0,48,8000.0,297.6744186046512,40000.0,12800.0,11.0,11.0,0.11627906976744186,2,10,No
PRV51516,3.0,37.0,40.0,39,8333.333333333334,223.24324324324326,25000.0,8260.0,3.0,3.0,0.08108108108108109,4,10,No
PRV51517,0.0,11.0,11.0,11,0.0,544.5454545454545,0.0,5990.0,0.0,0.0,0.0,1,4,No
PRV51518,5.0,48.0,53.0,48,6600.0,227.5,33000.0,10920.0,5.2,5.2,0.10416666666666667,1,8,No
PRV51521,0.0,46.0,46.0,39,0.0,175.43478260869566,0.0,8070.0,0.0,0.0,0.0,2,9,No
PRV51522,12.0,178.0,190.0,169,11583.333333333334,380.7865168539326,139000.0,67780.0,5.416666666666667,5.416666666666667,0.06741573033707865,1,19,No
PRV51523,60.0,5.0,65.0,65,12216.666666666666,162.0,733000.0,810.0,5.566666666666666,5.566666666666666,12.0,1,4,No
PRV51525,5.0,56.0,61.0,61,11200.0,353.0357142857143,56000.0,19770.0,8.4,8.4,0.08928571428571429,8,26,No
PRV51526,7.0,13.0,20.0,20,5057.142857142857,596.1538461538462,35400.0,7750.0,4.142857142857143,4.142857142857143,0.5384615384615384,1,11,No
PRV51527,0.0,41.0,41.0,40,0.0,302.6829268292683,0.0,12410.0,0.0,0.0,0.0,2,12,No
PRV51528,0.0,17.0,17.0,17,0.0,392.3529411764706,0.0,6670.0,0.0,0.0,0.0,3,7,No
PRV51529,0.0,23.0,23.0,23,0.0,252.17391304347825,0.0,5800.0,0.0,0.0,0.0,3,9,No
PRV51531,0.0,34.0,34.0,23,0.0,290.29411764705884,0.0,9870.0,0.0,0.0,0.0,4,6,No
PRV51532,6.0,26.0,32.0,30,10000.0,420.38461538461536,60000.0,10930.0,9.166666666666666,9.166666666666666,0.23076923076923078,2,10,No
PRV51533,13.0,23.0,36.0,36,7076.923076923077,189.1304347826087,92000.0,4350.0,10.846153846153847,10.846153846153847,0.5652173913043478,2,10,No
PRV51534,0.0,1.0,1.0,1,0.0,50.0,0.0,50.0,0.0,0.0,0.0,1,1,No
PRV51535,2.0,386.0,388.0,306,14000.0,241.83937823834196,28000.0,93350.0,5.5,5.5,0.0051813471502590676,4,12,No
PRV51536,4.0,12.0,16.0,16,9250.0,379.1666666666667,37000.0,4550.0,3.75,3.75,0.3333333333333333,2,8,No
PRV51539,69.0,469.0,538.0,488,10623.478260869566,258.4648187633262,733020.0,121220.0,5.840579710144928,5.840579710144928,0.14712153518123666,19,52,Yes
PRV51540,7.0,48.0,55.0,54,8142.857142857143,207.08333333333334,57000.0,9940.0,5.285714285714286,5.285714285714286,0.14583333333333334,3,19,No
PRV51541,0.0,51.0,51.0,51,0.0,238.0392156862745,0.0,12140.0,0.0,0.0,0.0,7,19,No
PRV51542,93.0,20.0,113.0,97,10220.430107526881,708.0,950500.0,14160.0,5.806451612903226,5.806451612903226,4.65,1,11,Yes
PRV51544,45.0,188.0,233.0,227,9533.333333333334,272.0744680851064,429000.0,51150.0,4.911111111111111,4.911111111111111,0.2393617021276596,19,50,No
PRV51546,9.0,27.0,36.0,35,11555.555555555555,256.6666666666667,104000.0,6930.0,6.777777777777778,6.777777777777778,0.3333333333333333,1,10,No
PRV51547,0.0,13.0,13.0,13,0.0,203.07692307692307,0.0,2640.0,0.0,0.0,0.0,1,5,No
PRV51549,8.0,13.0,21.0,21,9375.0,546.9230769230769,75000.0,7110.0,8.625,8.625,0.6153846153846154,4,6,No
PRV51550,16.0,45.0,61.0,53,6625.0,400.8888888888889,106000.0,18040.0,8.0,8.0,0.35555555555555557,1,9,No
PRV51551,5.0,23.0,28.0,27,21200.0,295.6521739130435,106000.0,6800.0,7.6,7.6,0.21739130434782608,1,8,No
PRV51552,10.0,52.0,62.0,62,8300.0,212.30769230769232,83000.0,11040.0,3.1,3.1,0.19230769230769232,3,26,No
PRV51553,6.0,15.0,21.0,21,6000.0,332.6666666666667,36000.0,4990.0,5.333333333333333,5.333333333333333,0.4,4,9,No
PRV51554,1.0,5.0,6.0,6,9000.0,128.0,9000.0,640.0,4.0,4.0,0.2,1,3,No
PRV51555,0.0,15.0,15.0,15,0.0,194.0,0.0,2910.0,0.0,0.0,0.0,1,4,No
PRV51556,10.0,46.0,56.0,56,11800.0,440.2173913043478,118000.0,20250.0,7.8,7.8,0.21739130434782608,3,18,No
PRV51557,1.0,9.0,10.0,10,11000.0,637.7777777777778,11000.0,5740.0,3.0,3.0,0.1111111111111111,1,5,No
PRV51558,5.0,21.0,26.0,25,4400.0,184.28571428571428,22000.0,3870.0,4.2,4.2,0.23809523809523808,1,8,No
PRV51560,200.0,38.0,238.0,204,9723.0,305.0,1944600.0,11590.0,5.965,5.965,5.2631578947368425,7,15,Yes
PRV51562,0.0,24.0,24.0,24,0.0,242.5,0.0,5820.0,0.0,0.0,0.0,1,2,No
PRV51563,0.0,19.0,19.0,19,0.0,225.26315789473685,0.0,4280.0,0.0,0.0,0.0,2,9,No
PRV51564,0.0,24.0,24.0,24,0.0,379.1666666666667,0.0,9100.0,0.0,0.0,0.0,3,6,No
PRV51566,15.0,11.0,26.0,25,5800.0,275.45454545454544,87000.0,3030.0,4.6,4.6,1.3636363636363635,1,5,No
PRV51567,0.0,1632.0,1632.0,827,0.0,285.171568627451,0.0,465400.0,0.0,0.0,0.0,4,11,Yes
PRV51568,9.0,49.0,58.0,57,9777.777777777777,347.14285714285717,88000.0,17010.0,5.444444444444445,5.444444444444445,0.1836734693877551,3,16,No
PRV51569,0.0,5.0,5.0,5,0.0,300.0,0.0,1500.0,0.0,0.0,0.0,1,3,No
PRV51570,0.0,1.0,1.0,1,0.0,0.0,0.0,0.0,0.0,0.0,0.0,1,1,No
PRV51571,0.0,22.0,22.0,22,0.0,210.9090909090909,0.0,4640.0,0.0,0.0,0.0,1,3,No
PRV51572,1.0,3.0,4.0,4,5000.0,236.66666666666666,5000.0,710.0,7.0,7.0,0.3333333333333333,1,2,No
PRV51573,5.0,87.0,92.0,76,8200.0,295.7471264367816,41000.0,25730.0,5.0,5.0,0.05747126436781609,1,3,No
PRV51574,0.0,4444.0,4444.0,1715,0.0,288.4360936093609,0.0,1281810.0,0.0,0.0,0.0,10,51,Yes
PRV51576,5.0,60.0,65.0,65,12600.0,579.6666666666666,63000.0,34780.0,4.8,4.8,0.08333333333333333,4,18,No
PRV51577,0.0,1.0,1.0,1,0.0,2100.0,0.0,2100.0,0.0,0.0,0.0,1,1,No
PRV51578,122.0,1378.0,1500.0,1280,10401.639344262296,285.86357039187226,1269000.0,393920.0,6.131147540983607,6.131147540983607,0.08853410740203194,38,70,Yes
PRV51579,18.0,54.0,72.0,66,13111.111111111111,216.2962962962963,236000.0,11680.0,4.666666666666667,4.666666666666667,0.3333333333333333,2,14,No
PRV51580,0.0,3.0,3.0,3,0.0,570.0,0.0,1710.0,0.0,0.0,0.0,1,1,No
PRV51582,1.0,3.0,4.0,4,12000.0,790.0,12000.0,2370.0,6.0,6.0,0.3333333333333333,1,3,No
PRV51583,2.0,45.0,47.0,46,7500.0,387.3333333333333,15000.0,17430.0,3.5,3.5,0.044444444444444446,1,4,No
PRV51584,13.0,69.0,82.0,78,12230.76923076923,187.3913043478261,159000.0,12930.0,6.0,6.0,0.18840579710144928,4,16,Yes
PRV51585,4.0,2.0,6.0,6,19250.0,40.0,77000.0,80.0,4.0,4.0,2.0,2,3,No
PRV51586,6.0,2.0,8.0,8,12000.0,255.0,72000.0,510.0,7.833333333333333,7.833333333333333,3.0,1,4,Yes
PRV51587,0.0,5.0,5.0,5,0.0,300.0,0.0,1500.0,0.0,0.0,0.0,1,3,No
PRV51588,3.0,7.0,10.0,9,19333.333333333332,61.42857142857143,58000.0,430.0,5.0,5.0,0.42857142857142855,1,3,No
PRV51590,81.0,3.0,84.0,82,9641.975308641975,126.66666666666667,781000.0,380.0,5.432098765432099,5.432098765432099,27.0,1,5,Yes
PRV51592,0.0,3.0,3.0,3,0.0,10.0,0.0,30.0,0.0,0.0,0.0,1,1,No
PRV51593,12.0,42.0,54.0,54,11583.333333333334,261.9047619047619,139000.0,11000.0,8.833333333333334,8.833333333333334,0.2857142857142857,3,8,Yes
PRV51595,1.0,23.0,24.0,22,5000.0,420.0,5000.0,9660.0,3.0,3.0,0.043478260869565216,1,4,No
PRV51596,3.0,47.0,50.0,50,10666.666666666666,209.14893617021278,32000.0,9830.0,9.333333333333334,9.333333333333334,0.06382978723404255,5,10,No
PRV51598,61.0,361.0,422.0,399,11114.754098360656,281.2465373961219,678000.0,101530.0,6.147540983606557,6.147540983606557,0.16897506925207756,20,42,No
PRV51599,3.0,2.0,5.0,5,5333.333333333333,105.0,16000.0,210.0,8.0,8.0,1.5,1,3,No
PRV51600,3.0,106.0,109.0,103,3000.0,255.18867924528303,9000.0,27050.0,3.3333333333333335,3.3333333333333335,0.02830188679245283,2,6,No
PRV51601,0.0,14.0,14.0,14,0.0,263.57142857142856,0.0,3690.0,0.0,0.0,0.0,1,3,No
PRV51602,12.0,27.0,39.0,38,6000.0,202.96296296296296,72000.0,5480.0,5.0,5.0,0.4444444444444444,6,15,No
PRV51604,50.0,279.0,329.0,257,12340.0,288.5663082437276,617000.0,80510.0,7.04,7.04,0.17921146953405018,2,6,Yes
PRV51605,5.0,67.0,72.0,70,5400.0,298.35820895522386,27000.0,19990.0,4.2,4.2,0.07462686567164178,1,4,No
PRV51606,10.0,36.0,46.0,45,5700.0,252.77777777777777,57000.0,9100.0,5.0,5.0,0.2777777777777778,4,7,No
PRV51607,1.0,14.0,15.0,15,14000.0,100.71428571428571,14000.0,1410.0,9.0,9.0,0.07142857142857142,1,3,No
PRV51608,9.0,28.0,37.0,37,7888.888888888889,255.0,71000.0,7140.0,5.333333333333333,5.333333333333333,0.32142857142857145,1,10,No
PRV51609,12.0,63.0,75.0,70,8500.0,139.52380952380952,102000.0,8790.0,10.75,10.75,0.19047619047619047,13,24,No
PRV51610,3.0,3.0,6.0,6,14333.333333333334,50.0,43000.0,150.0,9.333333333333334,9.333333333333334,1.0,1,2,No
PRV51611,0.0,8.0,8.0,8,0.0,347.5,0.0,2780.0,0.0,0.0,0.0,1,4,No
PRV51612,6.0,7.0,13.0,13,11000.0,110.0,66000.0,770.0,12.0,12.0,0.8571428571428571,1,3,No
PRV51613,4.0,17.0,21.0,21,4500.0,144.11764705882354,18000.0,2450.0,5.25,5.25,0.23529411764705882,2,6,No
PRV51614,148.0,120.0,268.0,243,9770.27027027027,217.91666666666666,1446000.0,26150.0,4.756756756756757,4.756756756756757,1.2333333333333334,6,15,Yes
PRV51616,0.0,26.0,26.0,26,0.0,235.3846153846154,0.0,6120.0,0.0,0.0,0.0,5,9,No
PRV51617,11.0,11.0,22.0,22,9909.09090909091,206.36363636363637,109000.0,2270.0,9.181818181818182,9.181818181818182,1.0,2,8,No
PRV51618,1.0,0.0,1.0,1,2000.0,0.0,2000.0,0.0,2.0,2.0,1.0,1,1,No
PRV51619,8.0,11.0,19.0,18,9375.0,286.3636363636364,75000.0,3150.0,9.875,9.875,0.7272727272727273,2,7,No
PRV51620,3.0,5.0,8.0,8,6666.666666666667,238.0,20000.0,1190.0,4.666666666666667,4.666666666666667,0.6,1,2,No
PRV51621,0.0,9.0,9.0,9,0.0,58.888888888888886,0.0,530.0,0.0,0.0,0.0,1,4,No
PRV51622,9.0,94.0,103.0,94,5888.888888888889,517.9787234042553,53000.0,48690.0,4.444444444444445,4.444444444444445,0.09574468085106383,3,14,No
PRV51623,7.0,14.0,21.0,21,7571.428571428572,239.28571428571428,53000.0,3350.0,4.571428571428571,4.571428571428571,0.5,2,10,No
PRV51624,0.0,5.0,5.0,5,0.0,64.0,0.0,320.0,0.0,0.0,0.0,1,2,No
PRV51625,4.0,3.0,7.0,7,4750.0,140.0,19000.0,420.0,2.5,2.5,1.3333333333333333,1,4,No
PRV51626,1.0,8.0,9.0,9,35000.0,240.0,35000.0,1920.0,3.0,3.0,0.125,1,2,No
PRV51627,3.0,23.0,26.0,26,13000.0,254.7826086956522,39000.0,5860.0,7.0,7.0,0.13043478260869565,1,4,No
PRV51628,2.0,4.0,6.0,6,6500.0,80.0,13000.0,320.0,3.5,3.5,0.5,1,2,No
PRV51629,22.0,0.0,22.0,20,9681.818181818182,0.0,213000.0,0.0,6.318181818181818,6.318181818181818,22.0,2,3,No
PRV51630,1.0,4.0,5.0,5,0.0,465.0,0.0,1860.0,5.0,5.0,0.25,1,3,No
PRV51631,0.0,6.0,6.0,6,0.0,250.0,0.0,1500.0,0.0,0.0,0.0,1,1,No
PRV51632,4.0,22.0,26.0,25,4750.0,356.8181818181818,19000.0,7850.0,4.0,4.0,0.18181818181818182,1,5,No
PRV51634,5.0,114.0,119.0,116,4200.0,439.3859649122807,21000.0,50090.0,4.2,4.2,0.043859649122807015,2,7,No
PRV51635,1.0,28.0,29.0,29,24000.0,147.14285714285714,24000.0,4120.0,6.0,6.0,0.03571428571428571,2,7,No
PRV51636,3.0,313.0,316.0,187,24333.333333333332,341.91693290734827,73000.0,107020.0,10.333333333333334,10.333333333333334,0.009584664536741214,1,8,No
PRV51637,7.0,27.0,34.0,34,5428.571428571428,201.4814814814815,38000.0,5440.0,4.714285714285714,4.714285714285714,0.25925925925925924,2,8,No
PRV51638,2.0,2.0,4.0,4,9000.0,1245.0,18000.0,2490.0,5.5,5.5,1.0,1,3,No
PRV51639,12.0,17.0,29.0,29,9000.0,265.88235294117646,108000.0,4520.0,3.0,3.0,0.7058823529411765,3,11,No
PRV51640,3.0,4.0,7.0,7,5333.333333333333,372.5,16000.0,1490.0,2.6666666666666665,2.6666666666666665,0.75,1,4,No
PRV51641,0.0,14.0,14.0,13,0.0,121.42857142857143,0.0,1700.0,0.0,0.0,0.0,1,3,No
PRV51642,1.0,28.0,29.0,25,5000.0,195.0,5000.0,5460.0,2.0,2.0,0.03571428571428571,1,3,No
PRV51644,1.0,23.0,24.0,24,7000.0,412.60869565217394,7000.0,9490.0,5.0,5.0,0.043478260869565216,1,5,No
PRV51645,0.0,5.0,5.0,5,0.0,56.0,0.0,280.0,0.0,0.0,0.0,1,3,No
PRV51647,6.0,6.0,12.0,12,7283.333333333333,206.66666666666666,43700.0,1240.0,5.5,5.5,1.0,1,3,No
PRV51650,0.0,24.0,24.0,23,0.0,553.75,0.0,13290.0,0.0,0.0,0.0,1,4,No
PRV51652,0.0,64.0,64.0,49,0.0,275.0,0.0,17600.0,0.0,0.0,0.0,1,1,No
PRV51653,0.0,24.0,24.0,24,0.0,355.4166666666667,0.0,8530.0,0.0,0.0,0.0,1,1,No
PRV51654,0.0,2.0,2.0,2,0.0,110.0,0.0,220.0,0.0,0.0,0.0,1,1,No
PRV51655,0.0,3.0,3.0,3,0.0,23.333333333333332,0.0,70.0,0.0,0.0,0.0,1,1,No
PRV51656,0.0,23.0,23.0,23,0.0,211.30434782608697,0.0,4860.0,0.0,0.0,0.0,1,1,No
PRV51657,0.0,4.0,4.0,4,0.0,940.0,0.0,3760.0,0.0,0.0,0.0,1,2,No
PRV51658,0.0,5.0,5.0,5,0.0,354.0,0.0,1770.0,0.0,0.0,0.0,1,2,No
PRV51660,0.0,3.0,3.0,3,0.0,60.0,0.0,180.0,0.0,0.0,0.0,1,2,No
PRV51661,0.0,134.0,134.0,89,0.0,355.0,0.0,47570.0,0.0,0.0,0.0,1,4,No
PRV51664,0.0,10.0,10.0,10,0.0,79.0,0.0,790.0,0.0,0.0,0.0,1,4,No
PRV51665,0.0,15.0,15.0,15,0.0,254.0,0.0,3810.0,0.0,0.0,0.0,1,2,No
PRV51666,0.0,1.0,1.0,1,0.0,50.0,0.0,50.0,0.0,0.0,0.0,1,1,No
PRV51668,0.0,38.0,38.0,27,0.0,237.3684210526316,0.0,9020.0,0.0,0.0,0.0,2,9,No
PRV51669,0.0,76.0,76.0,74,0.0,277.10526315789474,0.0,21060.0,0.0,0.0,0.0,2,9,No
PRV51670,1.0,435.0,436.0,286,6000.0,268.62068965517244,6000.0,116850.0,8.0,8.0,0.0022988505747126436,3,12,No
PRV51671,0.0,39.0,39.0,39,0.0,217.69230769230768,0.0,8490.0,0.0,0.0,0.0,1,8,No
PRV51672,0.0,6.0,6.0,6,0.0,378.3333333333333,0.0,2270.0,0.0,0.0,0.0,2,4,No
PRV51673,0.0,183.0,183.0,77,0.0,279.672131147541,0.0,51180.0,0.0,0.0,0.0,1,6,No
PRV51674,0.0,4.0,4.0,4,0.0,350.0,0.0,1400.0,0.0,0.0,0.0,1,3,No
PRV51675,0.0,28.0,28.0,28,0.0,274.64285714285717,0.0,7690.0,0.0,0.0,0.0,2,9,No
PRV51676,3.0,135.0,138.0,126,16666.666666666668,310.51851851851853,50000.0,41920.0,7.0,7.0,0.022222222222222223,2,14,No
PRV51678,0.0,66.0,66.0,64,0.0,386.969696969697,0.0,25540.0,0.0,0.0,0.0,3,9,No
PRV51679,2.0,36.0,38.0,16,15000.0,261.6666666666667,30000.0,9420.0,10.0,10.0,0.05555555555555555,1,3,No
PRV51681,1.0,25.0,26.0,26,51000.0,725.2,51000.0,18130.0,12.0,12.0,0.04,2,9,No
PRV51682,0.0,16.0,16.0,16,0.0,569.375,0.0,9110.0,0.0,0.0,0.0,1,5,No
PRV51685,0.0,55.0,55.0,40,0.0,215.0909090909091,0.0,11830.0,0.0,0.0,0.0,1,8,No
PRV51687,0.0,10.0,10.0,6,0.0,253.0,0.0,2530.0,0.0,0.0,0.0,1,2,No
PRV51688,2.0,7.0,9.0,9,11000.0,94.28571428571429,22000.0,660.0,3.0,3.0,0.2857142857142857,1,5,No
PRV51689,0.0,1.0,1.0,1,0.0,1700.0,0.0,1700.0,0.0,0.0,0.0,1,1,No
PRV51690,7.0,248.0,255.0,221,7428.571428571428,295.48387096774195,52000.0,73280.0,8.857142857142858,8.857142857142858,0.028225806451612902,3,19,No
PRV51691,0.0,88.0,88.0,49,0.0,304.4318181818182,0.0,26790.0,0.0,0.0,0.0,1,3,No
PRV51692,0.0,11.0,11.0,11,0.0,88.18181818181819,0.0,970.0,0.0,0.0,0.0,1,2,No
PRV51693,0.0,113.0,113.0,51,0.0,186.72566371681415,0.0,21100.0,0.0,0.0,0.0,1,3,No
PRV51694,0.0,26.0,26.0,21,0.0,228.46153846153845,0.0,5940.0,0.0,0.0,0.0,1,1,No
PRV51695,0.0,429.0,429.0,177,0.0,263.8228438228438,0.0,113180.0,0.0,0.0,0.0,1,4,No
PRV51696,0.0,9.0,9.0,9,0.0,81.11111111111111,0.0,730.0,0.0,0.0,0.0,2,2,No
PRV51697,0.0,63.0,63.0,54,0.0,342.85714285714283,0.0,21600.0,0.0,0.0,0.0,1,1,No
PRV51698,0.0,13.0,13.0,13,0.0,146.92307692307693,0.0,1910.0,0.0,0.0,0.0,1,2,No
PRV51699,0.0,209.0,209.0,131,0.0,257.2248803827751,0.0,53760.0,0.0,0.0,0.0,1,1,No
PRV51702,0.0,10.0,10.0,10,0.0,323.0,0.0,3230.0,0.0,0.0,0.0,1,2,No
PRV51703,0.0,2.0,2.0,2,0.0,40.0,0.0,80.0,0.0,0.0,0.0,1,1,No
PRV51704,0.0,1.0,1.0,1,0.0,600.0,0.0,600.0,0.0,0.0,0.0,1,1,No
PRV51705,0.0,1.0,1.0,1,0.0,400.0,0.0,400.0,0.0,0.0,0.0,1,1,No
PRV51706,0.0,2.0,2.0,2,0.0,165.0,0.0,330.0,0.0,0.0,0.0,1,1,No
PRV51707,0.0,12.0,12.0,12,0.0,22.5,0.0,270.0,0.0,0.0,0.0,1,2,No
PRV51708,0.0,4.0,4.0,4,0.0,102.5,0.0,410.0,0.0,0.0,0.0,1,1,No
PRV51709,0.0,10.0,10.0,10,0.0,161.0,0.0,1610.0,0.0,0.0,0.0,1,2,No
PRV51710,14.0,3.0,17.0,17,8642.857142857143,26.666666666666668,121000.0,80.0,4.071428571428571,4.071428571428571,4.666666666666667,1,4,No
PRV51711,1.0,0.0,1.0,1,4000.0,0.0,4000.0,0.0,3.0,3.0,1.0,1,1,No
PRV51712,0.0,3.0,3.0,3,0.0,286.6666666666667,0.0,860.0,0.0,0.0,0.0,1,1,No
PRV51713,0.0,13.0,13.0,13,0.0,106.15384615384616,0.0,1380.0,0.0,0.0,0.0,1,1,No
PRV51715,3.0,9.0,12.0,12,22000.0,148.88888888888889,66000.0,1340.0,5.333333333333333,5.333333333333333,0.3333333333333333,1,3,No
PRV51716,0.0,82.0,82.0,64,0.0,280.8536585365854,0.0,23030.0,0.0,0.0,0.0,1,1,No
PRV51718,0.0,8.0,8.0,8,0.0,271.25,0.0,2170.0,0.0,0.0,0.0,1,1,No
PRV51719,0.0,4.0,4.0,4,0.0,1185.0,0.0,4740.0,0.0,0.0,0.0,1,1,No
PRV51720,0.0,4.0,4.0,4,0.0,180.0,0.0,720.0,0.0,0.0,0.0,1,1,No
PRV51721,0.0,5.0,5.0,5,0.0,136.0,0.0,680.0,0.0,0.0,0.0,1,2,No
PRV51722,0.0,1.0,1.0,1,0.0,30.0,0.0,30.0,0.0,0.0,0.0,1,1,No
PRV51723,0.0,16.0,16.0,16,0.0,333.75,0.0,5340.0,0.0,0.0,0.0,1,1,No
PRV51724,0.0,6.0,6.0,6,0.0,413.3333333333333,0.0,2480.0,0.0,0.0,0.0,1,1,No
PRV51725,0.0,4.0,4.0,4,0.0,47.5,0.0,190.0,0.0,0.0,0.0,1,2,No
PRV51726,0.0,21.0,21.0,21,0.0,323.3333333333333,0.0,6790.0,0.0,0.0,0.0,1,1,No
PRV51727,0.0,3.0,3.0,3,0.0,650.0,0.0,1950.0,0.0,0.0,0.0,1,1,No
PRV51729,0.0,19.0,19.0,19,0.0,196.8421052631579,0.0,3740.0,0.0,0.0,0.0,1,1,No
PRV51731,0.0,38.0,38.0,38,0.0,229.47368421052633,0.0,8720.0,0.0,0.0,0.0,1,1,No
PRV51732,0.0,12.0,12.0,12,0.0,580.0,0.0,6960.0,0.0,0.0,0.0,1,2,No
PRV51733,0.0,2.0,2.0,2,0.0,35.0,0.0,70.0,0.0,0.0,0.0,1,1,No
PRV51734,0.0,20.0,20.0,20,0.0,395.0,0.0,7900.0,0.0,0.0,0.0,1,2,No
PRV51735,0.0,4.0,4.0,4,0.0,87.5,0.0,350.0,0.0,0.0,0.0,1,1,No
PRV51736,0.0,21.0,21.0,21,0.0,267.6190476190476,0.0,5620.0,0.0,0.0,0.0,1,1,No
PRV51737,0.0,152.0,152.0,106,0.0,330.92105263157896,0.0,50300.0,0.0,0.0,0.0,1,1,No
PRV51738,0.0,16.0,16.0,14,0.0,53.125,0.0,850.0,0.0,0.0,0.0,1,1,No
PRV51739,0.0,74.0,74.0,72,0.0,185.13513513513513,0.0,13700.0,0.0,0.0,0.0,1,2,No
PRV51740,0.0,57.0,57.0,51,0.0,245.78947368421052,0.0,14010.0,0.0,0.0,0.0,1,1,No
PRV51741,0.0,35.0,35.0,34,0.0,148.28571428571428,0.0,5190.0,0.0,0.0,0.0,1,1,No
PRV51742,0.0,13.0,13.0,13,0.0,217.69230769230768,0.0,2830.0,0.0,0.0,0.0,1,1,No
PRV51743,0.0,118.0,118.0,115,0.0,248.98305084745763,0.0,29380.0,0.0,0.0,0.0,1,1,No
PRV51744,0.0,5.0,5.0,5,0.0,132.0,0.0,660.0,0.0,0.0,0.0,2,1,No
PRV51745,0.0,13.0,13.0,12,0.0,176.15384615384616,0.0,2290.0,0.0,0.0,0.0,1,1,No
PRV51746,0.0,26.0,26.0,25,0.0,403.46153846153845,0.0,10490.0,0.0,0.0,0.0,1,1,No
PRV51747,0.0,4.0,4.0,4,0.0,375.0,0.0,1500.0,0.0,0.0,0.0,1,1,No
PRV51748,0.0,18.0,18.0,18,0.0,447.77777777777777,0.0,8060.0,0.0,0.0,0.0,1,1,No
PRV51749,0.0,6.0,6.0,6,0.0,463.3333333333333,0.0,2780.0,0.0,0.0,0.0,1,2,No
PRV51750,0.0,3.0,3.0,3,0.0,533.3333333333334,0.0,1600.0,0.0,0.0,0.0,1,1,No
PRV51751,0.0,2.0,2.0,2,0.0,450.0,0.0,900.0,0.0,0.0,0.0,1,1,No
PRV51752,0.0,87.0,87.0,69,0.0,376.32183908045977,0.0,32740.0,0.0,0.0,0.0,1,1,No
PRV51753,0.0,4.0,4.0,4,0.0,302.5,0.0,1210.0,0.0,0.0,0.0,1,1,No
PRV51754,0.0,9.0,9.0,9,0.0,235.55555555555554,0.0,2120.0,0.0,0.0,0.0,1,1,No
PRV51755,0.0,6.0,6.0,6,0.0,98.33333333333333,0.0,590.0,0.0,0.0,0.0,1,1,No
PRV51758,0.0,7.0,7.0,7,0.0,130.0,0.0,910.0,0.0,0.0,0.0,2,2,No
PRV51759,0.0,13.0,13.0,13,0.0,83.84615384615384,0.0,1090.0,0.0,0.0,0.0,1,1,No
PRV51761,0.0,11.0,11.0,11,0.0,170.0,0.0,1870.0,0.0,0.0,0.0,1,2,No
PRV51762,0.0,14.0,14.0,14,0.0,221.42857142857142,0.0,3100.0,0.0,0.0,0.0,1,1,No
PRV51763,0.0,11.0,11.0,11,0.0,360.0,0.0,3960.0,0.0,0.0,0.0,1,1,No
PRV51764,0.0,33.0,33.0,33,0.0,183.63636363636363,0.0,6060.0,0.0,0.0,0.0,1,1,No
PRV51765,0.0,14.0,14.0,14,0.0,205.0,0.0,2870.0,0.0,0.0,0.0,1,1,No
PRV51766,0.0,23.0,23.0,23,0.0,99.56521739130434,0.0,2290.0,0.0,0.0,0.0,1,1,No
PRV51767,0.0,12.0,12.0,12,0.0,338.3333333333333,0.0,4060.0,0.0,0.0,0.0,1,1,No
PRV51769,0.0,15.0,15.0,15,0.0,320.0,0.0,4800.0,0.0,0.0,0.0,1,3,No
PRV51770,0.0,15.0,15.0,15,0.0,454.6666666666667,0.0,6820.0,0.0,0.0,0.0,1,2,No
PRV51771,0.0,40.0,40.0,34,0.0,213.25,0.0,8530.0,0.0,0.0,0.0,1,6,No
PRV51773,0.0,5.0,5.0,5,0.0,152.0,0.0,760.0,0.0,0.0,0.0,1,4,No
PRV51774,0.0,3.0,3.0,3,0.0,996.6666666666666,0.0,2990.0,0.0,0.0,0.0,1,2,No
PRV51775,0.0,39.0,39.0,36,0.0,246.4102564102564,0.0,9610.0,0.0,0.0,0.0,1,1,No
PRV51776,0.0,54.0,54.0,31,0.0,234.07407407407408,0.0,12640.0,0.0,0.0,0.0,1,5,No
PRV51778,0.0,3.0,3.0,3,0.0,83.33333333333333,0.0,250.0,0.0,0.0,0.0,1,2,No
PRV51779,0.0,24.0,24.0,22,0.0,320.4166666666667,0.0,7690.0,0.0,0.0,0.0,1,2,No
PRV51780,0.0,34.0,34.0,16,0.0,150.58823529411765,0.0,5120.0,0.0,0.0,0.0,1,4,No
PRV51781,0.0,24.0,24.0,20,0.0,125.0,0.0,3000.0,0.0,0.0,0.0,1,2,No
PRV51784,0.0,8.0,8.0,7,0.0,477.5,0.0,3820.0,0.0,0.0,0.0,1,2,No
PRV51786,0.0,5.0,5.0,4,0.0,56.0,0.0,280.0,0.0,0.0,0.0,1,2,No
PRV51787,0.0,3.0,3.0,3,0.0,50.0,0.0,150.0,0.0,0.0,0.0,2,2,No
PRV51788,0.0,139.0,139.0,85,0.0,279.0647482014389,0.0,38790.0,0.0,0.0,0.0,1,7,No
PRV51789,0.0,32.0,32.0,28,0.0,216.875,0.0,6940.0,0.0,0.0,0.0,1,1,No
PRV51790,0.0,76.0,76.0,74,0.0,244.47368421052633,0.0,18580.0,0.0,0.0,0.0,2,11,No
PRV51792,0.0,46.0,46.0,26,0.0,465.0,0.0,21390.0,0.0,0.0,0.0,1,1,No
PRV51793,0.0,25.0,25.0,12,0.0,200.0,0.0,5000.0,0.0,0.0,0.0,2,2,No
PRV51794,0.0,11.0,11.0,11,0.0,183.63636363636363,0.0,2020.0,0.0,0.0,0.0,1,3,No
PRV51795,0.0,36.0,36.0,26,0.0,208.61111111111111,0.0,7510.0,0.0,0.0,0.0,2,4,No
PRV51796,0.0,4.0,4.0,4,0.0,35.0,0.0,140.0,0.0,0.0,0.0,1,1,No
PRV51797,0.0,5.0,5.0,4,0.0,90.0,0.0,450.0,0.0,0.0,0.0,1,2,No
PRV51798,0.0,10.0,10.0,8,0.0,142.0,0.0,1420.0,0.0,0.0,0.0,1,1,No
PRV51799,0.0,3.0,3.0,3,0.0,243.33333333333334,0.0,730.0,0.0,0.0,0.0,1,1,No
PRV51801,0.0,20.0,20.0,20,0.0,251.5,0.0,5030.0,0.0,0.0,0.0,1,1,No
PRV51802,0.0,24.0,24.0,22,0.0,205.41666666666666,0.0,4930.0,0.0,0.0,0.0,1,1,No
PRV51803,2.0,3.0,5.0,5,16500.0,190.0,33000.0,570.0,3.5,3.5,0.6666666666666666,1,2,No
PRV51805,3.0,0.0,3.0,3,22333.333333333332,0.0,67000.0,0.0,12.0,12.0,3.0,1,1,Yes
PRV51806,1.0,0.0,1.0,1,13000.0,0.0,13000.0,0.0,4.0,4.0,1.0,1,1,No
PRV51807,7.0,0.0,7.0,7,14000.0,0.0,98000.0,0.0,4.714285714285714,4.714285714285714,7.0,1,2,No
PRV51809,27.0,0.0,27.0,26,8963.703703703704,0.0,242020.0,0.0,5.888888888888889,5.888888888888889,27.0,1,2,No
PRV51810,3.0,0.0,3.0,3,9666.666666666666,0.0,29000.0,0.0,4.666666666666667,4.666666666666667,3.0,1,1,No
PRV51811,15.0,0.0,15.0,15,13266.666666666666,0.0,199000.0,0.0,5.466666666666667,5.466666666666667,15.0,1,1,No
PRV51812,1.0,0.0,1.0,1,6000.0,0.0,6000.0,0.0,7.0,7.0,1.0,1,1,No
PRV51813,10.0,0.0,10.0,10,11000.0,0.0,110000.0,0.0,8.1,8.1,10.0,1,1,No
PRV51815,0.0,5.0,5.0,5,0.0,162.0,0.0,810.0,0.0,0.0,0.0,1,1,No
PRV51816,7.0,0.0,7.0,7,9714.285714285714,0.0,68000.0,0.0,3.857142857142857,3.857142857142857,7.0,1,2,No
PRV51818,29.0,0.0,29.0,27,9206.896551724138,0.0,267000.0,0.0,6.0,6.0,29.0,1,2,Yes
PRV51819,2.0,1.0,3.0,3,3500.0,50.0,7000.0,50.0,6.0,6.0,2.0,1,1,No
PRV51820,5.0,0.0,5.0,5,5000.0,0.0,25000.0,0.0,4.0,4.0,5.0,1,1,No
PRV51821,10.0,0.0,10.0,10,13800.0,0.0,138000.0,0.0,11.5,11.5,10.0,1,1,No
PRV51822,1.0,0.0,1.0,1,600.0,0.0,600.0,0.0,17.0,17.0,1.0,1,1,No
PRV51823,8.0,3.0,11.0,11,5500.0,176.66666666666666,44000.0,530.0,5.125,5.125,2.6666666666666665,1,2,No
PRV51824,10.0,0.0,10.0,9,5990.0,0.0,59900.0,0.0,6.9,6.9,10.0,1,3,No
PRV51826,21.0,0.0,21.0,20,12619.047619047618,0.0,265000.0,0.0,5.809523809523809,5.809523809523809,21.0,1,3,Yes
PRV51827,18.0,0.0,18.0,17,7222.222222222223,0.0,130000.0,0.0,6.722222222222222,6.722222222222222,18.0,1,2,No
PRV51828,11.0,0.0,11.0,11,10090.90909090909,0.0,111000.0,0.0,3.3636363636363638,3.3636363636363638,11.0,1,3,No
PRV51829,5.0,0.0,5.0,5,7200.0,0.0,36000.0,0.0,10.0,10.0,5.0,1,1,No
PRV51830,6.0,0.0,6.0,6,3333.3333333333335,0.0,20000.0,0.0,4.0,4.0,6.0,1,2,No
PRV51831,2.0,0.0,2.0,2,14000.0,0.0,28000.0,0.0,4.0,4.0,2.0,1,1,No
PRV51833,3.0,0.0,3.0,3,5000.0,0.0,15000.0,0.0,3.3333333333333335,3.3333333333333335,3.0,1,2,No
PRV51836,0.0,1794.0,1794.0,644,0.0,281.4938684503902,0.0,505000.0,0.0,0.0,0.0,2,10,Yes
PRV51837,15.0,89.0,104.0,99,11533.333333333334,306.85393258426967,173000.0,27310.0,7.0,7.0,0.16853932584269662,8,26,No
PRV51838,0.0,200.0,200.0,169,0.0,270.0,0.0,54000.0,0.0,0.0,0.0,17,44,No
PRV51840,39.0,79.0,118.0,111,9300.0,226.58227848101265,362700.0,17900.0,5.948717948717949,5.948717948717949,0.4936708860759494,11,23,Yes
PRV51841,8.0,48.0,56.0,52,14875.0,277.2916666666667,119000.0,13310.0,5.875,5.875,0.16666666666666666,6,20,No
PRV51842,117.0,177.0,294.0,223,9963.247863247863,310.1694915254237,1165700.0,54900.0,4.923076923076923,4.897435897435898,0.6610169491525424,15,40,Yes
PRV51843,0.0,50.0,50.0,36,0.0,376.2,0.0,18810.0,0.0,0.0,0.0,1,6,No
PRV51845,11.0,34.0,45.0,40,9272.727272727272,243.52941176470588,102000.0,8280.0,4.7272727272727275,4.7272727272727275,0.3235294117647059,3,13,No
PRV51846,2.0,27.0,29.0,25,5500.0,298.8888888888889,11000.0,8070.0,4.5,4.5,0.07407407407407407,1,7,No
PRV51847,0.0,42.0,42.0,38,0.0,224.28571428571428,0.0,9420.0,0.0,0.0,0.0,3,9,No
PRV51848,0.0,57.0,57.0,55,0.0,275.0877192982456,0.0,15680.0,0.0,0.0,0.0,11,24,No
PRV51849,3.0,143.0,146.0,111,6000.0,228.1118881118881,18000.0,32620.0,3.0,3.0,0.02097902097902098,5,23,No
PRV51851,53.0,419.0,472.0,336,10339.622641509433,289.95226730310264,548000.0,121490.0,4.773584905660377,4.773584905660377,0.12649164677804295,2,12,Yes
PRV51852,0.0,19.0,19.0,18,0.0,407.36842105263156,0.0,7740.0,0.0,0.0,0.0,2,6,No
PRV51855,16.0,104.0,120.0,92,7875.0,184.32692307692307,126000.0,19170.0,3.75,3.75,0.15384615384615385,8,16,No
PRV51856,0.0,117.0,117.0,107,0.0,269.2307692307692,0.0,31500.0,0.0,0.0,0.0,6,21,No
PRV51857,26.0,31.0,57.0,47,14576.923076923076,144.83870967741936,379000.0,4490.0,5.1923076923076925,5.1923076923076925,0.8387096774193549,5,14,Yes
PRV51858,0.0,61.0,61.0,59,0.0,235.7377049180328,0.0,14380.0,0.0,0.0,0.0,2,6,No
PRV51859,0.0,65.0,65.0,60,0.0,238.46153846153845,0.0,15500.0,0.0,0.0,0.0,2,10,No
PRV51860,4.0,772.0,776.0,351,4600.0,293.0181347150259,18400.0,226210.0,5.5,5.5,0.0051813471502590676,3,12,No
PRV51861,0.0,21.0,21.0,20,0.0,131.42857142857142,0.0,2760.0,0.0,0.0,0.0,1,5,No
PRV51862,8.0,12.0,20.0,20,11125.0,322.5,89000.0,3870.0,4.75,4.75,0.6666666666666666,1,6,No
PRV51863,19.0,54.0,73.0,66,14105.263157894737,346.2962962962963,268000.0,18700.0,7.894736842105263,7.894736842105263,0.35185185185185186,4,21,No
PRV51864,6.0,127.0,133.0,75,10000.0,244.8031496062992,60000.0,31090.0,2.8333333333333335,2.8333333333333335,0.047244094488188976,2,9,No
PRV51865,0.0,28.0,28.0,27,0.0,416.7857142857143,0.0,11670.0,0.0,0.0,0.0,5,9,No
PRV51867,0.0,102.0,102.0,97,0.0,315.0,0.0,32130.0,0.0,0.0,0.0,10,35,No
PRV51868,100.0,44.0,144.0,123,10930.6,151.13636363636363,1093060.0,6650.0,5.45,5.45,2.272727272727273,4,13,Yes
PRV51869,2.0,19.0,21.0,21,10500.0,288.42105263157896,21000.0,5480.0,4.5,4.5,0.10526315789473684,3,9,No
PRV51870,0.0,55.0,55.0,54,0.0,350.72727272727275,0.0,19290.0,0.0,0.0,0.0,3,11,No
PRV51871,0.0,30.0,30.0,29,0.0,197.33333333333334,0.0,5920.0,0.0,0.0,0.0,3,6,No
PRV51872,0.0,24.0,24.0,23,0.0,368.3333333333333,0.0,8840.0,0.0,0.0,0.0,3,7,No
PRV51873,26.0,118.0,144.0,130,11576.923076923076,343.0508474576271,301000.0,40480.0,6.038461538461538,6.038461538461538,0.22033898305084745,8,23,Yes
PRV51874,0.0,44.0,44.0,42,0.0,256.59090909090907,0.0,11290.0,0.0,0.0,0.0,6,13,No
PRV51875,0.0,1.0,1.0,1,0.0,50.0,0.0,50.0,0.0,0.0,0.0,1,1,No
PRV51876,18.0,43.0,61.0,57,12888.888888888889,240.0,232000.0,10320.0,6.944444444444445,6.944444444444445,0.4186046511627907,6,19,Yes
PRV51877,0.0,4.0,4.0,4,0.0,72.5,0.0,290.0,0.0,0.0,0.0,1,2,No
PRV51878,0.0,12.0,12.0,12,0.0,259.1666666666667,0.0,3110.0,0.0,0.0,0.0,2,6,No
PRV51879,0.0,105.0,105.0,36,0.0,387.7142857142857,0.0,40710.0,0.0,0.0,0.0,3,5,No
PRV51884,5.0,39.0,44.0,44,14600.0,295.64102564102564,73000.0,11530.0,6.2,6.2,0.1282051282051282,11,18,No
PRV51885,0.0,85.0,85.0,49,0.0,302.0,0.0,25670.0,0.0,0.0,0.0,4,10,No
PRV51886,0.0,18.0,18.0,5,0.0,120.0,0.0,2160.0,0.0,0.0,0.0,2,2,No
PRV51887,0.0,2.0,2.0,2,0.0,60.0,0.0,120.0,0.0,0.0,0.0,1,2,No
PRV51888,0.0,5.0,5.0,5,0.0,128.0,0.0,640.0,0.0,0.0,0.0,1,4,No
PRV51889,0.0,4.0,4.0,1,0.0,42.5,0.0,170.0,0.0,0.0,0.0,1,1,No
PRV51890,1.0,20.0,21.0,18,11000.0,175.5,11000.0,3510.0,2.0,2.0,0.05,2,5,No
PRV51891,0.0,3.0,3.0,3,0.0,160.0,0.0,480.0,0.0,0.0,0.0,1,3,No
PRV51892,0.0,5.0,5.0,5,0.0,150.0,0.0,750.0,0.0,0.0,0.0,1,2,No
PRV51894,0.0,20.0,20.0,20,0.0,460.5,0.0,9210.0,0.0,0.0,0.0,8,11,No
PRV51895,0.0,18.0,18.0,8,0.0,207.22222222222223,0.0,3730.0,0.0,0.0,0.0,1,3,No
PRV51896,0.0,5.0,5.0,4,0.0,106.0,0.0,530.0,0.0,0.0,0.0,2,3,No
PRV51897,0.0,65.0,65.0,38,0.0,168.15384615384616,0.0,10930.0,0.0,0.0,0.0,4,15,No
PRV51898,1.0,58.0,59.0,49,6000.0,112.41379310344827,6000.0,6520.0,3.0,3.0,0.017241379310344827,3,6,No
PRV51899,0.0,23.0,23.0,16,0.0,239.1304347826087,0.0,5500.0,0.0,0.0,0.0,1,4,No
PRV51901,0.0,7.0,7.0,7,0.0,514.2857142857143,0.0,3600.0,0.0,0.0,0.0,3,4,No
PRV51902,0.0,4.0,4.0,1,0.0,325.0,0.0,1300.0,0.0,0.0,0.0,1,1,No
PRV51905,0.0,257.0,257.0,85,0.0,321.16731517509726,0.0,82540.0,0.0,0.0,0.0,3,6,No
PRV51906,0.0,22.0,22.0,8,0.0,124.0909090909091,0.0,2730.0,0.0,0.0,0.0,1,2,No
PRV51908,0.0,22.0,22.0,22,0.0,648.6363636363636,0.0,14270.0,0.0,0.0,0.0,1,4,No
PRV51909,0.0,16.0,16.0,16,0.0,216.25,0.0,3460.0,0.0,0.0,0.0,1,6,No
PRV51910,0.0,82.0,82.0,49,0.0,340.8536585365854,0.0,27950.0,0.0,0.0,0.0,1,2,No
PRV51911,0.0,93.0,93.0,56,0.0,274.6236559139785,0.0,25540.0,0.0,0.0,0.0,1,1,No
PRV51913,0.0,1.0,1.0,1,0.0,70.0,0.0,70.0,0.0,0.0,0.0,1,1,No
PRV51914,0.0,11.0,11.0,11,0.0,152.72727272727272,0.0,1680.0,0.0,0.0,0.0,1,2,No
PRV51915,0.0,20.0,20.0,16,0.0,308.5,0.0,6170.0,0.0,0.0,0.0,1,1,No
PRV51916,0.0,43.0,43.0,13,0.0,169.53488372093022,0.0,7290.0,0.0,0.0,0.0,1,1,No
PRV51917,0.0,11.0,11.0,9,0.0,88.18181818181819,0.0,970.0,0.0,0.0,0.0,1,1,No
PRV51918,0.0,1.0,1.0,1,0.0,50.0,0.0,50.0,0.0,0.0,0.0,1,1,No
PRV51919,6.0,0.0,6.0,6,16833.333333333332,0.0,101000.0,0.0,5.666666666666667,5.666666666666667,6.0,1,3,No
PRV51920,9.0,9.0,18.0,18,11111.111111111111,77.77777777777777,100000.0,700.0,6.0,6.0,1.0,1,5,Yes
PRV51921,0.0,70.0,70.0,24,0.0,275.57142857142856,0.0,19290.0,0.0,0.0,0.0,1,3,No
PRV51922,0.0,24.0,24.0,11,0.0,212.08333333333334,0.0,5090.0,0.0,0.0,0.0,1,3,No
PRV51923,0.0,9.0,9.0,7,0.0,115.55555555555556,0.0,1040.0,0.0,0.0,0.0,2,2,No
PRV51924,0.0,50.0,50.0,25,0.0,314.2,0.0,15710.0,0.0,0.0,0.0,1,5,No
PRV51925,0.0,4.0,4.0,3,0.0,490.0,0.0,1960.0,0.0,0.0,0.0,1,1,No
PRV51926,0.0,32.0,32.0,30,0.0,433.4375,0.0,13870.0,0.0,0.0,0.0,1,8,No
PRV51927,5.0,1.0,6.0,6,12800.0,50.0,64000.0,50.0,11.4,11.4,5.0,1,3,No
PRV51928,0.0,30.0,30.0,30,0.0,238.0,0.0,7140.0,0.0,0.0,0.0,4,8,No
PRV51929,8.0,103.0,111.0,109,8875.0,345.92233009708735,71000.0,35630.0,3.125,3.125,0.07766990291262135,8,19,No
PRV51930,0.0,6.0,6.0,6,0.0,168.33333333333334,0.0,1010.0,0.0,0.0,0.0,1,2,No
PRV51931,1.0,45.0,46.0,45,5000.0,298.44444444444446,5000.0,13430.0,3.0,3.0,0.022222222222222223,3,10,No
PRV51932,2.0,19.0,21.0,21,13500.0,261.57894736842104,27000.0,4970.0,13.5,13.5,0.10526315789473684,3,7,No
PRV51933,0.0,57.0,57.0,56,0.0,252.10526315789474,0.0,14370.0,0.0,0.0,0.0,5,16,No
PRV51934,0.0,111.0,111.0,111,0.0,245.67567567567568,0.0,27270.0,0.0,0.0,0.0,11,28,No
PRV51935,3.0,54.0,57.0,55,7333.333333333333,301.48148148148147,22000.0,16280.0,7.666666666666667,7.666666666666667,0.05555555555555555,5,17,No
PRV51936,0.0,20.0,20.0,20,0.0,238.5,0.0,4770.0,0.0,0.0,0.0,4,7,No
PRV51937,0.0,90.0,90.0,87,0.0,203.0,0.0,18270.0,0.0,0.0,0.0,3,7,No
PRV51938,2.0,104.0,106.0,95,5500.0,298.2692307692308,11000.0,31020.0,3.5,3.5,0.019230769230769232,1,2,No
PRV51940,193.0,58.0,251.0,227,10176.165803108808,487.41379310344826,1964000.0,28270.0,5.787564766839378,5.787564766839378,3.3275862068965516,5,23,Yes
PRV51941,2.0,25.0,27.0,27,5600.0,271.6,11200.0,6790.0,2.5,2.5,0.08,3,8,No
PRV51942,0.0,53.0,53.0,52,0.0,224.1509433962264,0.0,11880.0,0.0,0.0,0.0,6,14,No
PRV51943,1.0,88.0,89.0,85,9000.0,226.9318181818182,9000.0,19970.0,2.0,2.0,0.011363636363636364,5,15,No
PRV51944,5.0,119.0,124.0,111,9800.0,395.79831932773106,49000.0,47100.0,8.4,8.4,0.04201680672268908,5,12,No
PRV51946,23.0,68.0,91.0,89,7913.04347826087,284.8529411764706,182000.0,19370.0,4.6521739130434785,4.6521739130434785,0.3382352941176471,8,26,No
PRV51947,1.0,27.0,28.0,27,22000.0,77.4074074074074,22000.0,2090.0,14.0,14.0,0.037037037037037035,5,12,No
PRV51948,143.0,372.0,515.0,354,9865.734265734265,293.4139784946237,1410800.0,109150.0,5.5874125874125875,5.5874125874125875,0.3844086021505376,7,19,Yes
PRV51949,19.0,52.0,71.0,68,12947.368421052632,271.9230769230769,246000.0,14140.0,6.2631578947368425,6.2631578947368425,0.36538461538461536,5,16,No
PRV51950,3.0,66.0,69.0,68,7666.666666666667,345.0,23000.0,22770.0,7.666666666666667,7.666666666666667,0.045454545454545456,5,17,No
PRV51951,48.0,54.0,102.0,87,9541.666666666666,277.962962962963,458000.0,15010.0,5.270833333333333,5.270833333333333,0.8888888888888888,7,18,Yes
PRV51952,0.0,19.0,19.0,19,0.0,130.0,0.0,2470.0,0.0,0.0,0.0,2,10,No
PRV51954,23.0,620.0,643.0,577,11826.08695652174,288.5967741935484,272000.0,178930.0,5.739130434782608,5.739130434782608,0.037096774193548385,11,32,No
PRV51956,2.0,12.0,14.0,14,9000.0,509.1666666666667,18000.0,6110.0,12.0,12.0,0.16666666666666666,2,6,No
PRV51957,24.0,55.0,79.0,77,8291.666666666666,203.45454545454547,199000.0,11190.0,4.875,4.875,0.43636363636363634,5,13,No
PRV51958,1.0,28.0,29.0,29,3000.0,285.7142857142857,3000.0,8000.0,1.0,1.0,0.03571428571428571,3,11,No
PRV51959,0.0,751.0,751.0,398,0.0,284.08788282290277,0.0,213350.0,0.0,0.0,0.0,2,6,No
PRV51960,21.0,27.0,48.0,45,12523.809523809523,134.8148148148148,263000.0,3640.0,4.761904761904762,4.761904761904762,0.7777777777777778,1,4,No
PRV51961,0.0,159.0,159.0,137,0.0,293.1446540880503,0.0,46610.0,0.0,0.0,0.0,1,1,No
PRV51963,0.0,54.0,54.0,48,0.0,252.40740740740742,0.0,13630.0,0.0,0.0,0.0,1,1,No
PRV51964,0.0,17.0,17.0,17,0.0,143.52941176470588,0.0,2440.0,0.0,0.0,0.0,1,1,No
PRV51965,0.0,19.0,19.0,18,0.0,141.05263157894737,0.0,2680.0,0.0,0.0,0.0,1,1,No
PRV51966,0.0,3.0,3.0,3,0.0,816.6666666666666,0.0,2450.0,0.0,0.0,0.0,1,1,No
PRV51967,0.0,57.0,57.0,53,0.0,295.2631578947368,0.0,16830.0,0.0,0.0,0.0,1,1,No
PRV51968,0.0,1.0,1.0,1,0.0,90.0,0.0,90.0,0.0,0.0,0.0,1,1,No
PRV51969,0.0,42.0,42.0,39,0.0,367.85714285714283,0.0,15450.0,0.0,0.0,0.0,2,2,No
PRV51970,0.0,35.0,35.0,32,0.0,726.0,0.0,25410.0,0.0,0.0,0.0,1,1,No
PRV51972,0.0,35.0,35.0,34,0.0,270.2857142857143,0.0,9460.0,0.0,0.0,0.0,1,2,No
PRV51973,0.0,74.0,74.0,63,0.0,257.56756756756755,0.0,19060.0,0.0,0.0,0.0,1,2,No
PRV51974,0.0,4.0,4.0,4,0.0,177.5,0.0,710.0,0.0,0.0,0.0,1,1,No
PRV51976,7.0,0.0,7.0,7,8714.285714285714,0.0,61000.0,0.0,6.714285714285714,6.714285714285714,7.0,1,1,No
PRV51977,1.0,0.0,1.0,1,8000.0,0.0,8000.0,0.0,3.0,3.0,1.0,1,1,No
PRV51978,4.0,0.0,4.0,4,7750.0,0.0,31000.0,0.0,5.25,5.25,4.0,1,3,No
PRV51979,13.0,0.0,13.0,12,10461.538461538461,0.0,136000.0,0.0,5.076923076923077,5.076923076923077,13.0,1,2,Yes
PRV51981,5.0,0.0,5.0,5,3600.0,0.0,18000.0,0.0,3.2,3.2,5.0,1,2,No
PRV51983,0.0,40.0,40.0,39,0.0,176.25,0.0,7050.0,0.0,0.0,0.0,3,9,No
PRV51984,0.0,525.0,525.0,337,0.0,306.247619047619,0.0,160780.0,0.0,0.0,0.0,10,34,No
PRV51987,0.0,2.0,2.0,2,0.0,15.0,0.0,30.0,0.0,0.0,0.0,1,1,No
PRV51988,0.0,37.0,37.0,32,0.0,330.5405405405405,0.0,12230.0,0.0,0.0,0.0,1,1,No
PRV51989,0.0,18.0,18.0,18,0.0,225.55555555555554,0.0,4060.0,0.0,0.0,0.0,1,2,No
PRV51990,0.0,89.0,89.0,49,0.0,210.0,0.0,18690.0,0.0,0.0,0.0,1,3,No
PRV51991,0.0,31.0,31.0,30,0.0,308.7096774193548,0.0,9570.0,0.0,0.0,0.0,1,1,No
PRV51992,0.0,61.0,61.0,54,0.0,176.88524590163934,0.0,10790.0,0.0,0.0,0.0,1,1,No
PRV51993,0.0,2.0,2.0,2,0.0,115.0,0.0,230.0,0.0,0.0,0.0,1,1,No
PRV51994,0.0,33.0,33.0,31,0.0,356.969696969697,0.0,11780.0,0.0,0.0,0.0,2,2,No
PRV51995,0.0,20.0,20.0,20,0.0,485.0,0.0,9700.0,0.0,0.0,0.0,1,1,No
PRV51996,0.0,41.0,41.0,38,0.0,245.609756097561,0.0,10070.0,0.0,0.0,0.0,1,1,No
PRV51998,0.0,28.0,28.0,28,0.0,191.42857142857142,0.0,5360.0,0.0,0.0,0.0,1,2,No
PRV51999,0.0,17.0,17.0,17,0.0,156.47058823529412,0.0,2660.0,0.0,0.0,0.0,1,2,No
PRV52001,0.0,1177.0,1177.0,744,0.0,272.4044180118946,0.0,320620.0,0.0,0.0,0.0,9,33,No
PRV52002,24.0,164.0,188.0,180,12458.333333333334,269.8780487804878,299000.0,44260.0,6.958333333333333,6.958333333333333,0.14634146341463414,12,30,Yes
PRV52003,77.0,77.0,154.0,144,10103.896103896104,375.97402597402595,778000.0,28950.0,4.584415584415584,4.584415584415584,1.0,8,23,No
PRV52004,0.0,47.0,47.0,41,0.0,333.6170212765957,0.0,15680.0,0.0,0.0,0.0,2,2,No
PRV52007,0.0,18.0,18.0,18,0.0,106.11111111111111,0.0,1910.0,0.0,0.0,0.0,1,1,No
PRV52008,0.0,25.0,25.0,24,0.0,193.2,0.0,4830.0,0.0,0.0,0.0,2,2,No
PRV52009,0.0,35.0,35.0,33,0.0,164.85714285714286,0.0,5770.0,0.0,0.0,0.0,2,2,No
PRV52010,0.0,7.0,7.0,7,0.0,200.0,0.0,1400.0,0.0,0.0,0.0,2,2,No
PRV52011,0.0,26.0,26.0,23,0.0,271.9230769230769,0.0,7070.0,0.0,0.0,0.0,2,2,No
PRV52012,1.0,0.0,1.0,1,8000.0,0.0,8000.0,0.0,8.0,8.0,1.0,1,1,No
PRV52013,0.0,62.0,62.0,56,0.0,229.19354838709677,0.0,14210.0,0.0,0.0,0.0,3,10,No
PRV52014,0.0,351.0,351.0,299,0.0,267.4928774928775,0.0,93890.0,0.0,0.0,0.0,16,38,No
PRV52017,23.0,257.0,280.0,262,10217.391304347826,271.47859922178986,235000.0,69770.0,4.478260869565218,4.478260869565218,0.08949416342412451,16,44,No
PRV52019,516.0,1445.0,1961.0,1734,10815.639534883721,287.3217993079585,5580870.0,415180.0,5.89922480620155,5.9147286821705425,0.3570934256055363,36,88,Yes
PRV52020,92.0,514.0,606.0,577,11166.304347826086,267.5486381322957,1027300.0,137520.0,5.206521739130435,5.228260869565218,0.17898832684824903,28,69,Yes
PRV52021,181.0,432.0,613.0,570,10008.28729281768,324.88425925925924,1811500.0,140350.0,5.762430939226519,5.762430939226519,0.41898148148148145,25,67,Yes
PRV52022,0.0,66.0,66.0,66,0.0,269.24242424242425,0.0,17770.0,0.0,0.0,0.0,7,12,No
PRV52024,0.0,2.0,2.0,2,0.0,1050.0,0.0,2100.0,0.0,0.0,0.0,1,1,No
PRV52025,0.0,119.0,119.0,117,0.0,295.7142857142857,0.0,35190.0,0.0,0.0,0.0,11,36,No
PRV52026,0.0,24.0,24.0,23,0.0,290.0,0.0,6960.0,0.0,0.0,0.0,5,6,No
PRV52027,46.0,135.0,181.0,179,8152.173913043478,204.59259259259258,375000.0,27620.0,5.456521739130435,5.456521739130435,0.34074074074074073,18,38,No
PRV52028,4.0,14.0,18.0,18,16500.0,252.14285714285714,66000.0,3530.0,3.5,3.5,0.2857142857142857,2,4,No
PRV52029,11.0,157.0,168.0,159,11363.636363636364,265.03184713375794,125000.0,41610.0,4.454545454545454,4.454545454545454,0.07006369426751592,12,29,No
PRV52030,4.0,2271.0,2275.0,1179,13500.0,276.24834874504626,54000.0,627360.0,13.25,13.25,0.0017613386173491853,11,30,Yes
PRV52031,1.0,124.0,125.0,112,11000.0,215.88709677419354,11000.0,26770.0,1.0,1.0,0.008064516129032258,9,26,No
PRV52032,56.0,571.0,627.0,568,9562.5,285.7092819614711,535500.0,163140.0,4.732142857142857,4.732142857142857,0.09807355516637478,25,68,Yes
PRV52037,0.0,171.0,171.0,159,0.0,307.953216374269,0.0,52660.0,0.0,0.0,0.0,19,39,No
PRV52038,22.0,237.0,259.0,217,7863.636363636364,285.3586497890295,173000.0,67630.0,3.8636363636363638,3.8636363636363638,0.09282700421940929,14,34,No
PRV52039,0.0,50.0,50.0,46,0.0,203.4,0.0,10170.0,0.0,0.0,0.0,9,21,No
PRV52041,0.0,1885.0,1885.0,918,0.0,320.9442970822281,0.0,604980.0,0.0,0.0,0.0,17,35,Yes
PRV52042,1.0,51.0,52.0,50,9000.0,367.05882352941177,9000.0,18720.0,3.0,3.0,0.0196078431372549,2,2,No
PRV52044,43.0,36.0,79.0,75,9325.581395348838,217.5,401000.0,7830.0,6.0,6.0,1.1944444444444444,6,28,No
PRV52045,46.0,197.0,243.0,231,11363.04347826087,275.78680203045684,522700.0,54330.0,5.391304347826087,5.326086956521739,0.233502538071066,9,38,Yes
PRV52046,0.0,101.0,101.0,98,0.0,279.1089108910891,0.0,28190.0,0.0,0.0,0.0,7,20,No
PRV52047,15.0,9.0,24.0,21,9600.0,505.55555555555554,144000.0,4550.0,5.466666666666667,5.466666666666667,1.6666666666666667,2,5,No
PRV52048,0.0,108.0,108.0,98,0.0,359.44444444444446,0.0,38820.0,0.0,0.0,0.0,6,22,No
PRV52049,0.0,192.0,192.0,189,0.0,290.8854166666667,0.0,55850.0,0.0,0.0,0.0,15,36,No
PRV52051,0.0,89.0,89.0,88,0.0,396.5168539325843,0.0,35290.0,0.0,0.0,0.0,8,23,No
PRV52052,5.0,53.0,58.0,56,7200.0,237.35849056603774,36000.0,12580.0,2.4,2.4,0.09433962264150944,9,23,No
PRV52054,0.0,240.0,240.0,232,0.0,327.0416666666667,0.0,78490.0,0.0,0.0,0.0,10,32,No
PRV52055,0.0,203.0,203.0,148,0.0,251.2807881773399,0.0,51010.0,0.0,0.0,0.0,7,20,No
PRV52056,0.0,60.0,60.0,52,0.0,288.0,0.0,17280.0,0.0,0.0,0.0,7,21,No
PRV52057,10.0,175.0,185.0,164,14800.0,147.25714285714287,148000.0,25770.0,7.0,7.0,0.05714285714285714,12,33,No
PRV52058,0.0,204.0,204.0,199,0.0,271.8137254901961,0.0,55450.0,0.0,0.0,0.0,10,31,No
PRV52059,13.0,1274.0,1287.0,430,12000.0,302.0486656200942,156000.0,384810.0,7.461538461538462,7.461538461538462,0.01020408163265306,6,16,Yes
PRV52061,0.0,131.0,131.0,121,0.0,242.67175572519085,0.0,31790.0,0.0,0.0,0.0,8,29,No
PRV52062,0.0,184.0,184.0,181,0.0,309.0217391304348,0.0,56860.0,0.0,0.0,0.0,13,30,No
PRV52063,88.0,704.0,792.0,728,10443.181818181818,280.12784090909093,919000.0,197210.0,5.363636363636363,5.363636363636363,0.125,26,68,No
PRV52064,38.0,2806.0,2844.0,1536,9210.526315789473,274.29793300071276,350000.0,769680.0,4.868421052631579,4.868421052631579,0.0135424091233072,28,82,Yes
PRV52065,116.0,209.0,325.0,316,10293.103448275862,269.2822966507177,1194000.0,56280.0,4.870689655172414,4.870689655172414,0.5550239234449761,19,50,Yes
PRV52066,0.0,1455.0,1455.0,630,0.0,265.65635738831617,0.0,386530.0,0.0,0.0,0.0,13,37,Yes
PRV52068,0.0,48.0,48.0,48,0.0,272.5,0.0,13080.0,0.0,0.0,0.0,7,17,No
PRV52069,0.0,88.0,88.0,84,0.0,253.1818181818182,0.0,22280.0,0.0,0.0,0.0,9,25,No
PRV52071,0.0,749.0,749.0,328,0.0,346.92923898531376,0.0,259850.0,0.0,0.0,0.0,11,36,No
PRV52072,41.0,91.0,132.0,124,9707.317073170732,253.07692307692307,398000.0,23030.0,5.512195121951219,5.512195121951219,0.45054945054945056,12,28,No
PRV52073,28.0,36.0,64.0,63,12321.42857142857,395.8333333333333,345000.0,14250.0,4.964285714285714,4.964285714285714,0.7777777777777778,5,12,No
PRV52074,11.0,130.0,141.0,134,12363.636363636364,196.92307692307693,136000.0,25600.0,4.454545454545454,4.454545454545454,0.08461538461538462,9,30,No
PRV52075,0.0,5.0,5.0,5,0.0,244.0,0.0,1220.0,0.0,0.0,0.0,1,1,No
PRV52076,56.0,165.0,221.0,199,9142.857142857143,254.9090909090909,512000.0,42060.0,4.875,4.875,0.3393939393939394,5,31,No
PRV52077,104.0,1052.0,1156.0,695,10384.615384615385,270.1045627376426,1080000.0,284150.0,5.548076923076923,5.548076923076923,0.09885931558935361,11,35,Yes
PRV52079,7.0,26.0,33.0,31,5500.0,253.84615384615384,38500.0,6600.0,6.571428571428571,6.571428571428571,0.2692307692307692,5,12,No
PRV52081,3.0,21.0,24.0,24,6000.0,489.04761904761904,18000.0,10270.0,6.0,6.0,0.14285714285714285,3,7,No
PRV52082,0.0,8.0,8.0,8,0.0,110.0,0.0,880.0,0.0,0.0,0.0,1,4,No
PRV52084,10.0,24.0,34.0,32,10200.0,239.58333333333334,102000.0,5750.0,5.0,5.0,0.4166666666666667,4,9,No
PRV52085,0.0,824.0,824.0,747,0.0,292.0145631067961,0.0,240620.0,0.0,0.0,0.0,30,71,No
PRV52087,2.0,54.0,56.0,44,1500.0,321.2962962962963,3000.0,17350.0,3.5,3.5,0.037037037037037035,4,6,No
PRV52088,1.0,43.0,44.0,44,18000.0,162.5581395348837,18000.0,6990.0,3.0,3.0,0.023255813953488372,4,12,No
PRV52089,15.0,130.0,145.0,102,11666.666666666666,358.3076923076923,175000.0,46580.0,3.933333333333333,3.933333333333333,0.11538461538461539,1,13,Yes
PRV52090,0.0,303.0,303.0,279,0.0,324.25742574257424,0.0,98250.0,0.0,0.0,0.0,14,54,No
PRV52092,12.0,147.0,159.0,144,8666.666666666666,254.89795918367346,104000.0,37470.0,5.5,5.5,0.08163265306122448,11,29,No
PRV52094,8.0,45.0,53.0,50,18750.0,247.11111111111111,150000.0,11120.0,5.5,5.5,0.17777777777777778,1,18,No
PRV52095,1.0,37.0,38.0,37,5000.0,285.4054054054054,5000.0,10560.0,4.0,4.0,0.02702702702702703,4,12,No
PRV52097,1.0,54.0,55.0,51,4000.0,289.6296296296296,4000.0,15640.0,3.0,3.0,0.018518518518518517,2,12,No
PRV52098,0.0,469.0,469.0,435,0.0,261.5351812366738,0.0,122660.0,0.0,0.0,0.0,11,57,No
PRV52099,2.0,88.0,90.0,71,7000.0,197.38636363636363,14000.0,17370.0,7.0,7.0,0.022727272727272728,3,9,No
PRV52100,164.0,37.0,201.0,177,9287.80487804878,268.9189189189189,1523200.0,9950.0,6.475609756097561,6.524390243902439,4.4324324324324325,8,25,Yes
PRV52101,1.0,14.0,15.0,15,10000.0,178.57142857142858,10000.0,2500.0,2.0,2.0,0.07142857142857142,1,4,No
PRV52102,0.0,15.0,15.0,15,0.0,127.33333333333333,0.0,1910.0,0.0,0.0,0.0,2,5,No
PRV52104,0.0,1189.0,1189.0,663,0.0,291.9007569386039,0.0,347070.0,0.0,0.0,0.0,17,45,No
PRV52105,0.0,26.0,26.0,25,0.0,491.53846153846155,0.0,12780.0,0.0,0.0,0.0,1,5,No
PRV52107,10.0,109.0,119.0,114,9300.0,291.3761467889908,93000.0,31760.0,6.6,6.6,0.09174311926605505,1,2,No
PRV52109,0.0,248.0,248.0,222,0.0,304.758064516129,0.0,75580.0,0.0,0.0,0.0,12,45,No
PRV52111,9.0,76.0,85.0,82,7222.222222222223,328.42105263157896,65000.0,24960.0,3.0,3.0,0.11842105263157894,5,17,No
PRV52112,24.0,61.0,85.0,85,10208.333333333334,242.45901639344262,245000.0,14790.0,5.833333333333333,5.833333333333333,0.39344262295081966,5,29,No
PRV52113,0.0,120.0,120.0,53,0.0,184.75,0.0,22170.0,0.0,0.0,0.0,1,6,No
PRV52114,105.0,1164.0,1269.0,633,10571.42857142857,264.7938144329897,1110000.0,308220.0,5.561904761904762,5.561904761904762,0.09020618556701031,9,38,Yes
PRV52115,20.0,70.0,90.0,74,11500.0,164.28571428571428,230000.0,11500.0,6.95,6.95,0.2857142857142857,4,13,Yes
PRV52118,4.0,48.0,52.0,49,24000.0,367.9166666666667,96000.0,17660.0,6.5,6.5,0.08333333333333333,3,7,No
PRV52119,16.0,36.0,52.0,51,12000.0,288.3333333333333,192000.0,10380.0,5.8125,5.8125,0.4444444444444444,5,21,Yes
PRV52120,165.0,1066.0,1231.0,1098,9849.69696969697,305.3658536585366,1625200.0,325520.0,5.806060606060606,5.806060606060606,0.15478424015009382,26,53,Yes
PRV52121,4.0,49.0,53.0,50,9000.0,277.7551020408163,36000.0,13610.0,3.25,3.25,0.08163265306122448,9,16,No
PRV52122,0.0,41.0,41.0,41,0.0,457.0731707317073,0.0,18740.0,0.0,0.0,0.0,2,9,No
PRV52123,162.0,94.0,256.0,219,8787.654320987655,250.4255319148936,1423600.0,23540.0,6.092592592592593,6.092592592592593,1.7234042553191489,11,24,Yes
PRV52124,7.0,108.0,115.0,113,21142.85714285714,381.94444444444446,148000.0,41250.0,8.285714285714286,8.285714285714286,0.06481481481481481,7,25,Yes
PRV52126,39.0,71.0,110.0,106,9461.538461538461,279.2957746478873,369000.0,19830.0,5.897435897435898,5.897435897435898,0.5492957746478874,10,27,No
PRV52127,5.0,10.0,15.0,15,14400.0,105.0,72000.0,1050.0,7.0,7.0,0.5,3,7,No
PRV52128,53.0,60.0,113.0,106,8717.924528301886,508.3333333333333,462050.0,30500.0,5.69811320754717,5.69811320754717,0.8833333333333333,1,7,No
PRV52129,0.0,223.0,223.0,75,0.0,249.28251121076232,0.0,55590.0,0.0,0.0,0.0,2,8,No
PRV52130,10.0,83.0,93.0,90,11600.0,302.4096385542169,116000.0,25100.0,7.4,7.4,0.12048192771084337,3,13,No
PRV52131,31.0,53.0,84.0,75,10641.935483870968,374.7169811320755,329900.0,19860.0,4.258064516129032,4.258064516129032,0.5849056603773585,2,19,No
PRV52133,2.0,303.0,305.0,270,3500.0,323.6963696369637,7000.0,98080.0,1.5,1.5,0.006600660066006601,7,25,No
PRV52135,210.0,53.0,263.0,239,8649.047619047618,174.52830188679246,1816300.0,9250.0,4.957142857142857,4.957142857142857,3.9622641509433962,6,18,Yes
PRV52136,40.0,64.0,104.0,100,9025.0,299.84375,361000.0,19190.0,4.875,4.875,0.625,13,27,No
PRV52138,0.0,188.0,188.0,179,0.0,313.1914893617021,0.0,58880.0,0.0,0.0,0.0,12,30,No
PRV52140,0.0,19.0,19.0,18,0.0,270.0,0.0,5130.0,0.0,0.0,0.0,6,6,No
PRV52141,3.0,668.0,671.0,341,5666.666666666667,304.3263473053892,17000.0,203290.0,1.6666666666666667,1.6666666666666667,0.004491017964071856,21,43,No
PRV52142,28.0,31.0,59.0,59,8675.0,181.29032258064515,242900.0,5620.0,4.75,4.75,0.9032258064516129,5,16,No
PRV52143,0.0,17.0,17.0,17,0.0,487.6470588235294,0.0,8290.0,0.0,0.0,0.0,4,7,No
PRV52144,12.0,122.0,134.0,133,7416.666666666667,279.75409836065575,89000.0,34130.0,4.166666666666667,4.166666666666667,0.09836065573770492,13,28,No
PRV52145,0.0,245.0,245.0,236,0.0,248.6122448979592,0.0,60910.0,0.0,0.0,0.0,15,44,No
PRV52146,24.0,16.0,40.0,39,9875.0,231.875,237000.0,3710.0,5.625,5.625,1.5,9,18,No
PRV52147,18.0,193.0,211.0,211,13111.111111111111,287.56476683937825,236000.0,55500.0,6.055555555555555,6.055555555555555,0.09326424870466321,13,41,Yes
PRV52148,42.0,36.0,78.0,76,8119.047619047619,115.27777777777777,341000.0,4150.0,5.761904761904762,5.761904761904762,1.1666666666666667,2,11,No
PRV52149,16.0,164.0,180.0,174,9625.0,228.96341463414635,154000.0,37550.0,4.4375,4.4375,0.0975609756097561,13,29,No
PRV52150,31.0,279.0,310.0,288,11870.967741935483,276.8458781362007,368000.0,77240.0,7.161290322580645,7.161290322580645,0.1111111111111111,15,45,No
PRV52151,47.0,74.0,121.0,114,9697.872340425532,247.43243243243242,455800.0,18310.0,5.638297872340425,5.638297872340425,0.6351351351351351,5,21,Yes
PRV52152,47.0,41.0,88.0,84,9531.489361702128,155.609756097561,447980.0,6380.0,5.0212765957446805,5.042553191489362,1.146341463414634,9,27,No
PRV52154,0.0,742.0,742.0,705,0.0,261.92722371967653,0.0,194350.0,0.0,0.0,0.0,32,82,No
PRV52155,12.0,50.0,62.0,56,7000.0,289.8,84000.0,14490.0,11.583333333333334,11.583333333333334,0.24,4,16,No
PRV52156,13.0,111.0,124.0,123,18307.69230769231,305.4954954954955,238000.0,33910.0,4.615384615384615,4.615384615384615,0.11711711711711711,9,24,No
PRV52157,43.0,184.0,227.0,178,10325.581395348838,274.1847826086956,444000.0,50450.0,6.930232558139535,6.930232558139535,0.23369565217391305,9,36,No
PRV52159,24.0,247.0,271.0,263,9375.0,256.27530364372467,225000.0,63300.0,3.8333333333333335,3.8333333333333335,0.09716599190283401,10,49,No
PRV52160,3.0,50.0,53.0,53,10000.0,229.2,30000.0,11460.0,4.666666666666667,4.666666666666667,0.06,4,8,No
PRV52161,0.0,10.0,10.0,10,0.0,166.0,0.0,1660.0,0.0,0.0,0.0,2,6,No
PRV52162,1.0,38.0,39.0,36,14000.0,368.42105263157896,14000.0,14000.0,2.0,2.0,0.02631578947368421,4,10,No
PRV52163,2.0,60.0,62.0,62,6000.0,424.5,12000.0,25470.0,1.0,1.0,0.03333333333333333,4,17,No
PRV52165,10.0,62.0,72.0,62,9100.0,371.93548387096774,91000.0,23060.0,4.4,4.4,0.16129032258064516,6,14,Yes
PRV52166,7.0,93.0,100.0,85,6285.714285714285,272.0430107526882,44000.0,25300.0,5.0,5.0,0.07526881720430108,4,17,No
PRV52167,9.0,71.0,80.0,74,11000.0,244.92957746478874,99000.0,17390.0,4.444444444444445,4.444444444444445,0.1267605633802817,10,19,No
PRV52168,0.0,78.0,78.0,77,0.0,226.4102564102564,0.0,17660.0,0.0,0.0,0.0,7,13,No
PRV52169,0.0,39.0,39.0,38,0.0,256.4102564102564,0.0,10000.0,0.0,0.0,0.0,5,15,No
PRV52170,3.0,40.0,43.0,43,17666.666666666668,227.25,53000.0,9090.0,14.0,14.0,0.075,5,10,No
PRV52171,3.0,9.0,12.0,12,5333.333333333333,202.22222222222223,16000.0,1820.0,5.0,5.0,0.3333333333333333,3,8,No
PRV52173,119.0,0.0,119.0,108,11608.403361344537,0.0,1381400.0,0.0,6.571428571428571,6.571428571428571,119.0,1,1,Yes
PRV52174,0.0,4.0,4.0,4,0.0,207.5,0.0,830.0,0.0,0.0,0.0,3,4,No
PRV52175,0.0,221.0,221.0,215,0.0,263.8914027149321,0.0,58320.0,0.0,0.0,0.0,18,39,No
PRV52176,21.0,0.0,21.0,21,14857.142857142857,0.0,312000.0,0.0,4.476190476190476,4.476190476190476,21.0,1,4,No
PRV52177,5.0,34.0,39.0,39,5400.0,201.47058823529412,27000.0,6850.0,5.4,5.4,0.14705882352941177,5,10,No
PRV52178,133.0,3.0,136.0,121,10371.42857142857,63.333333333333336,1379400.0,190.0,6.639097744360902,6.631578947368421,44.333333333333336,1,2,Yes
PRV52179,2.0,42.0,44.0,19,12000.0,378.8095238095238,24000.0,15910.0,5.5,5.5,0.047619047619047616,1,4,No
PRV52180,5.0,57.0,62.0,58,12880.0,251.2280701754386,64400.0,14320.0,6.2,6.2,0.08771929824561403,3,9,No
PRV52181,10.0,17.0,27.0,25,10500.0,214.11764705882354,105000.0,3640.0,6.0,6.0,0.5882352941176471,2,7,Yes
PRV52182,5.0,104.0,109.0,54,5800.0,332.88461538461536,29000.0,34620.0,3.8,3.8,0.04807692307692308,2,7,No
PRV52184,0.0,21.0,21.0,20,0.0,140.95238095238096,0.0,2960.0,0.0,0.0,0.0,2,4,No
PRV52185,0.0,68.0,68.0,54,0.0,228.08823529411765,0.0,15510.0,0.0,0.0,0.0,1,3,No
PRV52186,0.0,41.0,41.0,38,0.0,174.6341463414634,0.0,7160.0,0.0,0.0,0.0,3,9,No
PRV52187,0.0,27.0,27.0,25,0.0,275.55555555555554,0.0,7440.0,0.0,0.0,0.0,1,4,No
PRV52188,14.0,19.0,33.0,32,11785.714285714286,320.0,165000.0,6080.0,6.571428571428571,6.571428571428571,0.7368421052631579,1,9,No
PRV52189,0.0,23.0,23.0,20,0.0,256.0869565217391,0.0,5890.0,0.0,0.0,0.0,1,6,No
PRV52191,0.0,28.0,28.0,25,0.0,308.57142857142856,0.0,8640.0,0.0,0.0,0.0,1,8,No
PRV52192,6.0,26.0,32.0,29,8166.666666666667,117.6923076923077,49000.0,3060.0,4.333333333333333,4.333333333333333,0.23076923076923078,1,7,No
PRV52193,0.0,153.0,153.0,125,0.0,187.05882352941177,0.0,28620.0,0.0,0.0,0.0,1,1,No
PRV52195,10.0,0.0,10.0,10,12000.0,0.0,120000.0,0.0,6.5,6.5,10.0,2,5,Yes
PRV52196,0.0,6.0,6.0,6,0.0,451.6666666666667,0.0,2710.0,0.0,0.0,0.0,1,2,No
PRV52197,10.0,0.0,10.0,10,11400.0,0.0,114000.0,0.0,7.7,7.7,10.0,1,4,No
PRV52199,0.0,10.0,10.0,10,0.0,108.0,0.0,1080.0,0.0,0.0,0.0,1,2,No
PRV52200,0.0,1.0,1.0,1,0.0,40.0,0.0,40.0,0.0,0.0,0.0,1,1,No
PRV52201,0.0,9.0,9.0,9,0.0,50.0,0.0,450.0,0.0,0.0,0.0,1,1,No
PRV52202,0.0,50.0,50.0,49,0.0,164.0,0.0,8200.0,0.0,0.0,0.0,1,1,No
PRV52204,0.0,9.0,9.0,8,0.0,287.77777777777777,0.0,2590.0,0.0,0.0,0.0,1,1,No
PRV52205,0.0,2.0,2.0,2,0.0,560.0,0.0,1120.0,0.0,0.0,0.0,1,1,No
PRV52206,0.0,5.0,5.0,5,0.0,362.0,0.0,1810.0,0.0,0.0,0.0,1,1,No
PRV52208,0.0,13.0,13.0,12,0.0,350.7692307692308,0.0,4560.0,0.0,0.0,0.0,1,1,No
PRV52209,0.0,8.0,8.0,8,0.0,620.0,0.0,4960.0,0.0,0.0,0.0,1,1,No
PRV52211,0.0,130.0,130.0,124,0.0,206.6153846153846,0.0,26860.0,0.0,0.0,0.0,1,2,No
PRV52212,0.0,64.0,64.0,62,0.0,206.5625,0.0,13220.0,0.0,0.0,0.0,1,1,No
PRV52213,0.0,7.0,7.0,7,0.0,84.28571428571429,0.0,590.0,0.0,0.0,0.0,1,1,No
PRV52214,0.0,47.0,47.0,43,0.0,269.78723404255317,0.0,12680.0,0.0,0.0,0.0,1,1,No
PRV52216,0.0,15.0,15.0,14,0.0,329.3333333333333,0.0,4940.0,0.0,0.0,0.0,1,1,No
PRV52217,0.0,5.0,5.0,4,0.0,104.0,0.0,520.0,0.0,0.0,0.0,1,1,No
PRV52218,0.0,8.0,8.0,8,0.0,207.5,0.0,1660.0,0.0,0.0,0.0,1,2,No
PRV52219,0.0,4.0,4.0,4,0.0,695.0,0.0,2780.0,0.0,0.0,0.0,1,1,No
PRV52220,0.0,12.0,12.0,12,0.0,183.33333333333334,0.0,2200.0,0.0,0.0,0.0,1,1,No
PRV52221,0.0,1.0,1.0,1,0.0,10.0,0.0,10.0,0.0,0.0,0.0,1,1,No
PRV52222,0.0,54.0,54.0,52,0.0,313.3333333333333,0.0,16920.0,0.0,0.0,0.0,1,2,No
PRV52224,0.0,41.0,41.0,35,0.0,246.34146341463415,0.0,10100.0,0.0,0.0,0.0,1,3,No
PRV52225,0.0,6.0,6.0,6,0.0,140.0,0.0,840.0,0.0,0.0,0.0,1,1,No
PRV52226,0.0,2.0,2.0,2,0.0,50.0,0.0,100.0,0.0,0.0,0.0,1,1,No
PRV52227,0.0,7.0,7.0,6,0.0,794.2857142857143,0.0,5560.0,0.0,0.0,0.0,1,1,No
PRV52228,0.0,8.0,8.0,8,0.0,300.0,0.0,2400.0,0.0,0.0,0.0,2,2,No
PRV52229,0.0,11.0,11.0,11,0.0,33.63636363636363,0.0,370.0,0.0,0.0,0.0,1,1,No
PRV52230,0.0,43.0,43.0,15,0.0,351.16279069767444,0.0,15100.0,0.0,0.0,0.0,1,1,No
PRV52231,0.0,6.0,6.0,6,0.0,663.3333333333334,0.0,3980.0,0.0,0.0,0.0,1,2,No
PRV52232,0.0,4.0,4.0,4,0.0,160.0,0.0,640.0,0.0,0.0,0.0,1,1,No
PRV52233,0.0,216.0,216.0,156,0.0,294.1666666666667,0.0,63540.0,0.0,0.0,0.0,1,1,No
PRV52235,0.0,2.0,2.0,2,0.0,485.0,0.0,970.0,0.0,0.0,0.0,1,1,No
PRV52236,0.0,14.0,14.0,13,0.0,412.85714285714283,0.0,5780.0,0.0,0.0,0.0,1,1,No
PRV52237,0.0,38.0,38.0,38,0.0,194.73684210526315,0.0,7400.0,0.0,0.0,0.0,1,1,No
PRV52238,0.0,11.0,11.0,10,0.0,139.0909090909091,0.0,1530.0,0.0,0.0,0.0,1,1,No
PRV52240,0.0,62.0,62.0,61,0.0,406.7741935483871,0.0,25220.0,0.0,0.0,0.0,2,3,No
PRV52241,0.0,23.0,23.0,22,0.0,247.3913043478261,0.0,5690.0,0.0,0.0,0.0,1,1,No
PRV52242,0.0,31.0,31.0,30,0.0,438.7096774193548,0.0,13600.0,0.0,0.0,0.0,1,2,No
PRV52246,0.0,67.0,67.0,47,0.0,395.67164179104475,0.0,26510.0,0.0,0.0,0.0,1,3,No
PRV52247,0.0,49.0,49.0,48,0.0,222.24489795918367,0.0,10890.0,0.0,0.0,0.0,1,1,No
PRV52248,0.0,24.0,24.0,21,0.0,531.25,0.0,12750.0,0.0,0.0,0.0,1,1,No
PRV52249,0.0,47.0,47.0,41,0.0,542.1276595744681,0.0,25480.0,0.0,0.0,0.0,1,2,No
PRV52251,0.0,4.0,4.0,4,0.0,67.5,0.0,270.0,0.0,0.0,0.0,1,1,No
PRV52252,0.0,26.0,26.0,26,0.0,81.92307692307692,0.0,2130.0,0.0,0.0,0.0,1,1,No
PRV52253,0.0,1.0,1.0,1,0.0,80.0,0.0,80.0,0.0,0.0,0.0,1,1,No
PRV52254,0.0,31.0,31.0,30,0.0,127.74193548387096,0.0,3960.0,0.0,0.0,0.0,1,1,No
PRV52255,0.0,10.0,10.0,7,0.0,72.0,0.0,720.0,0.0,0.0,0.0,1,1,No
PRV52256,0.0,1.0,1.0,1,0.0,50.0,0.0,50.0,0.0,0.0,0.0,1,1,No
PRV52257,0.0,15.0,15.0,14,0.0,296.0,0.0,4440.0,0.0,0.0,0.0,1,1,No
PRV52260,0.0,63.0,63.0,62,0.0,204.44444444444446,0.0,12880.0,0.0,0.0,0.0,1,1,No
PRV52261,0.0,1.0,1.0,1,0.0,200.0,0.0,200.0,0.0,0.0,0.0,1,1,No
PRV52262,0.0,112.0,112.0,92,0.0,248.57142857142858,0.0,27840.0,0.0,0.0,0.0,2,2,No
PRV52263,0.0,3.0,3.0,3,0.0,210.0,0.0,630.0,0.0,0.0,0.0,1,1,No
PRV52264,0.0,25.0,25.0,21,0.0,176.8,0.0,4420.0,0.0,0.0,0.0,1,1,No
PRV52265,30.0,0.0,30.0,27,8666.666666666666,0.0,260000.0,0.0,4.733333333333333,4.733333333333333,30.0,1,3,No
PRV52266,37.0,0.0,37.0,30,12443.243243243243,0.0,460400.0,0.0,7.45945945945946,7.702702702702703,37.0,2,5,No
PRV52267,10.0,0.0,10.0,10,7890.0,0.0,78900.0,0.0,4.9,4.9,10.0,1,3,No
PRV52271,0.0,19.0,19.0,19,0.0,197.89473684210526,0.0,3760.0,0.0,0.0,0.0,1,4,No
PRV52272,0.0,8.0,8.0,8,0.0,526.25,0.0,4210.0,0.0,0.0,0.0,1,2,No
PRV52273,0.0,11.0,11.0,11,0.0,398.1818181818182,0.0,4380.0,0.0,0.0,0.0,1,2,No
PRV52274,0.0,38.0,38.0,17,0.0,205.26315789473685,0.0,7800.0,0.0,0.0,0.0,1,2,No
PRV52275,0.0,101.0,101.0,57,0.0,269.5049504950495,0.0,27220.0,0.0,0.0,0.0,1,5,No
PRV52276,0.0,68.0,68.0,62,0.0,261.02941176470586,0.0,17750.0,0.0,0.0,0.0,2,3,No
PRV52278,16.0,0.0,16.0,16,14687.5,0.0,235000.0,0.0,5.6875,5.6875,16.0,1,4,No
PRV52279,82.0,1.0,83.0,77,9548.780487804877,300.0,783000.0,300.0,5.548780487804878,5.573170731707317,82.0,1,2,No
PRV52280,41.0,0.0,41.0,38,9634.146341463415,0.0,395000.0,0.0,7.2682926829268295,7.2682926829268295,41.0,2,6,Yes
PRV52281,41.0,0.0,41.0,41,9951.219512195123,0.0,408000.0,0.0,4.7560975609756095,4.7560975609756095,41.0,1,6,No
PRV52282,6.0,0.0,6.0,6,12833.333333333334,0.0,77000.0,0.0,6.0,6.0,6.0,1,1,No
PRV52283,66.0,0.0,66.0,54,9010.60606060606,0.0,594700.0,0.0,4.9393939393939394,4.9393939393939394,66.0,1,4,Yes
PRV52284,0.0,39.0,39.0,32,0.0,136.4102564102564,0.0,5320.0,0.0,0.0,0.0,1,5,No
PRV52285,19.0,0.0,19.0,19,7578.9473684210525,0.0,144000.0,0.0,5.894736842105263,5.894736842105263,19.0,1,2,No
PRV52286,5.0,0.0,5.0,5,18000.0,0.0,90000.0,0.0,3.4,3.4,5.0,1,1,No
PRV52288,0.0,13.0,13.0,12,0.0,216.15384615384616,0.0,2810.0,0.0,0.0,0.0,1,4,No
PRV52289,4.0,0.0,4.0,4,4500.0,0.0,18000.0,0.0,3.25,3.25,4.0,3,3,No
PRV52290,10.0,0.0,10.0,10,6800.0,0.0,68000.0,0.0,3.1,3.1,10.0,1,5,No
PRV52291,17.0,1.0,18.0,17,7529.411764705882,0.0,128000.0,0.0,4.647058823529412,4.647058823529412,17.0,1,2,No
PRV52292,25.0,0.0,25.0,25,12120.0,0.0,303000.0,0.0,7.2,7.2,25.0,2,6,Yes
PRV52293,0.0,7.0,7.0,7,0.0,595.7142857142857,0.0,4170.0,0.0,0.0,0.0,1,4,No
PRV52294,7.0,0.0,7.0,7,7714.285714285715,0.0,54000.0,0.0,4.571428571428571,4.571428571428571,7.0,1,1,No
PRV52295,5.0,0.0,5.0,5,3800.0,0.0,19000.0,0.0,5.2,5.2,5.0,2,2,No
PRV52296,2.0,0.0,2.0,2,6000.0,0.0,12000.0,0.0,3.5,3.5,2.0,1,1,No
PRV52298,9.0,209.0,218.0,144,10333.333333333334,288.51674641148327,93000.0,60300.0,3.2222222222222223,3.2222222222222223,0.0430622009569378,4,21,No
PRV52299,0.0,601.0,601.0,255,0.0,261.46422628951746,0.0,157140.0,0.0,0.0,0.0,2,22,No
PRV52300,3.0,18.0,21.0,19,18333.333333333332,231.11111111111111,55000.0,4160.0,5.666666666666667,5.666666666666667,0.16666666666666666,2,7,No
PRV52302,11.0,35.0,46.0,30,11545.454545454546,265.14285714285717,127000.0,9280.0,5.818181818181818,5.818181818181818,0.3142857142857143,1,8,No
PRV52303,23.0,369.0,392.0,313,11217.391304347826,242.1138211382114,258000.0,89340.0,4.304347826086956,4.304347826086956,0.06233062330623306,5,60,No
PRV52304,0.0,184.0,184.0,88,0.0,343.04347826086956,0.0,63120.0,0.0,0.0,0.0,3,19,No
PRV52306,0.0,15.0,15.0,15,0.0,468.6666666666667,0.0,7030.0,0.0,0.0,0.0,1,6,No
PRV52307,53.0,122.0,175.0,167,14528.301886792453,298.8524590163934,770000.0,36460.0,5.60377358490566,5.60377358490566,0.4344262295081967,12,51,Yes
PRV52308,40.0,47.0,87.0,72,9117.5,214.04255319148936,364700.0,10060.0,4.8,4.8,0.851063829787234,2,15,Yes
PRV52309,0.0,170.0,170.0,88,0.0,266.70588235294116,0.0,45340.0,0.0,0.0,0.0,1,13,No
PRV52310,0.0,454.0,454.0,190,0.0,235.2202643171806,0.0,106790.0,0.0,0.0,0.0,2,23,No
PRV52311,0.0,28.0,28.0,23,0.0,277.5,0.0,7770.0,0.0,0.0,0.0,1,9,No
PRV52312,0.0,214.0,214.0,112,0.0,372.94392523364485,0.0,79810.0,0.0,0.0,0.0,3,17,No
PRV52313,0.0,504.0,504.0,196,0.0,291.07142857142856,0.0,146700.0,0.0,0.0,0.0,3,18,No
PRV52314,40.0,183.0,223.0,192,10300.0,235.95628415300547,412000.0,43180.0,5.825,5.825,0.2185792349726776,6,29,No
PRV52315,5.0,80.0,85.0,66,8000.0,274.125,40000.0,21930.0,8.8,8.8,0.0625,3,16,No
PRV52317,2.0,23.0,25.0,21,12000.0,199.56521739130434,24000.0,4590.0,4.0,4.0,0.08695652173913043,1,5,No
PRV52318,0.0,39.0,39.0,37,0.0,256.4102564102564,0.0,10000.0,0.0,0.0,0.0,4,18,No
PRV52319,0.0,30.0,30.0,29,0.0,258.0,0.0,7740.0,0.0,0.0,0.0,2,9,No
PRV52320,69.0,297.0,366.0,292,11536.231884057972,263.2996632996633,796000.0,78200.0,5.797101449275362,5.797101449275362,0.23232323232323232,7,43,Yes
PRV52321,33.0,117.0,150.0,135,11121.212121212122,198.54700854700855,367000.0,23230.0,5.515151515151516,5.515151515151516,0.28205128205128205,3,19,Yes
PRV52323,0.0,190.0,190.0,179,0.0,261.94736842105266,0.0,49770.0,0.0,0.0,0.0,6,32,No
PRV52325,27.0,103.0,130.0,111,9477.777777777777,251.45631067961165,255900.0,25900.0,6.555555555555555,6.555555555555555,0.2621359223300971,4,27,Yes
PRV52326,8.0,6.0,14.0,13,8250.0,795.0,66000.0,4770.0,2.75,2.75,1.3333333333333333,2,6,No
PRV52328,0.0,35.0,35.0,28,0.0,558.8571428571429,0.0,19560.0,0.0,0.0,0.0,2,8,No
PRV52331,9.0,52.0,61.0,49,6111.111111111111,258.2692307692308,55000.0,13430.0,5.333333333333333,5.333333333333333,0.17307692307692307,3,13,No
PRV52332,0.0,64.0,64.0,62,0.0,322.65625,0.0,20650.0,0.0,0.0,0.0,8,25,No
PRV52334,8.0,59.0,67.0,49,11625.0,355.59322033898303,93000.0,20980.0,4.75,4.75,0.13559322033898305,2,9,No
PRV52335,2.0,240.0,242.0,87,13000.0,349.4583333333333,26000.0,83870.0,5.5,5.5,0.008333333333333333,2,8,No
PRV52336,0.0,86.0,86.0,78,0.0,313.48837209302326,0.0,26960.0,0.0,0.0,0.0,2,8,No
PRV52337,0.0,773.0,773.0,226,0.0,266.22250970245796,0.0,205790.0,0.0,0.0,0.0,2,20,Yes
PRV52340,224.0,1519.0,1743.0,693,9265.17857142857,305.9447004608295,2075400.0,464730.0,5.419642857142857,5.419642857142857,0.14746543778801843,13,54,Yes
PRV52341,0.0,135.0,135.0,122,0.0,336.6666666666667,0.0,45450.0,0.0,0.0,0.0,11,42,No
PRV52342,51.0,167.0,218.0,184,11705.882352941177,330.47904191616766,597000.0,55190.0,6.607843137254902,6.607843137254902,0.30538922155688625,7,33,No
PRV52343,42.0,219.0,261.0,177,9623.809523809523,354.52054794520546,404200.0,77640.0,5.214285714285714,5.214285714285714,0.1917808219178082,5,19,Yes
PRV52344,23.0,107.0,130.0,54,10826.08695652174,216.3551401869159,249000.0,23150.0,3.5652173913043477,3.5652173913043477,0.21495327102803738,2,12,No
PRV52346,19.0,49.0,68.0,57,10578.947368421053,337.55102040816325,201000.0,16540.0,5.052631578947368,5.052631578947368,0.3877551020408163,2,12,No
PRV52347,50.0,347.0,397.0,342,12528.0,255.5907780979827,626400.0,88690.0,5.08,5.08,0.1440922190201729,18,74,Yes
PRV52348,9.0,58.0,67.0,36,9444.444444444445,306.7241379310345,85000.0,17790.0,7.333333333333333,7.333333333333333,0.15517241379310345,2,10,No
PRV52349,0.0,99.0,99.0,94,0.0,206.16161616161617,0.0,20410.0,0.0,0.0,0.0,6,28,No
PRV52350,7.0,33.0,40.0,29,4285.714285714285,262.42424242424244,30000.0,8660.0,3.7142857142857144,3.7142857142857144,0.21212121212121213,1,7,No
PRV52351,0.0,425.0,425.0,362,0.0,244.0,0.0,103700.0,0.0,0.0,0.0,19,81,No
PRV52352,0.0,32.0,32.0,32,0.0,301.875,0.0,9660.0,0.0,0.0,0.0,3,10,No
PRV52353,6.0,42.0,48.0,45,23333.333333333332,248.0952380952381,140000.0,10420.0,7.333333333333333,7.333333333333333,0.14285714285714285,3,11,No
PRV52354,0.0,66.0,66.0,33,0.0,293.93939393939394,0.0,19400.0,0.0,0.0,0.0,1,6,No
PRV52355,0.0,63.0,63.0,26,0.0,383.6507936507937,0.0,24170.0,0.0,0.0,0.0,1,6,No
PRV52356,0.0,98.0,98.0,63,0.0,228.0612244897959,0.0,22350.0,0.0,0.0,0.0,2,14,No
PRV52357,8.0,97.0,105.0,83,8625.0,307.5257731958763,69000.0,29830.0,5.625,5.625,0.08247422680412371,1,14,No
PRV52358,0.0,18.0,18.0,17,0.0,287.77777777777777,0.0,5180.0,0.0,0.0,0.0,2,8,No
PRV52359,42.0,65.0,107.0,98,9833.333333333334,206.6153846153846,413000.0,13430.0,4.976190476190476,4.976190476190476,0.6461538461538462,2,23,No
PRV52361,0.0,158.0,158.0,145,0.0,279.9367088607595,0.0,44230.0,0.0,0.0,0.0,11,35,No
PRV52362,9.0,145.0,154.0,133,10033.333333333334,243.6551724137931,90300.0,35330.0,6.222222222222222,6.222222222222222,0.06206896551724138,7,23,No
PRV52365,0.0,739.0,739.0,381,0.0,273.51826792963465,0.0,202130.0,0.0,0.0,0.0,6,24,No
PRV52366,25.0,191.0,216.0,140,9052.0,285.75916230366494,226300.0,54580.0,4.36,4.36,0.13089005235602094,4,16,No
PRV52367,4.0,293.0,297.0,180,14750.0,333.1740614334471,59000.0,97620.0,6.75,6.75,0.013651877133105802,2,21,No
PRV52369,0.0,547.0,547.0,358,0.0,299.41499085923215,0.0,163780.0,0.0,0.0,0.0,3,20,No
PRV52371,0.0,72.0,72.0,50,0.0,241.25,0.0,17370.0,0.0,0.0,0.0,2,11,No
PRV52372,27.0,97.0,124.0,76,9925.925925925925,247.83505154639175,268000.0,24040.0,6.0,6.0,0.27835051546391754,1,16,No
PRV52373,3.0,20.0,23.0,22,12666.666666666666,285.5,38000.0,5710.0,3.6666666666666665,3.6666666666666665,0.15,3,8,No
PRV52374,0.0,228.0,228.0,102,0.0,301.6666666666667,0.0,68780.0,0.0,0.0,0.0,4,12,No
PRV52377,0.0,44.0,44.0,44,0.0,311.3636363636364,0.0,13700.0,0.0,0.0,0.0,2,18,No
PRV52378,3.0,9.0,12.0,12,3666.6666666666665,102.22222222222223,11000.0,920.0,11.0,11.0,0.3333333333333333,2,9,No
PRV52380,0.0,4.0,4.0,4,0.0,70.0,0.0,280.0,0.0,0.0,0.0,1,3,No
PRV52381,0.0,80.0,80.0,31,0.0,418.25,0.0,33460.0,0.0,0.0,0.0,2,6,No
PRV52383,0.0,74.0,74.0,51,0.0,210.0,0.0,15540.0,0.0,0.0,0.0,2,13,Yes
PRV52384,0.0,33.0,33.0,32,0.0,238.78787878787878,0.0,7880.0,0.0,0.0,0.0,3,11,No
PRV52385,0.0,22.0,22.0,19,0.0,324.54545454545456,0.0,7140.0,0.0,0.0,0.0,4,10,No
PRV52386,0.0,237.0,237.0,161,0.0,233.33333333333334,0.0,55300.0,0.0,0.0,0.0,6,29,No
PRV52387,13.0,50.0,63.0,39,8153.846153846154,314.8,106000.0,15740.0,4.769230769230769,4.769230769230769,0.26,2,14,No
PRV52389,0.0,171.0,171.0,139,0.0,261.34502923976606,0.0,44690.0,0.0,0.0,0.0,5,43,No
PRV52390,0.0,36.0,36.0,34,0.0,177.77777777777777,0.0,6400.0,0.0,0.0,0.0,2,8,No
PRV52391,0.0,22.0,22.0,15,0.0,410.45454545454544,0.0,9030.0,0.0,0.0,0.0,3,7,No
PRV52392,5.0,122.0,127.0,54,10000.0,294.91803278688525,50000.0,35980.0,6.6,6.6,0.040983606557377046,1,7,No
PRV52393,16.0,75.0,91.0,62,11125.0,259.06666666666666,178000.0,19430.0,8.875,8.875,0.21333333333333335,2,10,No
PRV52394,3.0,115.0,118.0,96,5333.333333333333,343.7391304347826,16000.0,39530.0,7.0,7.0,0.02608695652173913,7,17,No
PRV52395,0.0,912.0,912.0,444,0.0,294.3311403508772,0.0,268430.0,0.0,0.0,0.0,5,24,No
PRV52396,17.0,23.0,40.0,34,8705.882352941177,360.8695652173913,148000.0,8300.0,6.0,6.0,0.7391304347826086,4,13,Yes
PRV52397,0.0,8.0,8.0,8,0.0,126.25,0.0,1010.0,0.0,0.0,0.0,2,7,No
PRV52398,12.0,36.0,48.0,41,15666.666666666666,274.72222222222223,188000.0,9890.0,5.416666666666667,5.416666666666667,0.3333333333333333,1,15,No
PRV52399,0.0,434.0,434.0,277,0.0,273.7327188940092,0.0,118800.0,0.0,0.0,0.0,2,12,No
PRV52400,0.0,231.0,231.0,120,0.0,280.12987012987014,0.0,64710.0,0.0,0.0,0.0,2,11,No
PRV52401,4.0,137.0,141.0,54,12750.0,200.0,51000.0,27400.0,4.25,4.25,0.029197080291970802,2,8,No
PRV52402,57.0,152.0,209.0,185,9385.964912280702,277.10526315789474,535000.0,42120.0,5.456140350877193,5.456140350877193,0.375,6,30,No
PRV52403,2.0,214.0,216.0,84,6500.0,232.52336448598132,13000.0,49760.0,4.0,4.0,0.009345794392523364,3,14,No
PRV52404,7.0,20.0,27.0,26,8428.57142857143,80.5,59000.0,1610.0,7.428571428571429,7.428571428571429,0.35,2,10,No
PRV52405,22.0,67.0,89.0,71,7681.818181818182,299.55223880597015,169000.0,20070.0,4.0,4.0,0.3283582089552239,3,14,No
PRV52406,0.0,63.0,63.0,44,0.0,213.015873015873,0.0,13420.0,0.0,0.0,0.0,1,11,No
PRV52407,0.0,43.0,43.0,18,0.0,371.3953488372093,0.0,15970.0,0.0,0.0,0.0,1,4,No
PRV52408,0.0,29.0,29.0,12,0.0,147.24137931034483,0.0,4270.0,0.0,0.0,0.0,1,3,No
PRV52409,0.0,16.0,16.0,15,0.0,164.375,0.0,2630.0,0.0,0.0,0.0,1,7,No
PRV52410,0.0,58.0,58.0,23,0.0,419.13793103448273,0.0,24310.0,0.0,0.0,0.0,1,5,No
PRV52411,0.0,92.0,92.0,51,0.0,347.9347826086956,0.0,32010.0,0.0,0.0,0.0,1,4,No
PRV52412,0.0,63.0,63.0,40,0.0,322.85714285714283,0.0,20340.0,0.0,0.0,0.0,1,6,No
PRV52414,0.0,132.0,132.0,59,0.0,330.3030303030303,0.0,43600.0,0.0,0.0,0.0,2,6,No
PRV52415,0.0,41.0,41.0,13,0.0,182.9268292682927,0.0,7500.0,0.0,0.0,0.0,1,5,No
PRV52416,0.0,42.0,42.0,22,0.0,229.76190476190476,0.0,9650.0,0.0,0.0,0.0,1,4,No
PRV52417,0.0,20.0,20.0,7,0.0,210.5,0.0,4210.0,0.0,0.0,0.0,1,3,No
PRV52418,0.0,35.0,35.0,24,0.0,220.85714285714286,0.0,7730.0,0.0,0.0,0.0,1,5,No
PRV52419,5.0,107.0,112.0,34,13600.0,424.95327102803736,68000.0,45470.0,8.8,8.8,0.04672897196261682,2,8,No
PRV52420,0.0,141.0,141.0,47,0.0,553.5460992907801,0.0,78050.0,0.0,0.0,0.0,1,6,Yes
PRV52421,0.0,95.0,95.0,63,0.0,353.1578947368421,0.0,33550.0,0.0,0.0,0.0,2,7,No
PRV52422,0.0,58.0,58.0,33,0.0,455.17241379310343,0.0,26400.0,0.0,0.0,0.0,1,6,No
PRV52423,0.0,54.0,54.0,30,0.0,212.59259259259258,0.0,11480.0,0.0,0.0,0.0,2,9,No
PRV52425,0.0,23.0,23.0,8,0.0,155.2173913043478,0.0,3570.0,0.0,0.0,0.0,1,3,No
PRV52427,3.0,16.0,19.0,12,10000.0,428.125,30000.0,6850.0,3.0,3.0,0.1875,1,4,No
PRV52431,0.0,63.0,63.0,36,0.0,378.57142857142856,0.0,23850.0,0.0,0.0,0.0,1,6,No
PRV52432,0.0,58.0,58.0,27,0.0,220.3448275862069,0.0,12780.0,0.0,0.0,0.0,2,4,No
PRV52433,0.0,85.0,85.0,62,0.0,259.52941176470586,0.0,22060.0,0.0,0.0,0.0,3,19,No
PRV52434,0.0,2.0,2.0,2,0.0,45.0,0.0,90.0,0.0,0.0,0.0,1,2,No
PRV52435,0.0,70.0,70.0,25,0.0,291.7142857142857,0.0,20420.0,0.0,0.0,0.0,1,5,No
PRV52436,0.0,44.0,44.0,22,0.0,226.8181818181818,0.0,9980.0,0.0,0.0,0.0,1,6,No
PRV52437,0.0,43.0,43.0,26,0.0,256.9767441860465,0.0,11050.0,0.0,0.0,0.0,1,8,No
PRV52439,0.0,121.0,121.0,64,0.0,243.96694214876032,0.0,29520.0,0.0,0.0,0.0,1,3,No
PRV52440,0.0,12.0,12.0,8,0.0,415.0,0.0,4980.0,0.0,0.0,0.0,1,3,No
PRV52441,0.0,94.0,94.0,53,0.0,217.12765957446808,0.0,20410.0,0.0,0.0,0.0,2,4,No
PRV52443,0.0,1.0,1.0,1,0.0,10.0,0.0,10.0,0.0,0.0,0.0,1,1,No
PRV52445,5.0,0.0,5.0,5,20400.0,0.0,102000.0,0.0,8.2,8.2,5.0,2,3,Yes
PRV52446,10.0,0.0,10.0,10,12900.0,0.0,129000.0,0.0,7.3,7.3,10.0,1,3,No
PRV52448,0.0,2.0,2.0,2,0.0,85.0,0.0,170.0,0.0,0.0,0.0,1,2,No
PRV52449,6.0,0.0,6.0,5,21000.0,0.0,126000.0,0.0,6.666666666666667,6.666666666666667,6.0,1,2,No
PRV52450,0.0,298.0,298.0,232,0.0,273.6241610738255,0.0,81540.0,0.0,0.0,0.0,1,15,No
PRV52451,0.0,20.0,20.0,17,0.0,556.5,0.0,11130.0,0.0,0.0,0.0,1,5,No
PRV52452,2.0,272.0,274.0,136,10000.0,248.71323529411765,20000.0,67650.0,5.5,5.5,0.007352941176470588,2,6,No
PRV52453,0.0,1.0,1.0,1,0.0,20.0,0.0,20.0,0.0,0.0,0.0,1,1,No
PRV52454,0.0,15.0,15.0,14,0.0,96.66666666666667,0.0,1450.0,0.0,0.0,0.0,1,2,No
PRV52455,0.0,76.0,76.0,45,0.0,318.42105263157896,0.0,24200.0,0.0,0.0,0.0,1,7,No
PRV52456,0.0,7.0,7.0,7,0.0,195.71428571428572,0.0,1370.0,0.0,0.0,0.0,1,3,No
PRV52457,9.0,0.0,9.0,9,13000.0,0.0,117000.0,0.0,4.444444444444445,4.444444444444445,9.0,2,4,No
PRV52458,1.0,0.0,1.0,1,27000.0,0.0,27000.0,0.0,5.0,5.0,1.0,1,1,No
PRV52459,50.0,0.0,50.0,49,10118.0,0.0,505900.0,0.0,5.28,5.28,50.0,1,7,No
PRV52460,13.0,0.0,13.0,9,6923.076923076923,0.0,90000.0,0.0,5.3076923076923075,5.3076923076923075,13.0,1,4,No
PRV52461,7.0,0.0,7.0,7,6857.142857142857,0.0,48000.0,0.0,3.5714285714285716,3.5714285714285716,7.0,1,5,No
PRV52462,2.0,0.0,2.0,2,8000.0,0.0,16000.0,0.0,4.5,4.5,2.0,1,2,No
PRV52463,1.0,0.0,1.0,1,5000.0,0.0,5000.0,0.0,4.0,4.0,1.0,1,1,No
PRV52464,2.0,0.0,2.0,2,6000.0,0.0,12000.0,0.0,8.5,8.5,2.0,1,2,No
PRV52466,13.0,0.0,13.0,11,10692.307692307691,0.0,139000.0,0.0,8.538461538461538,8.538461538461538,13.0,1,2,No
PRV52467,8.0,95.0,103.0,89,21125.0,154.31578947368422,169000.0,14660.0,6.875,6.875,0.08421052631578947,4,5,Yes
PRV52468,3.0,18.0,21.0,21,9666.666666666666,191.66666666666666,29000.0,3450.0,7.0,7.0,0.16666666666666666,2,6,No
PRV52469,6.0,178.0,184.0,150,9000.0,283.2584269662921,54000.0,50420.0,3.6666666666666665,4.166666666666667,0.033707865168539325,6,14,No
PRV52470,0.0,3.0,3.0,3,0.0,90.0,0.0,270.0,0.0,0.0,0.0,1,2,No
PRV52471,0.0,8.0,8.0,8,0.0,205.0,0.0,1640.0,0.0,0.0,0.0,3,5,No
PRV52472,18.0,43.0,61.0,57,10388.888888888889,390.93023255813955,187000.0,16810.0,4.611111111111111,4.611111111111111,0.4186046511627907,3,7,No
PRV52473,0.0,4.0,4.0,4,0.0,967.5,0.0,3870.0,0.0,0.0,0.0,1,2,No
PRV52474,22.0,15.0,37.0,35,10181.818181818182,318.0,224000.0,4770.0,6.636363636363637,6.636363636363637,1.4666666666666666,4,4,No
PRV52476,6.0,20.0,26.0,26,14000.0,165.0,84000.0,3300.0,7.666666666666667,7.666666666666667,0.3,3,7,No
PRV52478,5.0,50.0,55.0,52,4200.0,214.0,21000.0,10700.0,8.8,8.8,0.1,8,16,No
PRV52480,5.0,25.0,30.0,29,8000.0,174.0,40000.0,4350.0,3.6,3.6,0.2,5,8,No
PRV52482,0.0,1.0,1.0,1,0.0,40.0,0.0,40.0,0.0,0.0,0.0,1,1,No
PRV52483,0.0,223.0,223.0,61,0.0,233.67713004484304,0.0,52110.0,0.0,0.0,0.0,2,3,No
PRV52484,0.0,13.0,13.0,10,0.0,120.76923076923077,0.0,1570.0,0.0,0.0,0.0,1,2,No
PRV52485,0.0,5.0,5.0,4,0.0,316.0,0.0,1580.0,0.0,0.0,0.0,1,1,No
PRV52486,0.0,69.0,69.0,58,0.0,320.8695652173913,0.0,22140.0,0.0,0.0,0.0,1,1,No
PRV52487,0.0,177.0,177.0,127,0.0,288.3050847457627,0.0,51030.0,0.0,0.0,0.0,1,1,No
PRV52488,0.0,183.0,183.0,130,0.0,244.3169398907104,0.0,44710.0,0.0,0.0,0.0,1,1,No
PRV52490,0.0,17.0,17.0,16,0.0,293.52941176470586,0.0,4990.0,0.0,0.0,0.0,1,1,No
PRV52491,0.0,63.0,63.0,57,0.0,263.1746031746032,0.0,16580.0,0.0,0.0,0.0,1,1,No
PRV52492,0.0,34.0,34.0,33,0.0,229.7058823529412,0.0,7810.0,0.0,0.0,0.0,2,2,No
PRV52493,0.0,16.0,16.0,16,0.0,248.125,0.0,3970.0,0.0,0.0,0.0,1,1,No
PRV52494,0.0,1.0,1.0,1,0.0,20.0,0.0,20.0,0.0,0.0,0.0,1,1,No
PRV52495,12.0,3.0,15.0,14,8083.333333333333,600.0,97000.0,1800.0,4.416666666666667,4.416666666666667,4.0,1,1,No
PRV52497,4.0,26.0,30.0,30,13750.0,163.07692307692307,55000.0,4240.0,9.0,9.0,0.15384615384615385,4,6,Yes
PRV52499,8.0,149.0,157.0,119,14375.0,333.3557046979866,115000.0,49670.0,4.375,4.375,0.053691275167785234,5,25,No
PRV52500,7.0,119.0,126.0,111,7857.142857142857,263.109243697479,55000.0,31310.0,4.285714285714286,4.285714285714286,0.058823529411764705,5,14,No
PRV52501,0.0,19.0,19.0,16,0.0,254.73684210526315,0.0,4840.0,0.0,0.0,0.0,3,10,No
PRV52502,26.0,93.0,119.0,87,8925.76923076923,310.0,232070.0,28830.0,6.615384615384615,6.615384615384615,0.27956989247311825,6,20,Yes
PRV52503,5.0,73.0,78.0,63,8800.0,394.52054794520546,44000.0,28800.0,3.8,3.8,0.0684931506849315,4,19,No
PRV52504,14.0,26.0,40.0,34,8014.285714285715,76.15384615384616,112200.0,1980.0,4.142857142857143,4.142857142857143,0.5384615384615384,5,11,Yes
PRV52506,0.0,13.0,13.0,12,0.0,168.46153846153845,0.0,2190.0,0.0,0.0,0.0,2,4,No
PRV52507,0.0,29.0,29.0,24,0.0,250.0,0.0,7250.0,0.0,0.0,0.0,2,6,No
PRV52508,2.0,35.0,37.0,36,11500.0,218.28571428571428,23000.0,7640.0,7.0,7.0,0.05714285714285714,2,7,No
PRV52509,6.0,57.0,63.0,26,16000.0,313.1578947368421,96000.0,17850.0,5.166666666666667,5.166666666666667,0.10526315789473684,4,10,No
PRV52510,0.0,26.0,26.0,22,0.0,163.07692307692307,0.0,4240.0,0.0,0.0,0.0,2,5,No
PRV52511,75.0,171.0,246.0,196,9002.666666666666,263.62573099415204,675200.0,45080.0,6.32,6.32,0.43859649122807015,12,33,Yes
PRV52512,0.0,31.0,31.0,19,0.0,196.4516129032258,0.0,6090.0,0.0,0.0,0.0,1,3,No
PRV52513,0.0,20.0,20.0,18,0.0,193.5,0.0,3870.0,0.0,0.0,0.0,2,4,No
PRV52514,0.0,15.0,15.0,13,0.0,440.0,0.0,6600.0,0.0,0.0,0.0,2,4,No
PRV52515,0.0,17.0,17.0,17,0.0,144.11764705882354,0.0,2450.0,0.0,0.0,0.0,4,5,No
PRV52517,0.0,32.0,32.0,26,0.0,340.9375,0.0,10910.0,0.0,0.0,0.0,2,10,No
PRV52518,1.0,50.0,51.0,50,57000.0,306.8,57000.0,15340.0,17.0,17.0,0.02,3,8,No
PRV52519,6.0,94.0,100.0,72,16333.333333333334,416.8085106382979,98000.0,39180.0,7.333333333333333,7.333333333333333,0.06382978723404255,4,10,No
PRV52520,0.0,121.0,121.0,51,0.0,329.8347107438017,0.0,39910.0,0.0,0.0,0.0,1,6,No
PRV52521,0.0,113.0,113.0,88,0.0,221.23893805309734,0.0,25000.0,0.0,0.0,0.0,8,15,No
PRV52523,0.0,3.0,3.0,3,0.0,160.0,0.0,480.0,0.0,0.0,0.0,2,2,No
PRV52525,0.0,2.0,2.0,2,0.0,75.0,0.0,150.0,0.0,0.0,0.0,1,1,No
PRV52526,0.0,1.0,1.0,1,0.0,90.0,0.0,90.0,0.0,0.0,0.0,1,1,No
PRV52527,0.0,160.0,160.0,73,0.0,304.5625,0.0,48730.0,0.0,0.0,0.0,1,4,No
PRV52528,0.0,26.0,26.0,16,0.0,248.46153846153845,0.0,6460.0,0.0,0.0,0.0,1,6,No
PRV52529,0.0,12.0,12.0,8,0.0,176.66666666666666,0.0,2120.0,0.0,0.0,0.0,1,4,No
PRV52530,1.0,9.0,10.0,9,3000.0,245.55555555555554,3000.0,2210.0,6.0,6.0,0.1111111111111111,1,5,No
PRV52531,0.0,5.0,5.0,5,0.0,594.0,0.0,2970.0,0.0,0.0,0.0,4,4,No
PRV52532,0.0,16.0,16.0,15,0.0,159.375,0.0,2550.0,0.0,0.0,0.0,3,8,No
PRV52533,0.0,43.0,43.0,27,0.0,171.62790697674419,0.0,7380.0,0.0,0.0,0.0,2,5,No
PRV52535,0.0,18.0,18.0,12,0.0,400.0,0.0,7200.0,0.0,0.0,0.0,1,4,No
PRV52536,1.0,0.0,1.0,1,14000.0,0.0,14000.0,0.0,8.0,8.0,1.0,1,1,No
PRV52537,1.0,0.0,1.0,1,57000.0,0.0,57000.0,0.0,19.0,19.0,1.0,1,1,No
PRV52539,0.0,14.0,14.0,12,0.0,317.85714285714283,0.0,4450.0,0.0,0.0,0.0,1,2,No
PRV52540,0.0,7.0,7.0,4,0.0,481.42857142857144,0.0,3370.0,0.0,0.0,0.0,1,1,No
PRV52541,5.0,0.0,5.0,5,8200.0,0.0,41000.0,0.0,6.4,6.4,5.0,1,3,No
PRV52542,0.0,62.0,62.0,44,0.0,256.7741935483871,0.0,15920.0,0.0,0.0,0.0,1,4,No
PRV52543,0.0,171.0,171.0,89,0.0,278.0701754385965,0.0,47550.0,0.0,0.0,0.0,4,11,No
PRV52544,6.0,0.0,6.0,6,5666.666666666667,0.0,34000.0,0.0,3.8333333333333335,3.8333333333333335,6.0,1,2,No
PRV52545,0.0,13.0,13.0,13,0.0,112.3076923076923,0.0,1460.0,0.0,0.0,0.0,2,2,No
PRV52547,0.0,2.0,2.0,2,0.0,1510.0,0.0,3020.0,0.0,0.0,0.0,2,2,No
PRV52548,5.0,10.0,15.0,15,7400.0,175.0,37000.0,1750.0,4.6,4.6,0.5,3,10,No
PRV52549,6.0,150.0,156.0,54,6500.0,387.73333333333335,39000.0,58160.0,8.5,8.5,0.04,1,12,No
PRV52551,0.0,5.0,5.0,5,0.0,184.0,0.0,920.0,0.0,0.0,0.0,1,4,No
PRV52552,11.0,44.0,55.0,54,9727.272727272728,292.5,107000.0,12870.0,5.363636363636363,5.363636363636363,0.25,7,13,No
PRV52553,4.0,4.0,8.0,8,15000.0,580.0,60000.0,2320.0,8.25,8.25,1.0,3,7,No
PRV52554,0.0,13.0,13.0,13,0.0,151.53846153846155,0.0,1970.0,0.0,0.0,0.0,1,2,No
PRV52555,0.0,7.0,7.0,7,0.0,514.2857142857143,0.0,3600.0,0.0,0.0,0.0,3,4,No
PRV52556,46.0,69.0,115.0,100,9717.391304347826,257.39130434782606,447000.0,17760.0,4.369565217391305,4.369565217391305,0.6666666666666666,5,33,No
PRV52557,0.0,11.0,11.0,9,0.0,88.18181818181819,0.0,970.0,0.0,0.0,0.0,1,4,No
PRV52558,0.0,494.0,494.0,440,0.0,285.2226720647773,0.0,140900.0,0.0,0.0,0.0,3,5,No
PRV52559,0.0,359.0,359.0,207,0.0,252.75766016713092,0.0,90740.0,0.0,0.0,0.0,3,28,No
PRV52560,0.0,503.0,503.0,174,0.0,289.16500994035783,0.0,145450.0,0.0,0.0,0.0,2,8,No
PRV52561,0.0,280.0,280.0,261,0.0,460.35714285714283,0.0,128900.0,0.0,0.0,0.0,2,2,No
PRV52562,6.0,81.0,87.0,61,12000.0,229.87654320987653,72000.0,18620.0,4.5,4.5,0.07407407407407407,3,12,No
PRV52563,0.0,473.0,473.0,246,0.0,367.3784355179704,0.0,173770.0,0.0,0.0,0.0,4,14,No
PRV52564,5.0,16.0,21.0,21,7000.0,293.75,35000.0,4700.0,3.4,3.4,0.3125,4,10,No
PRV52565,11.0,126.0,137.0,86,9909.09090909091,259.04761904761904,109000.0,32640.0,3.909090909090909,3.909090909090909,0.0873015873015873,1,4,No
PRV52566,22.0,117.0,139.0,135,9972.727272727272,278.8888888888889,219400.0,32630.0,6.2727272727272725,6.2727272727272725,0.18803418803418803,11,35,No
PRV52567,0.0,66.0,66.0,38,0.0,449.54545454545456,0.0,29670.0,0.0,0.0,0.0,2,7,No
PRV52568,0.0,87.0,87.0,41,0.0,295.7471264367816,0.0,25730.0,0.0,0.0,0.0,2,6,No
PRV52570,8.0,16.0,24.0,23,7750.0,386.875,62000.0,6190.0,7.125,7.125,0.5,1,8,No
PRV52571,0.0,508.0,508.0,429,0.0,318.48425196850394,0.0,161790.0,0.0,0.0,0.0,1,4,No
PRV52572,0.0,3.0,3.0,3,0.0,1383.3333333333333,0.0,4150.0,0.0,0.0,0.0,1,2,No
PRV52573,0.0,587.0,587.0,520,0.0,270.30664395229985,0.0,158670.0,0.0,0.0,0.0,4,8,No
PRV52574,146.0,113.0,259.0,208,10266.438356164384,309.11504424778764,1498900.0,34930.0,5.363013698630137,5.363013698630137,1.2920353982300885,3,47,Yes
PRV52575,0.0,70.0,70.0,40,0.0,339.7142857142857,0.0,23780.0,0.0,0.0,0.0,2,11,No
PRV52576,3.0,23.0,26.0,26,14000.0,341.30434782608694,42000.0,7850.0,4.333333333333333,4.333333333333333,0.13043478260869565,3,10,No
PRV52577,0.0,8.0,8.0,8,0.0,318.75,0.0,2550.0,0.0,0.0,0.0,2,5,No
PRV52578,37.0,12.0,49.0,40,9405.405405405405,420.8333333333333,348000.0,5050.0,6.081081081081081,6.081081081081081,3.0833333333333335,3,8,Yes
PRV52579,0.0,9.0,9.0,9,0.0,117.77777777777777,0.0,1060.0,0.0,0.0,0.0,2,5,No
PRV52580,0.0,39.0,39.0,37,0.0,181.7948717948718,0.0,7090.0,0.0,0.0,0.0,4,8,No
PRV52581,0.0,142.0,142.0,135,0.0,282.0422535211268,0.0,40050.0,0.0,0.0,0.0,1,2,No
PRV52582,19.0,4.0,23.0,23,10000.0,255.0,190000.0,1020.0,6.2631578947368425,6.2631578947368425,4.75,3,8,No
PRV52583,26.0,182.0,208.0,193,7538.461538461538,229.6153846153846,196000.0,41790.0,5.884615384615385,5.884615384615385,0.14285714285714285,17,37,No
PRV52584,3.0,51.0,54.0,51,15000.0,244.31372549019608,45000.0,12460.0,11.333333333333334,11.333333333333334,0.058823529411764705,3,11,No
PRV52586,0.0,1.0,1.0,1,0.0,300.0,0.0,300.0,0.0,0.0,0.0,1,1,No
PRV52587,0.0,137.0,137.0,68,0.0,283.94160583941607,0.0,38900.0,0.0,0.0,0.0,2,6,No
PRV52588,17.0,33.0,50.0,37,9823.529411764706,291.5151515151515,167000.0,9620.0,4.0588235294117645,4.0588235294117645,0.5151515151515151,1,6,No
PRV52589,81.0,345.0,426.0,368,8935.802469135802,316.28985507246375,723800.0,109120.0,5.419753086419753,5.419753086419753,0.23478260869565218,11,41,Yes
PRV52590,115.0,93.0,208.0,190,10470.0,253.01075268817203,1204050.0,23530.0,5.139130434782609,5.139130434782609,1.2365591397849462,1,2,Yes
PRV52591,0.0,46.0,46.0,45,0.0,271.95652173913044,0.0,12510.0,0.0,0.0,0.0,6,9,No
PRV52592,7.0,12.0,19.0,18,8000.0,301.6666666666667,56000.0,3620.0,4.285714285714286,4.285714285714286,0.5833333333333334,4,10,No
PRV52593,0.0,582.0,582.0,252,0.0,244.02061855670104,0.0,142020.0,0.0,0.0,0.0,4,29,Yes
PRV52596,0.0,2.0,2.0,2,0.0,200.0,0.0,400.0,0.0,0.0,0.0,1,1,No
PRV52598,0.0,31.0,31.0,30,0.0,338.38709677419354,0.0,10490.0,0.0,0.0,0.0,7,12,No
PRV52599,0.0,272.0,272.0,144,0.0,323.125,0.0,87890.0,0.0,0.0,0.0,2,12,No
PRV52602,9.0,70.0,79.0,73,9333.333333333334,350.2857142857143,84000.0,24520.0,3.5555555555555554,3.5555555555555554,0.12857142857142856,8,21,No
PRV52604,0.0,7.0,7.0,7,0.0,498.57142857142856,0.0,3490.0,0.0,0.0,0.0,3,3,No
PRV52605,0.0,1000.0,1000.0,401,0.0,253.88,0.0,253880.0,0.0,0.0,0.0,4,43,No
PRV52606,0.0,30.0,30.0,22,0.0,334.0,0.0,10020.0,0.0,0.0,0.0,1,8,No
PRV52607,0.0,2.0,2.0,2,0.0,1700.0,0.0,3400.0,0.0,0.0,0.0,1,2,No
PRV52608,1.0,0.0,1.0,1,3000.0,0.0,3000.0,0.0,3.0,3.0,1.0,1,1,No
PRV52609,5.0,128.0,133.0,45,11600.0,317.890625,58000.0,40690.0,5.8,5.8,0.0390625,2,9,Yes
PRV52610,1.0,16.0,17.0,16,3000.0,440.0,3000.0,7040.0,1.0,1.0,0.0625,2,8,No
PRV52611,9.0,7.0,16.0,16,8888.888888888889,394.2857142857143,80000.0,2760.0,5.444444444444445,5.444444444444445,1.2857142857142858,1,9,No
PRV52614,0.0,156.0,156.0,94,0.0,272.3076923076923,0.0,42480.0,0.0,0.0,0.0,2,13,No
PRV52615,2.0,7.0,9.0,9,9000.0,110.0,18000.0,770.0,4.0,4.0,0.2857142857142857,3,4,No
PRV52616,0.0,15.0,15.0,15,0.0,576.0,0.0,8640.0,0.0,0.0,0.0,5,6,No
PRV52617,42.0,196.0,238.0,135,8309.52380952381,300.51020408163265,349000.0,58900.0,5.357142857142857,5.357142857142857,0.21428571428571427,2,8,No
PRV52621,24.0,21.0,45.0,42,7333.333333333333,203.8095238095238,176000.0,4280.0,5.916666666666667,5.916666666666667,1.1428571428571428,4,11,No
PRV52622,4.0,3.0,7.0,7,4000.0,336.6666666666667,16000.0,1010.0,1.75,1.75,1.3333333333333333,2,3,No
PRV52623,10.0,225.0,235.0,125,14700.0,245.73333333333332,147000.0,55290.0,7.9,7.9,0.044444444444444446,3,19,No
PRV52626,0.0,3.0,3.0,3,0.0,186.66666666666666,0.0,560.0,0.0,0.0,0.0,1,2,No
PRV52627,3.0,2.0,5.0,5,15333.333333333334,35.0,46000.0,70.0,1.6666666666666667,1.6666666666666667,1.5,3,4,No
PRV52628,0.0,2098.0,2098.0,1354,0.0,287.9504289799809,0.0,604120.0,0.0,0.0,0.0,6,16,Yes
PRV52629,0.0,61.0,61.0,58,0.0,201.9672131147541,0.0,12320.0,0.0,0.0,0.0,7,12,No
PRV52630,87.0,347.0,434.0,260,8901.149425287356,285.5043227665706,774400.0,99070.0,5.137931034482759,5.137931034482759,0.2507204610951009,4,11,Yes
PRV52631,0.0,1057.0,1057.0,804,0.0,304.399243140965,0.0,321750.0,0.0,0.0,0.0,7,11,No
PRV52633,0.0,379.0,379.0,224,0.0,265.8839050131926,0.0,100770.0,0.0,0.0,0.0,2,7,No
PRV52634,58.0,29.0,87.0,79,7248.275862068966,156.89655172413794,420400.0,4550.0,6.913793103448276,6.913793103448276,2.0,4,20,No
PRV52636,0.0,21.0,21.0,21,0.0,324.76190476190476,0.0,6820.0,0.0,0.0,0.0,5,8,No
PRV52638,0.0,1.0,1.0,1,0.0,400.0,0.0,400.0,0.0,0.0,0.0,1,1,No
PRV52639,0.0,37.0,37.0,33,0.0,274.3243243243243,0.0,10150.0,0.0,0.0,0.0,4,7,No
PRV52640,0.0,66.0,66.0,65,0.0,167.42424242424244,0.0,11050.0,0.0,0.0,0.0,6,10,No
PRV52641,21.0,76.0,97.0,91,7809.523809523809,293.8157894736842,164000.0,22330.0,5.285714285714286,5.285714285714286,0.27631578947368424,10,29,No
PRV52642,146.0,290.0,436.0,263,8575.342465753425,262.8965517241379,1252000.0,76240.0,5.335616438356165,5.335616438356165,0.503448275862069,3,12,Yes
PRV52643,0.0,11.0,11.0,11,0.0,462.72727272727275,0.0,5090.0,0.0,0.0,0.0,5,6,No
PRV52644,9.0,22.0,31.0,29,7111.111111111111,296.8181818181818,64000.0,6530.0,4.444444444444445,4.444444444444445,0.4090909090909091,5,11,No
PRV52645,0.0,408.0,408.0,367,0.0,268.70098039215685,0.0,109630.0,0.0,0.0,0.0,4,6,No
PRV52646,34.0,70.0,104.0,87,8588.235294117647,204.42857142857142,292000.0,14310.0,5.9411764705882355,5.9411764705882355,0.4857142857142857,3,16,No
PRV52647,7.0,68.0,75.0,73,7142.857142857143,309.8529411764706,50000.0,21070.0,3.857142857142857,3.857142857142857,0.10294117647058823,8,23,No
PRV52648,0.0,842.0,842.0,259,0.0,303.14726840855104,0.0,255250.0,0.0,0.0,0.0,3,14,Yes
PRV52649,0.0,2156.0,2156.0,1421,0.0,279.30890538033395,0.0,602190.0,0.0,0.0,0.0,11,43,Yes
PRV52651,3.0,1.0,4.0,4,11000.0,90.0,33000.0,90.0,3.6666666666666665,3.6666666666666665,3.0,1,3,No
PRV52652,0.0,743.0,743.0,503,0.0,256.47375504710635,0.0,190560.0,0.0,0.0,0.0,5,20,Yes
PRV52653,4.0,10.0,14.0,13,17000.0,95.0,68000.0,950.0,11.0,11.0,0.4,1,7,No
PRV52654,58.0,119.0,177.0,171,7822.413793103448,250.8403361344538,453700.0,29850.0,4.793103448275862,4.793103448275862,0.48739495798319327,16,50,No
PRV52656,0.0,775.0,775.0,631,0.0,309.3806451612903,0.0,239770.0,0.0,0.0,0.0,2,6,No
PRV52657,0.0,121.0,121.0,61,0.0,241.73553719008265,0.0,29250.0,0.0,0.0,0.0,2,13,No
PRV52658,0.0,39.0,39.0,36,0.0,380.5128205128205,0.0,14840.0,0.0,0.0,0.0,2,5,No
PRV52659,0.0,24.0,24.0,24,0.0,137.91666666666666,0.0,3310.0,0.0,0.0,0.0,5,10,No
PRV52660,0.0,558.0,558.0,329,0.0,260.57347670250897,0.0,145400.0,0.0,0.0,0.0,4,11,No
PRV52661,0.0,247.0,247.0,233,0.0,306.43724696356276,0.0,75690.0,0.0,0.0,0.0,1,4,No
PRV52662,2.0,17.0,19.0,18,5500.0,105.29411764705883,11000.0,1790.0,3.5,3.5,0.11764705882352941,1,10,No
PRV52663,0.0,576.0,576.0,272,0.0,313.62847222222223,0.0,180650.0,0.0,0.0,0.0,4,10,No
PRV52665,0.0,607.0,607.0,416,0.0,240.74135090609556,0.0,146130.0,0.0,0.0,0.0,3,12,No
PRV52666,0.0,39.0,39.0,38,0.0,228.97435897435898,0.0,8930.0,0.0,0.0,0.0,3,7,No
PRV52667,0.0,3.0,3.0,3,0.0,50.0,0.0,150.0,0.0,0.0,0.0,2,3,No
PRV52668,0.0,7.0,7.0,6,0.0,264.2857142857143,0.0,1850.0,0.0,0.0,0.0,1,1,No
PRV52669,0.0,1.0,1.0,1,0.0,300.0,0.0,300.0,0.0,0.0,0.0,1,1,No
PRV52670,0.0,13.0,13.0,13,0.0,58.46153846153846,0.0,760.0,0.0,0.0,0.0,1,6,No
PRV52671,0.0,2.0,2.0,2,0.0,120.0,0.0,240.0,0.0,0.0,0.0,1,1,No
PRV52672,0.0,3.0,3.0,2,0.0,130.0,0.0,390.0,0.0,0.0,0.0,1,1,No
PRV52673,0.0,87.0,87.0,52,0.0,223.79310344827587,0.0,19470.0,0.0,0.0,0.0,1,1,No
PRV52674,0.0,3.0,3.0,3,0.0,243.33333333333334,0.0,730.0,0.0,0.0,0.0,1,1,No
PRV52676,0.0,39.0,39.0,34,0.0,251.28205128205127,0.0,9800.0,0.0,0.0,0.0,2,3,No
PRV52677,0.0,2.0,2.0,2,0.0,70.0,0.0,140.0,0.0,0.0,0.0,1,1,No
PRV52678,0.0,74.0,74.0,51,0.0,336.8918918918919,0.0,24930.0,0.0,0.0,0.0,2,4,No
PRV52679,0.0,53.0,53.0,36,0.0,303.77358490566036,0.0,16100.0,0.0,0.0,0.0,2,4,No
PRV52681,0.0,3.0,3.0,3,0.0,153.33333333333334,0.0,460.0,0.0,0.0,0.0,1,2,No
PRV52683,0.0,131.0,131.0,66,0.0,253.74045801526717,0.0,33240.0,0.0,0.0,0.0,2,8,No
PRV52684,5.0,205.0,210.0,108,13200.0,312.390243902439,66000.0,64040.0,9.6,9.6,0.024390243902439025,2,10,No
PRV52686,0.0,9.0,9.0,8,0.0,124.44444444444444,0.0,1120.0,0.0,0.0,0.0,2,3,No
PRV52687,6.0,35.0,41.0,25,9333.333333333334,169.14285714285714,56000.0,5920.0,4.666666666666667,4.666666666666667,0.17142857142857143,1,3,No
PRV52688,6.0,53.0,59.0,30,16500.0,314.52830188679246,99000.0,16670.0,5.833333333333333,5.833333333333333,0.11320754716981132,2,4,No
PRV52689,0.0,12.0,12.0,12,0.0,110.83333333333333,0.0,1330.0,0.0,0.0,0.0,2,2,No
PRV52690,0.0,117.0,117.0,37,0.0,448.8034188034188,0.0,52510.0,0.0,0.0,0.0,2,6,Yes
PRV52691,3.0,14.0,17.0,15,6666.666666666667,170.0,20000.0,2380.0,6.0,6.0,0.21428571428571427,1,5,No
PRV52692,0.0,36.0,36.0,18,0.0,267.77777777777777,0.0,9640.0,0.0,0.0,0.0,2,6,No
PRV52693,0.0,8.0,8.0,8,0.0,490.0,0.0,3920.0,0.0,0.0,0.0,1,2,No
PRV52694,0.0,2.0,2.0,2,0.0,55.0,0.0,110.0,0.0,0.0,0.0,1,1,No
PRV52695,0.0,5.0,5.0,5,0.0,40.0,0.0,200.0,0.0,0.0,0.0,1,4,No
PRV52696,3.0,0.0,3.0,3,32000.0,0.0,96000.0,0.0,7.0,7.0,3.0,1,1,No
PRV52697,0.0,5.0,5.0,5,0.0,130.0,0.0,650.0,0.0,0.0,0.0,1,3,No
PRV52698,1.0,122.0,123.0,56,7000.0,285.0,7000.0,34770.0,2.0,2.0,0.00819672131147541,1,7,No
PRV52699,1.0,11.0,12.0,11,9000.0,377.27272727272725,9000.0,4150.0,3.0,3.0,0.09090909090909091,1,8,No
PRV52700,0.0,30.0,30.0,16,0.0,410.0,0.0,12300.0,0.0,0.0,0.0,1,4,No
PRV52701,0.0,96.0,96.0,55,0.0,266.7708333333333,0.0,25610.0,0.0,0.0,0.0,1,4,No
PRV52702,0.0,28.0,28.0,24,0.0,241.07142857142858,0.0,6750.0,0.0,0.0,0.0,1,5,No
PRV52703,0.0,4.0,4.0,4,0.0,675.0,0.0,2700.0,0.0,0.0,0.0,2,3,No
PRV52704,0.0,159.0,159.0,73,0.0,325.72327044025155,0.0,51790.0,0.0,0.0,0.0,1,5,No
PRV52706,2.0,24.0,26.0,25,12500.0,341.25,25000.0,8190.0,18.5,18.5,0.08333333333333333,3,6,No
PRV52708,5.0,26.0,31.0,12,6400.0,323.0769230769231,32000.0,8400.0,4.0,4.0,0.19230769230769232,1,3,No
PRV52709,0.0,13.0,13.0,4,0.0,170.76923076923077,0.0,2220.0,0.0,0.0,0.0,1,2,No
PRV52710,0.0,28.0,28.0,26,0.0,157.5,0.0,4410.0,0.0,0.0,0.0,2,4,No
PRV52711,0.0,28.0,28.0,18,0.0,325.35714285714283,0.0,9110.0,0.0,0.0,0.0,2,7,No
PRV52713,0.0,60.0,60.0,21,0.0,237.66666666666666,0.0,14260.0,0.0,0.0,0.0,1,6,No
PRV52714,0.0,5.0,5.0,5,0.0,142.0,0.0,710.0,0.0,0.0,0.0,3,3,No
PRV52715,0.0,3.0,3.0,3,0.0,66.66666666666667,0.0,200.0,0.0,0.0,0.0,1,1,No
PRV52717,20.0,109.0,129.0,87,9250.0,239.72477064220183,185000.0,26130.0,5.2,5.2,0.1834862385321101,1,6,No
PRV52719,0.0,63.0,63.0,33,0.0,172.06349206349208,0.0,10840.0,0.0,0.0,0.0,2,2,No
PRV52720,0.0,50.0,50.0,24,0.0,301.0,0.0,15050.0,0.0,0.0,0.0,2,5,No
PRV52721,0.0,7.0,7.0,7,0.0,258.57142857142856,0.0,1810.0,0.0,0.0,0.0,2,4,No
PRV52722,9.0,274.0,283.0,119,8444.444444444445,260.5109489051095,76000.0,71380.0,5.555555555555555,5.555555555555555,0.032846715328467155,2,8,No
PRV52723,18.0,163.0,181.0,93,9388.888888888889,311.41104294478527,169000.0,50760.0,7.444444444444445,7.444444444444445,0.11042944785276074,1,6,No
PRV52724,0.0,24.0,24.0,17,0.0,210.0,0.0,5040.0,0.0,0.0,0.0,1,3,No
PRV52725,0.0,42.0,42.0,40,0.0,448.8095238095238,0.0,18850.0,0.0,0.0,0.0,1,2,No
PRV52726,0.0,2.0,2.0,2,0.0,190.0,0.0,380.0,0.0,0.0,0.0,1,1,No
PRV52727,0.0,12.0,12.0,10,0.0,220.83333333333334,0.0,2650.0,0.0,0.0,0.0,1,3,No
PRV52728,0.0,15.0,15.0,12,0.0,209.33333333333334,0.0,3140.0,0.0,0.0,0.0,1,5,No
PRV52729,0.0,2.0,2.0,2,0.0,250.0,0.0,500.0,0.0,0.0,0.0,1,2,No
PRV52731,0.0,23.0,23.0,13,0.0,191.7391304347826,0.0,4410.0,0.0,0.0,0.0,2,6,No
PRV52732,0.0,10.0,10.0,6,0.0,249.0,0.0,2490.0,0.0,0.0,0.0,1,2,No
PRV52733,0.0,1.0,1.0,1,0.0,30.0,0.0,30.0,0.0,0.0,0.0,1,1,No
PRV52736,0.0,1.0,1.0,1,0.0,50.0,0.0,50.0,0.0,0.0,0.0,1,1,No
PRV52738,0.0,62.0,62.0,49,0.0,284.83870967741933,0.0,17660.0,0.0,0.0,0.0,2,3,No
PRV52739,0.0,53.0,53.0,39,0.0,215.0943396226415,0.0,11400.0,0.0,0.0,0.0,1,2,No
PRV52740,0.0,34.0,34.0,18,0.0,185.58823529411765,0.0,6310.0,0.0,0.0,0.0,1,3,No
PRV52741,0.0,2.0,2.0,2,0.0,40.0,0.0,80.0,0.0,0.0,0.0,1,2,No
PRV52742,0.0,6.0,6.0,3,0.0,211.66666666666666,0.0,1270.0,0.0,0.0,0.0,1,1,No
PRV52743,0.0,6.0,6.0,6,0.0,345.0,0.0,2070.0,0.0,0.0,0.0,1,1,No
PRV52744,0.0,2.0,2.0,2,0.0,200.0,0.0,400.0,0.0,0.0,0.0,1,1,No
PRV52745,0.0,156.0,156.0,152,0.0,301.4102564102564,0.0,47020.0,0.0,0.0,0.0,2,4,No
PRV52746,0.0,1.0,1.0,1,0.0,50.0,0.0,50.0,0.0,0.0,0.0,1,1,No
PRV52747,0.0,21.0,21.0,21,0.0,358.0952380952381,0.0,7520.0,0.0,0.0,0.0,1,1,No
PRV52748,0.0,10.0,10.0,10,0.0,61.0,0.0,610.0,0.0,0.0,0.0,1,3,No
PRV52750,0.0,26.0,26.0,26,0.0,411.53846153846155,0.0,10700.0,0.0,0.0,0.0,1,1,No
PRV52751,0.0,3.0,3.0,3,0.0,100.0,0.0,300.0,0.0,0.0,0.0,1,1,No
PRV52752,0.0,2.0,2.0,2,0.0,280.0,0.0,560.0,0.0,0.0,0.0,1,1,No
PRV52753,0.0,2.0,2.0,2,0.0,65.0,0.0,130.0,0.0,0.0,0.0,1,1,No
PRV52754,0.0,1.0,1.0,1,0.0,10.0,0.0,10.0,0.0,0.0,0.0,1,1,No
PRV52755,0.0,11.0,11.0,9,0.0,539.0909090909091,0.0,5930.0,0.0,0.0,0.0,1,4,No
PRV52756,0.0,4.0,4.0,4,0.0,55.0,0.0,220.0,0.0,0.0,0.0,1,1,No
PRV52757,0.0,1.0,1.0,1,0.0,50.0,0.0,50.0,0.0,0.0,0.0,1,1,No
PRV52758,0.0,4.0,4.0,4,0.0,32.5,0.0,130.0,0.0,0.0,0.0,1,1,No
PRV52760,0.0,5.0,5.0,5,0.0,814.0,0.0,4070.0,0.0,0.0,0.0,1,1,No
PRV52761,0.0,11.0,11.0,11,0.0,430.90909090909093,0.0,4740.0,0.0,0.0,0.0,1,1,No
PRV52763,0.0,1.0,1.0,1,0.0,50.0,0.0,50.0,0.0,0.0,0.0,1,1,No
PRV52764,0.0,3.0,3.0,3,0.0,150.0,0.0,450.0,0.0,0.0,0.0,1,2,No
PRV52766,0.0,11.0,11.0,11,0.0,182.72727272727272,0.0,2010.0,0.0,0.0,0.0,1,1,No
PRV52767,0.0,4.0,4.0,4,0.0,172.5,0.0,690.0,0.0,0.0,0.0,1,1,No
PRV52768,0.0,25.0,25.0,25,0.0,292.4,0.0,7310.0,0.0,0.0,0.0,1,1,No
PRV52769,0.0,1.0,1.0,1,0.0,40.0,0.0,40.0,0.0,0.0,0.0,1,1,No
PRV52770,0.0,7.0,7.0,7,0.0,155.71428571428572,0.0,1090.0,0.0,0.0,0.0,1,1,No
PRV52771,0.0,4.0,4.0,4,0.0,62.5,0.0,250.0,0.0,0.0,0.0,1,2,No
PRV52772,0.0,12.0,12.0,12,0.0,170.83333333333334,0.0,2050.0,0.0,0.0,0.0,1,1,No
PRV52773,0.0,2.0,2.0,2,0.0,75.0,0.0,150.0,0.0,0.0,0.0,1,1,No
PRV52774,0.0,4.0,4.0,4,0.0,75.0,0.0,300.0,0.0,0.0,0.0,1,1,No
PRV52775,0.0,7.0,7.0,7,0.0,541.4285714285714,0.0,3790.0,0.0,0.0,0.0,1,2,No
PRV52777,0.0,2.0,2.0,2,0.0,130.0,0.0,260.0,0.0,0.0,0.0,1,1,No
PRV52778,0.0,1.0,1.0,1,0.0,100.0,0.0,100.0,0.0,0.0,0.0,1,1,No
PRV52781,0.0,1.0,1.0,1,0.0,100.0,0.0,100.0,0.0,0.0,0.0,1,1,No
PRV52782,0.0,10.0,10.0,7,0.0,173.0,0.0,1730.0,0.0,0.0,0.0,1,1,No
PRV52783,0.0,1.0,1.0,1,0.0,70.0,0.0,70.0,0.0,0.0,0.0,1,1,No
PRV52784,0.0,2.0,2.0,2,0.0,135.0,0.0,270.0,0.0,0.0,0.0,1,2,No
PRV52785,0.0,1.0,1.0,1,0.0,60.0,0.0,60.0,0.0,0.0,0.0,1,1,No
PRV52786,0.0,2.0,2.0,2,0.0,60.0,0.0,120.0,0.0,0.0,0.0,1,1,No
PRV52787,11.0,0.0,11.0,11,6090.909090909091,0.0,67000.0,0.0,2.8181818181818183,2.8181818181818183,11.0,1,5,No
PRV52788,0.0,401.0,401.0,373,0.0,287.48129675810475,0.0,115280.0,0.0,0.0,0.0,6,15,No
PRV52789,0.0,38.0,38.0,38,0.0,328.94736842105266,0.0,12500.0,0.0,0.0,0.0,1,4,No
PRV52790,0.0,28.0,28.0,15,0.0,245.0,0.0,6860.0,0.0,0.0,0.0,1,5,No
PRV52791,0.0,1.0,1.0,1,0.0,200.0,0.0,200.0,0.0,0.0,0.0,1,1,No
PRV52792,0.0,5.0,5.0,5,0.0,64.0,0.0,320.0,0.0,0.0,0.0,1,1,No
PRV52793,0.0,17.0,17.0,17,0.0,248.8235294117647,0.0,4230.0,0.0,0.0,0.0,1,1,No
PRV52794,0.0,1.0,1.0,1,0.0,30.0,0.0,30.0,0.0,0.0,0.0,1,1,No
PRV52795,0.0,19.0,19.0,13,0.0,323.6842105263158,0.0,6150.0,0.0,0.0,0.0,2,2,No
PRV52796,0.0,48.0,48.0,16,0.0,347.7083333333333,0.0,16690.0,0.0,0.0,0.0,1,3,No
PRV52797,0.0,1.0,1.0,1,0.0,300.0,0.0,300.0,0.0,0.0,0.0,1,1,No
PRV52798,0.0,56.0,56.0,38,0.0,324.2857142857143,0.0,18160.0,0.0,0.0,0.0,1,3,No
PRV52799,0.0,2.0,2.0,2,0.0,75.0,0.0,150.0,0.0,0.0,0.0,1,1,No
PRV52800,0.0,8.0,8.0,6,0.0,236.25,0.0,1890.0,0.0,0.0,0.0,1,1,No
PRV52801,0.0,31.0,31.0,22,0.0,339.03225806451616,0.0,10510.0,0.0,0.0,0.0,1,4,No
PRV52803,2.0,0.0,2.0,2,4500.0,0.0,9000.0,0.0,2.0,2.0,2.0,1,2,No
PRV52804,1.0,0.0,1.0,1,36000.0,0.0,36000.0,0.0,13.0,13.0,1.0,1,1,No
PRV52806,2.0,0.0,2.0,2,8000.0,0.0,16000.0,0.0,2.5,2.5,2.0,1,1,No
PRV52807,2.0,0.0,2.0,2,8500.0,0.0,17000.0,0.0,5.5,5.5,2.0,1,1,No
PRV52808,4.0,1.0,5.0,5,7750.0,80.0,31000.0,80.0,6.0,6.0,4.0,1,1,No
PRV52810,6.0,0.0,6.0,6,12666.666666666666,0.0,76000.0,0.0,5.166666666666667,5.166666666666667,6.0,1,4,No
PRV52813,17.0,0.0,17.0,15,8352.941176470587,0.0,142000.0,0.0,4.588235294117647,4.588235294117647,17.0,1,1,No
PRV52814,2.0,0.0,2.0,2,3000.0,0.0,6000.0,0.0,4.0,4.0,2.0,1,1,No
PRV52815,26.0,0.0,26.0,24,15000.0,0.0,390000.0,0.0,5.6923076923076925,5.6923076923076925,26.0,1,4,Yes
PRV52816,1.0,0.0,1.0,1,3000.0,0.0,3000.0,0.0,1.0,1.0,1.0,1,1,No
PRV52818,0.0,39.0,39.0,35,0.0,249.48717948717947,0.0,9730.0,0.0,0.0,0.0,4,10,No
PRV52820,0.0,32.0,32.0,30,0.0,203.4375,0.0,6510.0,0.0,0.0,0.0,3,5,No
PRV52821,173.0,540.0,713.0,389,9601.156069364162,299.94444444444446,1661000.0,161970.0,5.838150289017341,5.936416184971098,0.32037037037037036,5,33,Yes
PRV52822,0.0,135.0,135.0,97,0.0,322.0740740740741,0.0,43480.0,0.0,0.0,0.0,3,10,No
PRV52823,7.0,80.0,87.0,70,6571.428571428572,238.75,46000.0,19100.0,10.857142857142858,10.857142857142858,0.0875,4,15,No
PRV52824,0.0,42.0,42.0,39,0.0,208.0952380952381,0.0,8740.0,0.0,0.0,0.0,6,13,No
PRV52825,0.0,22.0,22.0,21,0.0,266.8181818181818,0.0,5870.0,0.0,0.0,0.0,4,8,No
PRV52826,0.0,292.0,292.0,103,0.0,347.94520547945206,0.0,101600.0,0.0,0.0,0.0,2,10,Yes
PRV52827,0.0,804.0,804.0,296,0.0,350.82089552238807,0.0,282060.0,0.0,0.0,0.0,4,15,No
PRV52828,23.0,21.0,44.0,38,9217.391304347826,430.95238095238096,212000.0,9050.0,5.826086956521739,5.695652173913044,1.0952380952380953,4,14,Yes
PRV52829,6.0,527.0,533.0,326,6666.666666666667,354.4592030360531,40000.0,186800.0,3.5,3.5,0.011385199240986717,3,15,No
PRV52830,0.0,34.0,34.0,28,0.0,213.23529411764707,0.0,7250.0,0.0,0.0,0.0,4,8,No
PRV52831,20.0,11.0,31.0,29,12300.0,174.54545454545453,246000.0,1920.0,5.85,5.85,1.8181818181818181,2,4,No
PRV52832,0.0,31.0,31.0,30,0.0,328.38709677419354,0.0,10180.0,0.0,0.0,0.0,3,10,No
PRV52833,4.0,10.0,14.0,12,6500.0,146.0,26000.0,1460.0,16.75,16.75,0.4,1,4,No
PRV52835,11.0,46.0,57.0,57,11636.363636363636,268.69565217391306,128000.0,12360.0,5.636363636363637,5.636363636363637,0.2391304347826087,6,19,No
PRV52836,5.0,16.0,21.0,20,10200.0,167.5,51000.0,2680.0,6.8,6.8,0.3125,2,8,No
PRV52837,2.0,69.0,71.0,59,11000.0,143.91304347826087,22000.0,9930.0,3.0,3.0,0.028985507246376812,3,17,No
PRV52838,0.0,83.0,83.0,61,0.0,303.9759036144578,0.0,25230.0,0.0,0.0,0.0,2,10,No
PRV52839,0.0,33.0,33.0,30,0.0,372.42424242424244,0.0,12290.0,0.0,0.0,0.0,2,8,No
PRV52841,1.0,2.0,3.0,3,13000.0,160.0,13000.0,320.0,1.0,1.0,0.5,1,2,No
PRV52842,24.0,421.0,445.0,263,11916.666666666666,262.4940617577197,286000.0,110510.0,4.75,4.75,0.057007125890736345,2,26,No
PRV52843,47.0,204.0,251.0,190,11553.191489361701,240.98039215686273,543000.0,49160.0,5.425531914893617,5.382978723404255,0.23039215686274508,5,40,Yes
PRV52844,2.0,127.0,129.0,112,6500.0,267.3228346456693,13000.0,33950.0,2.5,2.5,0.015748031496062992,4,20,No
PRV52845,8.0,223.0,231.0,137,27250.0,225.73991031390133,218000.0,50340.0,3.375,3.375,0.03587443946188341,3,8,No
PRV52846,175.0,66.0,241.0,222,11999.028571428571,260.3030303030303,2099830.0,17180.0,5.668571428571428,5.668571428571428,2.6515151515151514,9,50,Yes
PRV52847,62.0,30.0,92.0,75,9854.838709677419,214.33333333333334,611000.0,6430.0,5.338709677419355,5.338709677419355,2.066666666666667,5,14,Yes
PRV52848,0.0,25.0,25.0,25,0.0,211.2,0.0,5280.0,0.0,0.0,0.0,5,9,No
PRV52849,2.0,12.0,14.0,13,21500.0,231.66666666666666,43000.0,2780.0,4.5,4.5,0.16666666666666666,3,3,No
PRV52850,1.0,145.0,146.0,52,16000.0,223.93103448275863,16000.0,32470.0,5.0,5.0,0.006896551724137931,1,10,No
PRV52851,8.0,29.0,37.0,35,7625.0,222.75862068965517,61000.0,6460.0,4.875,4.875,0.27586206896551724,4,13,No
PRV52853,0.0,29.0,29.0,24,0.0,381.0344827586207,0.0,11050.0,0.0,0.0,0.0,1,7,No
PRV52855,3.0,19.0,22.0,22,8333.333333333334,357.89473684210526,25000.0,6800.0,5.333333333333333,5.333333333333333,0.15789473684210525,2,9,No
PRV52857,6.0,453.0,459.0,178,9000.0,314.1501103752759,54000.0,142310.0,6.333333333333333,6.333333333333333,0.013245033112582781,2,18,No
PRV52858,14.0,66.0,80.0,77,10214.285714285714,329.6969696969697,143000.0,21760.0,6.428571428571429,6.428571428571429,0.21212121212121213,5,26,No
PRV52859,0.0,911.0,911.0,441,0.0,316.059275521405,0.0,287930.0,0.0,0.0,0.0,8,40,No
PRV52860,0.0,393.0,393.0,149,0.0,274.3765903307888,0.0,107830.0,0.0,0.0,0.0,2,16,Yes
PRV52861,0.0,14.0,14.0,14,0.0,126.42857142857143,0.0,1770.0,0.0,0.0,0.0,5,8,No
PRV52862,56.0,20.0,76.0,67,7696.428571428572,83.0,431000.0,1660.0,4.428571428571429,4.428571428571429,2.8,6,12,No
PRV52863,0.0,52.0,52.0,29,0.0,281.7307692307692,0.0,14650.0,0.0,0.0,0.0,2,7,No
PRV52864,0.0,28.0,28.0,22,0.0,459.64285714285717,0.0,12870.0,0.0,0.0,0.0,1,7,No
PRV52865,6.0,60.0,66.0,57,11666.666666666666,213.16666666666666,70000.0,12790.0,2.8333333333333335,2.8333333333333335,0.1,4,17,No
PRV52868,42.0,68.0,110.0,93,9833.333333333334,310.5882352941176,413000.0,21120.0,5.071428571428571,5.071428571428571,0.6176470588235294,3,15,Yes
PRV52869,7.0,55.0,62.0,50,11714.285714285714,220.36363636363637,82000.0,12120.0,6.857142857142857,6.857142857142857,0.12727272727272726,4,18,No
PRV52870,35.0,554.0,589.0,220,8294.285714285714,294.3682310469314,290300.0,163080.0,4.485714285714286,4.485714285714286,0.0631768953068592,3,23,Yes
PRV52872,0.0,108.0,108.0,102,0.0,441.75925925925924,0.0,47710.0,0.0,0.0,0.0,3,23,No
PRV52873,0.0,69.0,69.0,56,0.0,239.1304347826087,0.0,16500.0,0.0,0.0,0.0,3,8,No
PRV52875,0.0,12.0,12.0,12,0.0,128.33333333333334,0.0,1540.0,0.0,0.0,0.0,1,4,No
PRV52876,18.0,55.0,73.0,66,9888.888888888889,326.90909090909093,178000.0,17980.0,6.333333333333333,6.333333333333333,0.32727272727272727,1,24,No
PRV52877,0.0,19.0,19.0,19,0.0,128.94736842105263,0.0,2450.0,0.0,0.0,0.0,1,7,No
PRV52878,0.0,27.0,27.0,25,0.0,433.3333333333333,0.0,11700.0,0.0,0.0,0.0,2,11,No
PRV52879,0.0,120.0,120.0,56,0.0,224.0,0.0,26880.0,0.0,0.0,0.0,3,8,No
PRV52880,3.0,17.0,20.0,19,6000.0,91.76470588235294,18000.0,1560.0,2.0,2.0,0.17647058823529413,1,8,No
PRV52881,20.0,282.0,302.0,225,7125.0,244.7163120567376,142500.0,69010.0,3.75,3.75,0.07092198581560284,1,18,No
PRV52882,0.0,41.0,41.0,32,0.0,364.8780487804878,0.0,14960.0,0.0,0.0,0.0,1,2,No
PRV52884,0.0,707.0,707.0,213,0.0,336.53465346534654,0.0,237930.0,0.0,0.0,0.0,2,12,Yes
PRV52886,0.0,70.0,70.0,41,0.0,343.2857142857143,0.0,24030.0,0.0,0.0,0.0,1,5,No
PRV52887,23.0,507.0,530.0,202,11261.304347826086,245.7199211045365,259010.0,124580.0,8.173913043478262,8.173913043478262,0.045364891518737675,3,18,Yes
PRV52889,31.0,609.0,640.0,363,7387.096774193548,293.1034482758621,229000.0,178500.0,4.129032258064516,4.129032258064516,0.05090311986863711,4,22,No
PRV52890,4.0,18.0,22.0,22,7250.0,330.55555555555554,29000.0,5950.0,4.5,4.5,0.2222222222222222,2,7,No
PRV52891,0.0,19.0,19.0,19,0.0,135.78947368421052,0.0,2580.0,0.0,0.0,0.0,2,11,No
PRV52892,7.0,29.0,36.0,29,14857.142857142857,161.72413793103448,104000.0,4690.0,8.571428571428571,8.571428571428571,0.2413793103448276,5,11,No
PRV52893,0.0,362.0,362.0,227,0.0,364.22651933701655,0.0,131850.0,0.0,0.0,0.0,2,17,No
PRV52895,0.0,81.0,81.0,72,0.0,323.2098765432099,0.0,26180.0,0.0,0.0,0.0,3,16,No
PRV52896,17.0,125.0,142.0,97,15647.058823529413,279.36,266000.0,34920.0,5.647058823529412,5.647058823529412,0.136,3,12,No
PRV52897,0.0,45.0,45.0,39,0.0,203.11111111111111,0.0,9140.0,0.0,0.0,0.0,3,11,No
PRV52898,48.0,66.0,114.0,108,10687.5,347.42424242424244,513000.0,22930.0,5.729166666666667,5.729166666666667,0.7272727272727273,1,34,No
PRV52899,0.0,1.0,1.0,1,0.0,30.0,0.0,30.0,0.0,0.0,0.0,1,1,No
PRV52901,0.0,85.0,85.0,50,0.0,270.94117647058823,0.0,23030.0,0.0,0.0,0.0,1,6,No
PRV52902,21.0,25.0,46.0,44,6095.238095238095,170.0,128000.0,4250.0,2.761904761904762,2.761904761904762,0.84,2,14,No
PRV52903,167.0,33.0,200.0,191,9278.922155688622,561.5151515151515,1549580.0,18530.0,5.706586826347305,5.706586826347305,5.0606060606060606,5,13,Yes
PRV52904,1.0,2.0,3.0,3,10000.0,115.0,10000.0,230.0,7.0,7.0,0.5,2,2,No
PRV52905,0.0,130.0,130.0,58,0.0,195.69230769230768,0.0,25440.0,0.0,0.0,0.0,1,5,No
PRV52907,0.0,183.0,183.0,79,0.0,292.89617486338796,0.0,53600.0,0.0,0.0,0.0,2,6,No
PRV52910,10.0,8.0,18.0,16,14900.0,325.0,149000.0,2600.0,4.8,4.8,1.25,2,4,No
PRV52911,0.0,5.0,5.0,5,0.0,412.0,0.0,2060.0,0.0,0.0,0.0,1,3,No
PRV52912,1.0,15.0,16.0,14,13000.0,109.33333333333333,13000.0,1640.0,4.0,4.0,0.06666666666666667,2,4,No
PRV52913,0.0,35.0,35.0,32,0.0,331.42857142857144,0.0,11600.0,0.0,0.0,0.0,3,7,No
PRV52914,0.0,61.0,61.0,44,0.0,281.4754098360656,0.0,17170.0,0.0,0.0,0.0,2,5,No
PRV52916,6.0,20.0,26.0,25,10666.666666666666,456.5,64000.0,9130.0,6.166666666666667,6.166666666666667,0.3,1,6,No
PRV52917,0.0,32.0,32.0,21,0.0,277.1875,0.0,8870.0,0.0,0.0,0.0,1,6,No
PRV52918,13.0,9.0,22.0,20,8361.538461538461,590.0,108700.0,5310.0,5.6923076923076925,5.6923076923076925,1.4444444444444444,1,3,No
PRV52919,0.0,66.0,66.0,37,0.0,213.1818181818182,0.0,14070.0,0.0,0.0,0.0,1,7,No
PRV52920,2.0,15.0,17.0,17,6500.0,102.0,13000.0,1530.0,2.5,2.5,0.13333333333333333,1,5,No
PRV52921,3.0,43.0,46.0,43,4333.333333333333,336.04651162790697,13000.0,14450.0,3.3333333333333335,3.3333333333333335,0.06976744186046512,2,6,No
PRV52922,7.0,26.0,33.0,24,5714.285714285715,365.7692307692308,40000.0,9510.0,3.7142857142857144,3.7142857142857144,0.2692307692307692,4,6,No
PRV52924,3.0,10.0,13.0,11,12000.0,273.0,36000.0,2730.0,3.3333333333333335,3.3333333333333335,0.3,1,4,No
PRV52925,4.0,0.0,4.0,4,7250.0,0.0,29000.0,0.0,5.0,5.0,4.0,1,2,No
PRV52926,4.0,13.0,17.0,16,12750.0,212.30769230769232,51000.0,2760.0,5.5,5.5,0.3076923076923077,1,7,No
PRV52928,0.0,41.0,41.0,23,0.0,225.85365853658536,0.0,9260.0,0.0,0.0,0.0,2,6,No
PRV52929,0.0,35.0,35.0,20,0.0,193.42857142857142,0.0,6770.0,0.0,0.0,0.0,2,6,No
PRV52930,0.0,127.0,127.0,61,0.0,309.37007874015745,0.0,39290.0,0.0,0.0,0.0,1,5,No
PRV52931,0.0,14.0,14.0,14,0.0,215.0,0.0,3010.0,0.0,0.0,0.0,1,4,No
PRV52932,0.0,40.0,40.0,34,0.0,345.75,0.0,13830.0,0.0,0.0,0.0,1,6,No
PRV52933,4.0,4.0,8.0,6,17000.0,347.5,68000.0,1390.0,7.0,7.0,1.0,2,4,Yes
PRV52934,0.0,32.0,32.0,18,0.0,272.8125,0.0,8730.0,0.0,0.0,0.0,1,3,No
PRV52935,0.0,280.0,280.0,85,0.0,363.57142857142856,0.0,101800.0,0.0,0.0,0.0,2,9,No
PRV52936,4.0,104.0,108.0,34,6000.0,195.57692307692307,24000.0,20340.0,2.75,2.75,0.038461538461538464,1,8,No
PRV52937,0.0,24.0,24.0,21,0.0,251.25,0.0,6030.0,0.0,0.0,0.0,1,5,No
PRV52938,0.0,3.0,3.0,3,0.0,1423.3333333333333,0.0,4270.0,0.0,0.0,0.0,1,2,No
PRV52940,0.0,9.0,9.0,7,0.0,105.55555555555556,0.0,950.0,0.0,0.0,0.0,1,1,No
PRV52941,0.0,43.0,43.0,39,0.0,324.4186046511628,0.0,13950.0,0.0,0.0,0.0,1,3,No
PRV52942,0.0,43.0,43.0,39,0.0,253.72093023255815,0.0,10910.0,0.0,0.0,0.0,1,3,No
PRV52943,0.0,35.0,35.0,33,0.0,193.14285714285714,0.0,6760.0,0.0,0.0,0.0,1,1,No
PRV52944,0.0,4.0,4.0,4,0.0,1030.0,0.0,4120.0,0.0,0.0,0.0,1,1,No
PRV52945,0.0,46.0,46.0,24,0.0,149.34782608695653,0.0,6870.0,0.0,0.0,0.0,1,1,No
PRV52948,0.0,106.0,106.0,47,0.0,238.8679245283019,0.0,25320.0,0.0,0.0,0.0,2,3,No
PRV52949,0.0,79.0,79.0,51,0.0,342.7848101265823,0.0,27080.0,0.0,0.0,0.0,1,1,No
PRV52950,0.0,116.0,116.0,64,0.0,291.63793103448273,0.0,33830.0,0.0,0.0,0.0,1,3,No
PRV52951,0.0,20.0,20.0,20,0.0,499.0,0.0,9980.0,0.0,0.0,0.0,1,1,No
PRV52952,0.0,1.0,1.0,1,0.0,600.0,0.0,600.0,0.0,0.0,0.0,1,1,No
PRV52953,0.0,85.0,85.0,61,0.0,277.4117647058824,0.0,23580.0,0.0,0.0,0.0,2,2,No
PRV52954,0.0,1.0,1.0,1,0.0,2100.0,0.0,2100.0,0.0,0.0,0.0,1,1,No
PRV52955,0.0,73.0,73.0,63,0.0,193.97260273972603,0.0,14160.0,0.0,0.0,0.0,2,2,No
PRV52956,0.0,18.0,18.0,9,0.0,117.22222222222223,0.0,2110.0,0.0,0.0,0.0,1,1,No
PRV52957,0.0,1.0,1.0,1,0.0,0.0,0.0,0.0,0.0,0.0,0.0,1,1,No
PRV52958,0.0,16.0,16.0,15,0.0,126.25,0.0,2020.0,0.0,0.0,0.0,1,3,No
PRV52961,0.0,5.0,5.0,5,0.0,64.0,0.0,320.0,0.0,0.0,0.0,1,3,No
PRV52962,0.0,14.0,14.0,9,0.0,251.42857142857142,0.0,3520.0,0.0,0.0,0.0,1,3,No
PRV52963,0.0,9.0,9.0,7,0.0,94.44444444444444,0.0,850.0,0.0,0.0,0.0,1,3,No
PRV52964,0.0,91.0,91.0,37,0.0,298.24175824175825,0.0,27140.0,0.0,0.0,0.0,1,4,No
PRV52966,0.0,3.0,3.0,3,0.0,236.66666666666666,0.0,710.0,0.0,0.0,0.0,1,1,No
PRV52970,1.0,0.0,1.0,1,4000.0,0.0,4000.0,0.0,3.0,3.0,1.0,1,1,No
PRV52971,3.0,0.0,3.0,3,5000.0,0.0,15000.0,0.0,4.0,4.0,3.0,1,1,No
PRV52972,17.0,0.0,17.0,14,12941.176470588236,0.0,220000.0,0.0,4.647058823529412,4.647058823529412,17.0,2,5,No
PRV52976,4.0,0.0,4.0,4,7250.0,0.0,29000.0,0.0,2.75,2.75,4.0,1,1,No
PRV52978,5.0,0.0,5.0,5,11800.0,0.0,59000.0,0.0,8.0,8.0,5.0,1,3,No
PRV52979,6.0,0.0,6.0,6,11333.333333333334,0.0,68000.0,0.0,3.8333333333333335,3.8333333333333335,6.0,1,3,No
PRV52980,0.0,601.0,601.0,229,0.0,237.3710482529118,0.0,142660.0,0.0,0.0,0.0,6,26,No
PRV52981,0.0,369.0,369.0,149,0.0,232.60162601626016,0.0,85830.0,0.0,0.0,0.0,3,12,No
PRV52982,0.0,643.0,643.0,231,0.0,336.2674961119751,0.0,216220.0,0.0,0.0,0.0,2,22,Yes
PRV52985,121.0,1282.0,1403.0,500,11247.933884297521,280.1248049921997,1361000.0,359120.0,5.768595041322314,5.768595041322314,0.09438377535101404,10,47,Yes
PRV52986,9.0,27.0,36.0,31,13777.777777777777,314.44444444444446,124000.0,8490.0,4.444444444444445,4.444444444444445,0.3333333333333333,2,11,No
PRV52988,0.0,312.0,312.0,124,0.0,243.81410256410257,0.0,76070.0,0.0,0.0,0.0,2,6,No
PRV52989,70.0,107.0,177.0,138,12285.714285714286,211.1214953271028,860000.0,22590.0,5.742857142857143,5.742857142857143,0.6542056074766355,8,38,Yes
PRV52990,22.0,57.0,79.0,55,8636.363636363636,318.5964912280702,190000.0,18160.0,4.045454545454546,4.045454545454546,0.38596491228070173,1,18,Yes
PRV52991,8.0,51.0,59.0,54,10875.0,332.7450980392157,87000.0,16970.0,6.125,6.125,0.1568627450980392,2,18,No
PRV52993,0.0,10.0,10.0,9,0.0,312.0,0.0,3120.0,0.0,0.0,0.0,2,5,No
PRV52996,0.0,37.0,37.0,30,0.0,311.0810810810811,0.0,11510.0,0.0,0.0,0.0,2,7,No
PRV52998,15.0,18.0,33.0,28,9820.0,216.11111111111111,147300.0,3890.0,5.466666666666667,5.466666666666667,0.8333333333333334,2,14,No
PRV52999,8.0,48.0,56.0,51,7125.0,337.7083333333333,57000.0,16210.0,8.75,8.75,0.16666666666666666,3,10,No
PRV53000,0.0,703.0,703.0,469,0.0,284.850640113798,0.0,200250.0,0.0,0.0,0.0,13,75,No
PRV53001,0.0,150.0,150.0,105,0.0,303.06666666666666,0.0,45460.0,0.0,0.0,0.0,1,5,No
PRV53002,0.0,397.0,397.0,134,0.0,292.29219143576825,0.0,116040.0,0.0,0.0,0.0,4,18,No
PRV53004,0.0,18.0,18.0,16,0.0,239.44444444444446,0.0,4310.0,0.0,0.0,0.0,1,7,No
PRV53005,16.0,34.0,50.0,37,10012.5,254.7058823529412,160200.0,8660.0,5.375,5.375,0.47058823529411764,3,12,Yes
PRV53007,37.0,59.0,96.0,68,10405.405405405405,263.3898305084746,385000.0,15540.0,4.702702702702703,4.702702702702703,0.6271186440677966,3,18,Yes
PRV53008,39.0,13.0,52.0,48,9000.0,200.0,351000.0,2600.0,5.564102564102564,5.564102564102564,3.0,2,12,Yes
PRV53009,5.0,32.0,37.0,23,6200.0,144.375,31000.0,4620.0,4.8,4.8,0.15625,2,7,No
PRV53013,0.0,4.0,4.0,4,0.0,1257.5,0.0,5030.0,0.0,0.0,0.0,1,2,No
PRV53014,0.0,8.0,8.0,8,0.0,147.5,0.0,1180.0,0.0,0.0,0.0,1,2,No
PRV53015,0.0,8.0,8.0,6,0.0,140.0,0.0,1120.0,0.0,0.0,0.0,1,5,No
PRV53016,0.0,31.0,31.0,18,0.0,545.1612903225806,0.0,16900.0,0.0,0.0,0.0,2,4,No
PRV53017,0.0,9.0,9.0,4,0.0,111.11111111111111,0.0,1000.0,0.0,0.0,0.0,1,1,No
PRV53018,0.0,41.0,41.0,22,0.0,274.6341463414634,0.0,11260.0,0.0,0.0,0.0,2,5,No
PRV53019,0.0,15.0,15.0,13,0.0,328.0,0.0,4920.0,0.0,0.0,0.0,2,3,No
PRV53020,0.0,2.0,2.0,2,0.0,2250.0,0.0,4500.0,0.0,0.0,0.0,1,1,No
PRV53021,18.0,10.0,28.0,21,11833.333333333334,395.0,213000.0,3950.0,6.0,6.0,1.8,2,5,Yes
PRV53024,2.0,24.0,26.0,19,5000.0,158.33333333333334,10000.0,3800.0,3.5,3.5,0.08333333333333333,1,6,No
PRV53025,0.0,50.0,50.0,19,0.0,189.2,0.0,9460.0,0.0,0.0,0.0,1,3,No
PRV53026,0.0,26.0,26.0,16,0.0,236.15384615384616,0.0,6140.0,0.0,0.0,0.0,1,6,No
PRV53027,0.0,5.0,5.0,3,0.0,100.0,0.0,500.0,0.0,0.0,0.0,1,3,No
PRV53028,0.0,3.0,3.0,3,0.0,100.0,0.0,300.0,0.0,0.0,0.0,1,3,No
PRV53029,4.0,12.0,16.0,11,9500.0,170.83333333333334,38000.0,2050.0,7.0,7.0,0.3333333333333333,1,4,No
PRV53031,0.0,6.0,6.0,6,0.0,231.66666666666666,0.0,1390.0,0.0,0.0,0.0,1,4,No
PRV53032,5.0,18.0,23.0,19,8800.0,239.44444444444446,44000.0,4310.0,6.6,6.6,0.2777777777777778,1,5,No
PRV53033,2.0,0.0,2.0,1,37500.0,0.0,75000.0,0.0,3.5,3.5,2.0,1,1,No
PRV53034,0.0,2.0,2.0,2,0.0,1700.0,0.0,3400.0,0.0,0.0,0.0,1,2,No
PRV53035,0.0,34.0,34.0,27,0.0,151.1764705882353,0.0,5140.0,0.0,0.0,0.0,2,3,No
PRV53036,0.0,122.0,122.0,69,0.0,324.0163934426229,0.0,39530.0,0.0,0.0,0.0,1,3,No
PRV53037,0.0,9.0,9.0,9,0.0,482.22222222222223,0.0,4340.0,0.0,0.0,0.0,2,6,No
PRV53038,0.0,24.0,24.0,7,0.0,554.5833333333334,0.0,13310.0,0.0,0.0,0.0,1,2,No
PRV53040,5.0,9.0,14.0,13,10200.0,88.88888888888889,51000.0,800.0,3.2,3.2,0.5555555555555556,2,6,No
PRV53042,0.0,39.0,39.0,36,0.0,258.71794871794873,0.0,10090.0,0.0,0.0,0.0,4,8,No
PRV53043,0.0,61.0,61.0,24,0.0,618.688524590164,0.0,37740.0,0.0,0.0,0.0,1,6,No
PRV53044,0.0,67.0,67.0,49,0.0,215.82089552238807,0.0,14460.0,0.0,0.0,0.0,1,19,No
PRV53045,0.0,216.0,216.0,78,0.0,290.4166666666667,0.0,62730.0,0.0,0.0,0.0,1,8,No
PRV53047,0.0,79.0,79.0,32,0.0,165.31645569620252,0.0,13060.0,0.0,0.0,0.0,2,5,No
PRV53048,0.0,7.0,7.0,6,0.0,802.8571428571429,0.0,5620.0,0.0,0.0,0.0,1,4,No
PRV53049,0.0,2.0,2.0,2,0.0,5.0,0.0,10.0,0.0,0.0,0.0,1,2,No
PRV53050,2.0,6.0,8.0,7,1500.0,121.66666666666667,3000.0,730.0,1.5,1.5,0.3333333333333333,1,4,No
PRV53052,1.0,8.0,9.0,8,4000.0,191.25,4000.0,1530.0,3.0,3.0,0.125,1,4,No
PRV53054,0.0,49.0,49.0,27,0.0,218.16326530612244,0.0,10690.0,0.0,0.0,0.0,1,4,No
PRV53055,0.0,80.0,80.0,28,0.0,282.125,0.0,22570.0,0.0,0.0,0.0,1,2,No
PRV53056,0.0,35.0,35.0,22,0.0,288.85714285714283,0.0,10110.0,0.0,0.0,0.0,2,5,No
PRV53057,0.0,53.0,53.0,29,0.0,389.4339622641509,0.0,20640.0,0.0,0.0,0.0,2,7,No
PRV53059,0.0,33.0,33.0,21,0.0,494.54545454545456,0.0,16320.0,0.0,0.0,0.0,1,8,No
PRV53061,1.0,0.0,1.0,1,9000.0,0.0,9000.0,0.0,1.0,1.0,1.0,1,1,No
PRV53062,0.0,4.0,4.0,4,0.0,47.5,0.0,190.0,0.0,0.0,0.0,1,1,No
PRV53063,2.0,2.0,4.0,4,3500.0,225.0,7000.0,450.0,2.0,2.0,1.0,1,2,No
PRV53064,0.0,35.0,35.0,28,0.0,189.71428571428572,0.0,6640.0,0.0,0.0,0.0,1,4,No
PRV53065,0.0,38.0,38.0,30,0.0,163.94736842105263,0.0,6230.0,0.0,0.0,0.0,1,3,No
PRV53066,0.0,7.0,7.0,5,0.0,174.28571428571428,0.0,1220.0,0.0,0.0,0.0,1,2,No
PRV53067,0.0,16.0,16.0,14,0.0,283.75,0.0,4540.0,0.0,0.0,0.0,1,6,No
PRV53069,0.0,11.0,11.0,9,0.0,239.0909090909091,0.0,2630.0,0.0,0.0,0.0,1,4,No
PRV53070,12.0,8.0,20.0,17,9250.0,66.25,111000.0,530.0,6.583333333333333,6.583333333333333,1.5,1,7,No
PRV53071,0.0,28.0,28.0,20,0.0,439.64285714285717,0.0,12310.0,0.0,0.0,0.0,2,5,No
PRV53072,0.0,18.0,18.0,18,0.0,277.22222222222223,0.0,4990.0,0.0,0.0,0.0,1,5,No
PRV53073,0.0,14.0,14.0,7,0.0,90.71428571428571,0.0,1270.0,0.0,0.0,0.0,1,4,No
PRV53074,0.0,178.0,178.0,66,0.0,275.0,0.0,48950.0,0.0,0.0,0.0,1,3,No
PRV53075,0.0,2.0,2.0,2,0.0,890.0,0.0,1780.0,0.0,0.0,0.0,1,1,No
PRV53076,0.0,105.0,105.0,47,0.0,293.7142857142857,0.0,30840.0,0.0,0.0,0.0,1,8,No
PRV53077,0.0,124.0,124.0,81,0.0,308.6290322580645,0.0,38270.0,0.0,0.0,0.0,2,2,No
PRV53078,0.0,45.0,45.0,37,0.0,241.77777777777777,0.0,10880.0,0.0,0.0,0.0,1,4,No
PRV53079,0.0,1.0,1.0,1,0.0,50.0,0.0,50.0,0.0,0.0,0.0,1,1,No
PRV53081,0.0,9.0,9.0,8,0.0,200.0,0.0,1800.0,0.0,0.0,0.0,1,1,No
PRV53083,0.0,1.0,1.0,1,0.0,10.0,0.0,10.0,0.0,0.0,0.0,1,1,No
PRV53084,0.0,1.0,1.0,1,0.0,100.0,0.0,100.0,0.0,0.0,0.0,1,1,No
PRV53085,0.0,2.0,2.0,2,0.0,320.0,0.0,640.0,0.0,0.0,0.0,1,1,No
PRV53086,0.0,4.0,4.0,4,0.0,265.0,0.0,1060.0,0.0,0.0,0.0,1,2,No
PRV53087,0.0,31.0,31.0,16,0.0,309.03225806451616,0.0,9580.0,0.0,0.0,0.0,1,1,No
PRV53090,0.0,179.0,179.0,71,0.0,328.7709497206704,0.0,58850.0,0.0,0.0,0.0,1,6,No
PRV53091,4.0,0.0,4.0,4,4750.0,0.0,19000.0,0.0,6.75,6.75,4.0,1,2,No
PRV53095,2.0,2.0,4.0,4,18000.0,50.0,36000.0,100.0,7.0,7.0,1.0,1,4,No
PRV53096,0.0,130.0,130.0,103,0.0,407.6923076923077,0.0,53000.0,0.0,0.0,0.0,3,18,No
PRV53099,0.0,2.0,2.0,2,0.0,110.0,0.0,220.0,0.0,0.0,0.0,2,2,No
PRV53100,5.0,125.0,130.0,74,10000.0,295.04,50000.0,36880.0,4.4,4.4,0.04,2,14,No
PRV53101,2.0,6.0,8.0,8,4500.0,68.33333333333333,9000.0,410.0,3.0,3.0,0.3333333333333333,2,4,No
PRV53102,0.0,19.0,19.0,16,0.0,311.05263157894734,0.0,5910.0,0.0,0.0,0.0,1,3,No
PRV53103,7.0,72.0,79.0,62,11000.0,158.88888888888889,77000.0,11440.0,4.714285714285714,4.714285714285714,0.09722222222222222,1,19,No
PRV53104,28.0,52.0,80.0,55,8553.57142857143,255.19230769230768,239500.0,13270.0,6.107142857142857,6.107142857142857,0.5384615384615384,2,21,No
PRV53106,4.0,40.0,44.0,28,4500.0,228.5,18000.0,9140.0,1.5,1.5,0.1,2,9,Yes
PRV53107,9.0,6.0,15.0,15,11444.444444444445,65.0,103000.0,390.0,6.555555555555555,6.555555555555555,1.5,1,6,No
PRV53108,5.0,43.0,48.0,37,10800.0,359.30232558139534,54000.0,15450.0,5.8,5.8,0.11627906976744186,1,9,No
PRV53109,3.0,25.0,28.0,22,5266.666666666667,259.6,15800.0,6490.0,3.0,3.0,0.12,2,10,No
PRV53110,1.0,29.0,30.0,21,15000.0,285.51724137931035,15000.0,8280.0,11.0,11.0,0.034482758620689655,3,8,No
PRV53111,7.0,26.0,33.0,29,8142.857142857143,451.9230769230769,57000.0,11750.0,4.714285714285714,4.714285714285714,0.2692307692307692,2,16,No
PRV53113,0.0,81.0,81.0,61,0.0,238.5185185185185,0.0,19320.0,0.0,0.0,0.0,2,14,No
PRV53114,14.0,15.0,29.0,22,19571.428571428572,6045.333333333333,274000.0,90680.0,7.142857142857143,7.142857142857143,0.9333333333333333,1,9,Yes
PRV53116,0.0,44.0,44.0,25,0.0,187.04545454545453,0.0,8230.0,0.0,0.0,0.0,2,9,No
PRV53117,18.0,233.0,251.0,167,7055.555555555556,379.2703862660944,127000.0,88370.0,6.611111111111111,6.611111111111111,0.07725321888412018,2,22,No
PRV53119,3.0,15.0,18.0,14,8000.0,160.66666666666666,24000.0,2410.0,13.333333333333334,13.333333333333334,0.2,1,5,Yes
PRV53120,10.0,55.0,65.0,59,10100.0,271.8181818181818,101000.0,14950.0,4.5,4.5,0.18181818181818182,4,26,No
PRV53121,48.0,531.0,579.0,279,8500.0,290.52730696798494,408000.0,154270.0,4.604166666666667,4.604166666666667,0.0903954802259887,2,20,Yes
PRV53122,0.0,24.0,24.0,18,0.0,336.25,0.0,8070.0,0.0,0.0,0.0,2,7,No
PRV53123,0.0,132.0,132.0,82,0.0,346.59090909090907,0.0,45750.0,0.0,0.0,0.0,5,25,No
PRV53124,20.0,45.0,65.0,53,8450.0,208.44444444444446,169000.0,9380.0,6.8,6.8,0.4444444444444444,1,10,No
PRV53125,0.0,2.0,2.0,2,0.0,250.0,0.0,500.0,0.0,0.0,0.0,1,1,No
PRV53126,0.0,34.0,34.0,25,0.0,347.6470588235294,0.0,11820.0,0.0,0.0,0.0,2,10,No
PRV53127,1.0,98.0,99.0,55,10000.0,201.3265306122449,10000.0,19730.0,7.0,7.0,0.01020408163265306,2,8,No
PRV53128,1.0,32.0,33.0,19,6000.0,569.375,6000.0,18220.0,2.0,2.0,0.03125,1,7,No
PRV53129,3.0,43.0,46.0,39,25000.0,175.58139534883722,75000.0,7550.0,12.666666666666666,12.666666666666666,0.06976744186046512,1,14,No
PRV53131,6.0,7.0,13.0,13,7833.333333333333,190.0,47000.0,1330.0,5.833333333333333,5.833333333333333,0.8571428571428571,2,10,No
PRV53133,0.0,159.0,159.0,106,0.0,293.45911949685535,0.0,46660.0,0.0,0.0,0.0,5,19,No
PRV53134,0.0,10.0,10.0,8,0.0,403.0,0.0,4030.0,0.0,0.0,0.0,2,4,No
PRV53135,7.0,0.0,7.0,6,9714.285714285714,0.0,68000.0,0.0,5.714285714285714,5.714285714285714,7.0,1,2,No
PRV53136,7.0,36.0,43.0,40,20857.14285714286,417.22222222222223,146000.0,15020.0,10.0,10.0,0.19444444444444445,3,13,Yes
PRV53137,0.0,30.0,30.0,23,0.0,296.6666666666667,0.0,8900.0,0.0,0.0,0.0,1,8,No
PRV53138,0.0,10.0,10.0,10,0.0,157.0,0.0,1570.0,0.0,0.0,0.0,2,5,No
PRV53139,0.0,9.0,9.0,7,0.0,86.66666666666667,0.0,780.0,0.0,0.0,0.0,1,2,No
PRV53140,0.0,21.0,21.0,19,0.0,103.80952380952381,0.0,2180.0,0.0,0.0,0.0,2,9,No
PRV53141,32.0,73.0,105.0,93,9781.25,270.13698630136986,313000.0,19720.0,5.25,5.25,0.4383561643835616,1,13,No
PRV53142,39.0,72.0,111.0,98,9666.666666666666,236.80555555555554,377000.0,17050.0,5.461538461538462,5.461538461538462,0.5416666666666666,7,42,Yes
PRV53143,4.0,8.0,12.0,7,16000.0,208.75,64000.0,1670.0,6.0,6.0,0.5,2,5,No
PRV53144,4.0,35.0,39.0,34,7575.0,176.0,30300.0,6160.0,8.75,8.75,0.11428571428571428,2,17,No
PRV53145,0.0,132.0,132.0,111,0.0,263.3333333333333,0.0,34760.0,0.0,0.0,0.0,1,16,No
PRV53147,0.0,18.0,18.0,16,0.0,375.55555555555554,0.0,6760.0,0.0,0.0,0.0,3,7,No
PRV53148,0.0,15.0,15.0,13,0.0,172.0,0.0,2580.0,0.0,0.0,0.0,1,7,No
PRV53149,0.0,61.0,61.0,21,0.0,243.60655737704917,0.0,14860.0,0.0,0.0,0.0,1,4,No
PRV53150,0.0,13.0,13.0,5,0.0,240.76923076923077,0.0,3130.0,0.0,0.0,0.0,1,3,No
PRV53151,0.0,25.0,25.0,19,0.0,254.4,0.0,6360.0,0.0,0.0,0.0,1,6,No
PRV53153,6.0,18.0,24.0,21,19333.333333333332,312.77777777777777,116000.0,5630.0,9.666666666666666,9.666666666666666,0.3333333333333333,1,6,No
PRV53154,0.0,52.0,52.0,15,0.0,455.1923076923077,0.0,23670.0,0.0,0.0,0.0,1,3,No
PRV53156,0.0,16.0,16.0,10,0.0,410.625,0.0,6570.0,0.0,0.0,0.0,1,3,No
PRV53157,0.0,2.0,2.0,2,0.0,1095.0,0.0,2190.0,0.0,0.0,0.0,1,1,No
PRV53158,0.0,7.0,7.0,7,0.0,101.42857142857143,0.0,710.0,0.0,0.0,0.0,1,3,No
PRV53159,2.0,25.0,27.0,10,16000.0,166.4,32000.0,4160.0,2.5,2.5,0.08,2,4,No
PRV53161,0.0,7.0,7.0,7,0.0,972.8571428571429,0.0,6810.0,0.0,0.0,0.0,1,5,No
PRV53162,0.0,5.0,5.0,5,0.0,270.0,0.0,1350.0,0.0,0.0,0.0,1,4,No
PRV53163,0.0,12.0,12.0,3,0.0,66.66666666666667,0.0,800.0,0.0,0.0,0.0,1,1,No
PRV53164,0.0,25.0,25.0,21,0.0,167.2,0.0,4180.0,0.0,0.0,0.0,1,7,No
PRV53166,1.0,22.0,23.0,21,5000.0,180.0,5000.0,3960.0,8.0,8.0,0.045454545454545456,1,5,No
PRV53167,0.0,3.0,3.0,3,0.0,590.0,0.0,1770.0,0.0,0.0,0.0,2,2,No
PRV53168,0.0,2.0,2.0,2,0.0,1035.0,0.0,2070.0,0.0,0.0,0.0,1,1,No
PRV53169,0.0,4.0,4.0,4,0.0,42.5,0.0,170.0,0.0,0.0,0.0,1,3,No
PRV53171,0.0,17.0,17.0,5,0.0,490.0,0.0,8330.0,0.0,0.0,0.0,1,3,No
PRV53172,0.0,3.0,3.0,3,0.0,816.6666666666666,0.0,2450.0,0.0,0.0,0.0,1,3,No
PRV53173,0.0,43.0,43.0,23,0.0,386.27906976744185,0.0,16610.0,0.0,0.0,0.0,2,6,No
PRV53174,0.0,5.0,5.0,4,0.0,52.0,0.0,260.0,0.0,0.0,0.0,1,4,No
PRV53175,0.0,9.0,9.0,9,0.0,78.88888888888889,0.0,710.0,0.0,0.0,0.0,1,6,No
PRV53176,0.0,34.0,34.0,13,0.0,176.47058823529412,0.0,6000.0,0.0,0.0,0.0,1,6,No
PRV53177,0.0,16.0,16.0,11,0.0,95.0,0.0,1520.0,0.0,0.0,0.0,1,2,No
PRV53178,0.0,7.0,7.0,5,0.0,104.28571428571429,0.0,730.0,0.0,0.0,0.0,1,3,No
PRV53179,2.0,26.0,28.0,27,7000.0,238.07692307692307,14000.0,6190.0,3.5,3.5,0.07692307692307693,1,3,No
PRV53180,0.0,5.0,5.0,4,0.0,602.0,0.0,3010.0,0.0,0.0,0.0,2,4,No
PRV53182,0.0,3.0,3.0,3,0.0,33.333333333333336,0.0,100.0,0.0,0.0,0.0,1,3,No
PRV53183,0.0,1.0,1.0,1,0.0,80.0,0.0,80.0,0.0,0.0,0.0,1,1,No
PRV53186,0.0,8.0,8.0,7,0.0,588.75,0.0,4710.0,0.0,0.0,0.0,1,3,No
PRV53187,0.0,4.0,4.0,4,0.0,45.0,0.0,180.0,0.0,0.0,0.0,2,3,No
PRV53188,0.0,10.0,10.0,8,0.0,122.0,0.0,1220.0,0.0,0.0,0.0,1,2,No
PRV53189,4.0,24.0,28.0,23,10500.0,459.5833333333333,42000.0,11030.0,3.25,3.25,0.16666666666666666,1,6,No
PRV53191,0.0,15.0,15.0,3,0.0,220.66666666666666,0.0,3310.0,0.0,0.0,0.0,2,2,No
PRV53192,0.0,149.0,149.0,51,0.0,272.5503355704698,0.0,40610.0,0.0,0.0,0.0,2,7,No
PRV53194,0.0,32.0,32.0,12,0.0,697.8125,0.0,22330.0,0.0,0.0,0.0,1,3,No
PRV53196,0.0,16.0,16.0,9,0.0,280.0,0.0,4480.0,0.0,0.0,0.0,1,2,No
PRV53197,0.0,4.0,4.0,4,0.0,125.0,0.0,500.0,0.0,0.0,0.0,1,2,No
PRV53198,0.0,6.0,6.0,5,0.0,41.666666666666664,0.0,250.0,0.0,0.0,0.0,1,3,No
PRV53201,0.0,13.0,13.0,8,0.0,1093.8461538461538,0.0,14220.0,0.0,0.0,0.0,1,2,No
PRV53202,0.0,11.0,11.0,8,0.0,60.90909090909091,0.0,670.0,0.0,0.0,0.0,2,3,No
PRV53203,0.0,7.0,7.0,5,0.0,60.0,0.0,420.0,0.0,0.0,0.0,1,3,No
PRV53204,0.0,7.0,7.0,6,0.0,431.42857142857144,0.0,3020.0,0.0,0.0,0.0,1,2,No
PRV53205,0.0,14.0,14.0,10,0.0,91.42857142857143,0.0,1280.0,0.0,0.0,0.0,2,4,No
PRV53206,0.0,3.0,3.0,2,0.0,190.0,0.0,570.0,0.0,0.0,0.0,1,2,No
PRV53207,0.0,10.0,10.0,7,0.0,50.0,0.0,500.0,0.0,0.0,0.0,1,3,No
PRV53208,4.0,19.0,23.0,17,13750.0,184.21052631578948,55000.0,3500.0,8.25,8.25,0.21052631578947367,1,4,Yes
PRV53210,3.0,29.0,32.0,30,7000.0,208.6206896551724,21000.0,6050.0,5.0,5.0,0.10344827586206896,2,8,No
PRV53211,0.0,4.0,4.0,3,0.0,865.0,0.0,3460.0,0.0,0.0,0.0,1,2,No
PRV53212,0.0,2.0,2.0,2,0.0,50.0,0.0,100.0,0.0,0.0,0.0,1,2,No
PRV53213,0.0,22.0,22.0,19,0.0,314.09090909090907,0.0,6910.0,0.0,0.0,0.0,1,4,No
PRV53214,0.0,18.0,18.0,14,0.0,237.77777777777777,0.0,4280.0,0.0,0.0,0.0,1,5,No
PRV53215,0.0,11.0,11.0,11,0.0,141.8181818181818,0.0,1560.0,0.0,0.0,0.0,1,3,No
PRV53216,0.0,115.0,115.0,46,0.0,182.0,0.0,20930.0,0.0,0.0,0.0,1,5,No
PRV53217,0.0,5.0,5.0,5,0.0,314.0,0.0,1570.0,0.0,0.0,0.0,1,4,No
PRV53218,0.0,13.0,13.0,9,0.0,213.84615384615384,0.0,2780.0,0.0,0.0,0.0,1,6,No
PRV53220,5.0,0.0,5.0,5,22000.0,0.0,110000.0,0.0,7.0,7.0,5.0,1,1,No
PRV53221,0.0,16.0,16.0,9,0.0,406.875,0.0,6510.0,0.0,0.0,0.0,1,1,No
PRV53222,0.0,45.0,45.0,24,0.0,239.33333333333334,0.0,10770.0,0.0,0.0,0.0,1,2,No
PRV53223,0.0,23.0,23.0,18,0.0,512.6086956521739,0.0,11790.0,0.0,0.0,0.0,1,1,No
PRV53224,0.0,12.0,12.0,12,0.0,140.0,0.0,1680.0,0.0,0.0,0.0,2,2,No
PRV53225,49.0,0.0,49.0,47,8475.510204081633,0.0,415300.0,0.0,5.918367346938775,5.918367346938775,49.0,2,6,No
PRV53226,19.0,0.0,19.0,19,7894.736842105263,0.0,150000.0,0.0,8.0,9.368421052631579,19.0,1,4,No
PRV53227,0.0,74.0,74.0,59,0.0,251.48648648648648,0.0,18610.0,0.0,0.0,0.0,1,4,No
PRV53228,0.0,1.0,1.0,1,0.0,600.0,0.0,600.0,0.0,0.0,0.0,1,1,No
PRV53229,0.0,139.0,139.0,65,0.0,214.67625899280574,0.0,29840.0,0.0,0.0,0.0,1,12,No
PRV53230,0.0,56.0,56.0,40,0.0,290.35714285714283,0.0,16260.0,0.0,0.0,0.0,1,2,No
PRV53232,0.0,64.0,64.0,28,0.0,395.3125,0.0,25300.0,0.0,0.0,0.0,1,4,No
PRV53233,13.0,0.0,13.0,12,7384.615384615385,0.0,96000.0,0.0,4.3076923076923075,4.3076923076923075,13.0,1,2,No
PRV53235,0.0,2.0,2.0,2,0.0,85.0,0.0,170.0,0.0,0.0,0.0,1,1,No
PRV53236,9.0,0.0,9.0,8,10666.666666666666,0.0,96000.0,0.0,5.444444444444445,5.444444444444445,9.0,1,2,No
PRV53237,0.0,8.0,8.0,7,0.0,153.75,0.0,1230.0,0.0,0.0,0.0,1,1,No
PRV53238,9.0,186.0,195.0,165,10888.888888888889,245.10752688172042,98000.0,45590.0,7.444444444444445,7.444444444444445,0.04838709677419355,3,16,No
PRV53239,19.0,94.0,113.0,88,10368.421052631578,378.51063829787233,197000.0,35580.0,6.578947368421052,6.578947368421052,0.20212765957446807,2,8,No
PRV53240,1.0,5.0,6.0,4,3000.0,372.0,3000.0,1860.0,3.0,3.0,0.2,1,3,No
PRV53242,105.0,154.0,259.0,209,10876.190476190477,222.66233766233765,1142000.0,34290.0,6.247619047619048,6.247619047619048,0.6818181818181818,2,54,Yes
PRV53243,9.0,66.0,75.0,61,11111.111111111111,178.1818181818182,100000.0,11760.0,4.0,4.0,0.13636363636363635,2,10,No
PRV53244,42.0,466.0,508.0,162,8130.952380952381,266.6309012875536,341500.0,124250.0,4.476190476190476,4.476190476190476,0.09012875536480687,2,20,No
PRV53245,16.0,130.0,146.0,106,11000.0,298.46153846153845,176000.0,38800.0,5.75,5.75,0.12307692307692308,3,15,Yes
PRV53246,2.0,107.0,109.0,101,13000.0,284.95327102803736,26000.0,30490.0,7.5,7.5,0.018691588785046728,3,17,No
PRV53247,7.0,30.0,37.0,35,8428.57142857143,232.0,59000.0,6960.0,3.4285714285714284,3.4285714285714284,0.23333333333333334,1,10,No
PRV53248,5.0,52.0,57.0,39,14800.0,286.34615384615387,74000.0,14890.0,5.0,5.0,0.09615384615384616,1,9,No
PRV53249,6.0,17.0,23.0,19,9000.0,361.1764705882353,54000.0,6140.0,9.666666666666666,9.666666666666666,0.35294117647058826,1,7,No
PRV53251,4.0,229.0,233.0,117,7250.0,289.95633187772927,29000.0,66400.0,2.75,2.75,0.017467248908296942,1,10,No
PRV53252,4.0,73.0,77.0,31,16750.0,151.91780821917808,67000.0,11090.0,4.0,4.0,0.0547945205479452,2,6,No
PRV53253,0.0,110.0,110.0,94,0.0,323.6363636363636,0.0,35600.0,0.0,0.0,0.0,5,23,No
PRV53254,0.0,9.0,9.0,9,0.0,132.22222222222223,0.0,1190.0,0.0,0.0,0.0,1,7,No
PRV53255,0.0,26.0,26.0,24,0.0,298.46153846153845,0.0,7760.0,0.0,0.0,0.0,3,10,No
PRV53256,36.0,309.0,345.0,284,10027.777777777777,316.2135922330097,361000.0,97710.0,5.333333333333333,5.333333333333333,0.11650485436893204,6,33,No
PRV53257,0.0,25.0,25.0,21,0.0,444.8,0.0,11120.0,0.0,0.0,0.0,2,9,No
PRV53258,3.0,77.0,80.0,68,9000.0,162.2077922077922,27000.0,12490.0,4.333333333333333,4.333333333333333,0.03896103896103896,2,13,No
PRV53259,0.0,187.0,187.0,117,0.0,326.47058823529414,0.0,61050.0,0.0,0.0,0.0,2,18,No
PRV53260,2.0,132.0,134.0,104,3500.0,184.24242424242425,7000.0,24320.0,3.0,3.0,0.015151515151515152,1,11,No
PRV53261,0.0,194.0,194.0,101,0.0,214.17525773195877,0.0,41550.0,0.0,0.0,0.0,1,17,No
PRV53262,0.0,118.0,118.0,83,0.0,383.47457627118644,0.0,45250.0,0.0,0.0,0.0,4,16,No
PRV53265,27.0,65.0,92.0,68,11666.666666666666,212.6153846153846,315000.0,13820.0,7.074074074074074,7.074074074074074,0.4153846153846154,3,12,Yes
PRV53266,88.0,169.0,257.0,228,10353.40909090909,372.84023668639054,911100.0,63010.0,4.965909090909091,4.965909090909091,0.5207100591715976,7,70,Yes
PRV53268,7.0,67.0,74.0,63,9857.142857142857,287.0149253731343,69000.0,19230.0,8.714285714285714,8.714285714285714,0.1044776119402985,1,12,No
PRV53269,112.0,344.0,456.0,357,8544.642857142857,257.6744186046512,957000.0,88640.0,5.4375,5.4375,0.32558139534883723,9,63,Yes
PRV53272,4.0,20.0,24.0,21,6250.0,383.0,25000.0,7660.0,7.25,7.25,0.2,1,7,No
PRV53274,0.0,30.0,30.0,25,0.0,149.66666666666666,0.0,4490.0,0.0,0.0,0.0,4,8,No
PRV53276,0.0,291.0,291.0,131,0.0,293.05841924398624,0.0,85280.0,0.0,0.0,0.0,1,15,No
PRV53277,15.0,29.0,44.0,34,8066.666666666667,277.9310344827586,121000.0,8060.0,7.2,7.2,0.5172413793103449,3,6,Yes
PRV53279,1.0,35.0,36.0,34,4000.0,186.28571428571428,4000.0,6520.0,3.0,3.0,0.02857142857142857,2,12,No
PRV53280,0.0,15.0,15.0,11,0.0,135.33333333333334,0.0,2030.0,0.0,0.0,0.0,2,8,No
PRV53281,21.0,32.0,53.0,43,6238.0952380952385,228.4375,131000.0,7310.0,3.1904761904761907,3.1904761904761907,0.65625,2,13,No
PRV53282,0.0,31.0,31.0,24,0.0,184.83870967741936,0.0,5730.0,0.0,0.0,0.0,1,8,No
PRV53283,3.0,94.0,97.0,57,18333.333333333332,481.06382978723406,55000.0,45220.0,2.6666666666666665,2.6666666666666665,0.031914893617021274,4,8,No
PRV53284,6.0,142.0,148.0,79,6666.666666666667,244.92957746478874,40000.0,34780.0,3.1666666666666665,3.1666666666666665,0.04225352112676056,2,17,No
PRV53288,0.0,43.0,43.0,42,0.0,286.9767441860465,0.0,12340.0,0.0,0.0,0.0,5,13,No
PRV53289,1.0,105.0,106.0,66,8000.0,269.14285714285717,8000.0,28260.0,3.0,3.0,0.009523809523809525,1,8,No
PRV53290,0.0,6.0,6.0,5,0.0,643.3333333333334,0.0,3860.0,0.0,0.0,0.0,2,4,No
PRV53291,0.0,10.0,10.0,8,0.0,273.0,0.0,2730.0,0.0,0.0,0.0,3,4,No
PRV53292,5.0,36.0,41.0,35,4600.0,297.22222222222223,23000.0,10700.0,7.6,7.6,0.1388888888888889,2,8,No
PRV53293,0.0,41.0,41.0,28,0.0,245.85365853658536,0.0,10080.0,0.0,0.0,0.0,1,8,No
PRV53294,0.0,582.0,582.0,230,0.0,310.58419243986253,0.0,180760.0,0.0,0.0,0.0,8,31,No
PRV53295,29.0,168.0,197.0,166,10379.310344827587,196.36904761904762,301000.0,32990.0,5.241379310344827,5.241379310344827,0.17261904761904762,3,43,Yes
PRV53296,0.0,187.0,187.0,131,0.0,335.5080213903743,0.0,62740.0,0.0,0.0,0.0,4,35,No
PRV53297,15.0,14.0,29.0,26,11066.666666666666,412.14285714285717,166000.0,5770.0,8.2,8.2,1.0714285714285714,2,12,Yes
PRV53298,8.0,55.0,63.0,61,6625.0,256.90909090909093,53000.0,14130.0,4.625,4.625,0.14545454545454545,3,21,No
PRV53300,0.0,354.0,354.0,255,0.0,356.38418079096044,0.0,126160.0,0.0,0.0,0.0,4,48,No
PRV53301,0.0,67.0,67.0,46,0.0,239.8507462686567,0.0,16070.0,0.0,0.0,0.0,1,9,No
PRV53303,0.0,111.0,111.0,69,0.0,322.2522522522523,0.0,35770.0,0.0,0.0,0.0,1,6,No
PRV53304,2.0,11.0,13.0,13,29500.0,60.90909090909091,59000.0,670.0,6.5,6.5,0.18181818181818182,1,4,No
PRV53305,1.0,18.0,19.0,16,14000.0,413.3333333333333,14000.0,7440.0,7.0,7.0,0.05555555555555555,1,7,No
PRV53306,0.0,78.0,78.0,29,0.0,225.64102564102564,0.0,17600.0,0.0,0.0,0.0,2,5,No
PRV53307,0.0,34.0,34.0,31,0.0,218.52941176470588,0.0,7430.0,0.0,0.0,0.0,1,6,No
PRV53308,7.0,38.0,45.0,23,16714.285714285714,236.57894736842104,117000.0,8990.0,3.2857142857142856,3.2857142857142856,0.18421052631578946,1,7,No
PRV53309,4.0,59.0,63.0,35,8000.0,224.74576271186442,32000.0,13260.0,5.75,5.75,0.06779661016949153,2,10,No
PRV53310,0.0,10.0,10.0,8,0.0,229.0,0.0,2290.0,0.0,0.0,0.0,2,4,No
PRV53312,1.0,64.0,65.0,46,5000.0,387.34375,5000.0,24790.0,1.0,1.0,0.015625,1,8,No
PRV53313,0.0,68.0,68.0,22,0.0,261.7647058823529,0.0,17800.0,0.0,0.0,0.0,1,5,No
PRV53314,4.0,53.0,57.0,24,19250.0,292.2641509433962,77000.0,15490.0,9.25,9.25,0.07547169811320754,1,8,No
PRV53315,0.0,25.0,25.0,18,0.0,333.6,0.0,8340.0,0.0,0.0,0.0,1,4,No
PRV53317,5.0,11.0,16.0,15,9000.0,77.27272727272727,45000.0,850.0,5.0,5.0,0.45454545454545453,1,7,No
PRV53318,0.0,21.0,21.0,19,0.0,448.57142857142856,0.0,9420.0,0.0,0.0,0.0,1,4,No
PRV53319,13.0,101.0,114.0,46,7615.384615384615,309.1089108910891,99000.0,31220.0,4.076923076923077,4.076923076923077,0.12871287128712872,1,7,No
PRV53320,3.0,59.0,62.0,35,21666.666666666668,276.9491525423729,65000.0,16340.0,1.3333333333333333,1.3333333333333333,0.05084745762711865,1,9,No
PRV53321,0.0,81.0,81.0,39,0.0,339.87654320987656,0.0,27530.0,0.0,0.0,0.0,1,6,No
PRV53323,0.0,18.0,18.0,11,0.0,162.22222222222223,0.0,2920.0,0.0,0.0,0.0,1,6,No
PRV53325,0.0,63.0,63.0,27,0.0,204.6031746031746,0.0,12890.0,0.0,0.0,0.0,2,6,No
PRV53326,0.0,102.0,102.0,46,0.0,313.2352941176471,0.0,31950.0,0.0,0.0,0.0,1,6,No
PRV53329,1.0,10.0,11.0,11,0.0,207.0,0.0,2070.0,1.0,1.0,0.1,2,6,No
PRV53331,0.0,7.0,7.0,7,0.0,115.71428571428571,0.0,810.0,0.0,0.0,0.0,1,2,No
PRV53334,0.0,29.0,29.0,14,0.0,322.0689655172414,0.0,9340.0,0.0,0.0,0.0,1,2,No
PRV53335,0.0,381.0,381.0,266,0.0,299.29133858267716,0.0,114030.0,0.0,0.0,0.0,2,10,No
PRV53336,3.0,0.0,3.0,3,11333.333333333334,0.0,34000.0,0.0,5.333333333333333,5.333333333333333,3.0,1,2,No
PRV53337,0.0,5.0,5.0,3,0.0,324.0,0.0,1620.0,0.0,0.0,0.0,1,1,No
PRV53339,0.0,10.0,10.0,8,0.0,143.0,0.0,1430.0,0.0,0.0,0.0,1,1,No
PRV53340,0.0,23.0,23.0,16,0.0,94.34782608695652,0.0,2170.0,0.0,0.0,0.0,1,2,No
PRV53341,0.0,9.0,9.0,9,0.0,454.44444444444446,0.0,4090.0,0.0,0.0,0.0,1,1,No
PRV53342,0.0,73.0,73.0,59,0.0,353.56164383561645,0.0,25810.0,0.0,0.0,0.0,1,1,No
PRV53343,0.0,6.0,6.0,6,0.0,51.666666666666664,0.0,310.0,0.0,0.0,0.0,1,1,No
PRV53344,0.0,3.0,3.0,3,0.0,210.0,0.0,630.0,0.0,0.0,0.0,1,1,No
PRV53346,0.0,4.0,4.0,4,0.0,192.5,0.0,770.0,0.0,0.0,0.0,1,2,No
PRV53347,0.0,6.0,6.0,6,0.0,46.666666666666664,0.0,280.0,0.0,0.0,0.0,1,2,No
PRV53349,0.0,24.0,24.0,16,0.0,90.83333333333333,0.0,2180.0,0.0,0.0,0.0,1,3,No
PRV53350,0.0,4.0,4.0,3,0.0,605.0,0.0,2420.0,0.0,0.0,0.0,1,2,No
PRV53351,0.0,18.0,18.0,13,0.0,258.8888888888889,0.0,4660.0,0.0,0.0,0.0,1,1,No
PRV53352,0.0,288.0,288.0,187,0.0,320.4861111111111,0.0,92300.0,0.0,0.0,0.0,1,2,No
PRV53353,0.0,30.0,30.0,25,0.0,310.3333333333333,0.0,9310.0,0.0,0.0,0.0,1,2,No
PRV53354,0.0,18.0,18.0,18,0.0,284.44444444444446,0.0,5120.0,0.0,0.0,0.0,1,1,No
PRV53355,0.0,3.0,3.0,3,0.0,170.0,0.0,510.0,0.0,0.0,0.0,1,1,No
PRV53356,0.0,38.0,38.0,36,0.0,103.94736842105263,0.0,3950.0,0.0,0.0,0.0,1,1,No
PRV53357,0.0,2.0,2.0,2,0.0,910.0,0.0,1820.0,0.0,0.0,0.0,1,1,No
PRV53358,0.0,3.0,3.0,3,0.0,946.6666666666666,0.0,2840.0,0.0,0.0,0.0,1,1,No
PRV53359,0.0,213.0,213.0,155,0.0,268.3098591549296,0.0,57150.0,0.0,0.0,0.0,1,1,No
PRV53360,0.0,20.0,20.0,12,0.0,133.0,0.0,2660.0,0.0,0.0,0.0,1,3,No
PRV53361,0.0,9.0,9.0,7,0.0,504.44444444444446,0.0,4540.0,0.0,0.0,0.0,1,1,No
PRV53362,0.0,35.0,35.0,24,0.0,377.7142857142857,0.0,13220.0,0.0,0.0,0.0,2,2,No
PRV53363,0.0,41.0,41.0,38,0.0,413.1707317073171,0.0,16940.0,0.0,0.0,0.0,1,1,No
PRV53364,0.0,26.0,26.0,24,0.0,337.3076923076923,0.0,8770.0,0.0,0.0,0.0,1,1,No
PRV53365,0.0,6.0,6.0,6,0.0,121.66666666666667,0.0,730.0,0.0,0.0,0.0,1,1,No
PRV53369,0.0,1.0,1.0,1,0.0,90.0,0.0,90.0,0.0,0.0,0.0,1,1,No
PRV53370,0.0,9.0,9.0,7,0.0,118.88888888888889,0.0,1070.0,0.0,0.0,0.0,1,1,No
PRV53371,0.0,43.0,43.0,29,0.0,254.1860465116279,0.0,10930.0,0.0,0.0,0.0,1,6,No
PRV53373,0.0,3.0,3.0,3,0.0,736.6666666666666,0.0,2210.0,0.0,0.0,0.0,1,1,No
PRV53374,0.0,387.0,387.0,132,0.0,271.7312661498708,0.0,105160.0,0.0,0.0,0.0,1,10,No
PRV53375,0.0,15.0,15.0,14,0.0,306.0,0.0,4590.0,0.0,0.0,0.0,2,2,No
PRV53376,0.0,74.0,74.0,31,0.0,381.6216216216216,0.0,28240.0,0.0,0.0,0.0,1,1,No
PRV53377,7.0,0.0,7.0,7,8142.857142857143,0.0,57000.0,0.0,3.857142857142857,3.857142857142857,7.0,1,3,No
PRV53378,10.0,0.0,10.0,10,7400.0,0.0,74000.0,0.0,9.4,9.4,10.0,1,3,No
PRV53379,11.0,0.0,11.0,10,13909.09090909091,0.0,153000.0,0.0,6.909090909090909,6.909090909090909,11.0,2,3,Yes
PRV53380,4.0,0.0,4.0,4,5500.0,0.0,22000.0,0.0,2.75,2.75,4.0,1,2,No
PRV53381,11.0,22.0,33.0,29,12181.818181818182,187.27272727272728,134000.0,4120.0,5.909090909090909,5.909090909090909,0.5,1,9,No
PRV53382,0.0,45.0,45.0,38,0.0,407.1111111111111,0.0,18320.0,0.0,0.0,0.0,2,7,No
PRV53383,4.0,18.0,22.0,20,10750.0,493.8888888888889,43000.0,8890.0,6.25,6.25,0.2222222222222222,1,7,No
PRV53384,38.0,24.0,62.0,51,8710.526315789473,171.66666666666666,331000.0,4120.0,5.684210526315789,5.684210526315789,1.5833333333333333,2,15,Yes
PRV53385,106.0,931.0,1037.0,418,9955.66037735849,330.04296455424276,1055300.0,307270.0,5.547169811320755,5.547169811320755,0.11385606874328678,6,31,Yes
PRV53386,0.0,53.0,53.0,51,0.0,246.60377358490567,0.0,13070.0,0.0,0.0,0.0,5,13,No
PRV53387,3.0,46.0,49.0,40,7733.333333333333,285.2173913043478,23200.0,13120.0,5.0,5.0,0.06521739130434782,1,7,No
PRV53388,11.0,111.0,122.0,65,8818.181818181818,237.2972972972973,97000.0,26340.0,3.272727272727273,3.272727272727273,0.0990990990990991,1,9,No
PRV53389,1.0,12.0,13.0,13,15000.0,339.1666666666667,15000.0,4070.0,3.0,3.0,0.08333333333333333,2,5,No
PRV53390,0.0,15.0,15.0,14,0.0,288.0,0.0,4320.0,0.0,0.0,0.0,2,4,No
PRV53391,0.0,69.0,69.0,62,0.0,165.5072463768116,0.0,11420.0,0.0,0.0,0.0,1,13,No
PRV53392,0.0,99.0,99.0,80,0.0,341.3131313131313,0.0,33790.0,0.0,0.0,0.0,3,14,No
PRV53393,2.0,3.0,5.0,5,4500.0,56.666666666666664,9000.0,170.0,4.0,4.0,0.6666666666666666,1,3,No
PRV53394,47.0,1168.0,1215.0,368,9425.531914893618,293.1678082191781,443000.0,342420.0,6.595744680851064,6.595744680851064,0.04023972602739726,3,16,No
PRV53396,45.0,54.0,99.0,83,9755.555555555555,251.85185185185185,439000.0,13600.0,5.8,5.8,0.8333333333333334,4,20,No
PRV53397,3.0,11.0,14.0,14,38666.666666666664,570.0,116000.0,6270.0,13.666666666666666,13.666666666666666,0.2727272727272727,1,8,Yes
PRV53398,1.0,4.0,5.0,5,17000.0,102.5,17000.0,410.0,10.0,10.0,0.25,1,4,No
PRV53399,7.0,26.0,33.0,30,9571.42857142857,273.84615384615387,67000.0,7120.0,7.714285714285714,7.714285714285714,0.2692307692307692,2,11,Yes
PRV53401,130.0,173.0,303.0,275,8469.23076923077,242.83236994219652,1101000.0,42010.0,5.653846153846154,5.653846153846154,0.7514450867052023,13,51,Yes
PRV53402,0.0,17.0,17.0,10,0.0,425.29411764705884,0.0,7230.0,0.0,0.0,0.0,2,3,No
PRV53403,0.0,72.0,72.0,67,0.0,211.80555555555554,0.0,15250.0,0.0,0.0,0.0,3,18,No
PRV53405,21.0,168.0,189.0,164,9142.857142857143,279.82142857142856,192000.0,47010.0,6.285714285714286,6.285714285714286,0.125,10,39,No
PRV53407,3.0,130.0,133.0,40,5333.333333333333,292.0,16000.0,37960.0,8.333333333333334,8.333333333333334,0.023076923076923078,1,4,No
PRV53408,10.0,37.0,47.0,45,7400.0,399.4594594594595,74000.0,14780.0,5.8,5.8,0.2702702702702703,2,12,No
PRV53409,3.0,31.0,34.0,22,8000.0,133.2258064516129,24000.0,4130.0,3.6666666666666665,3.6666666666666665,0.0967741935483871,1,6,No
PRV53411,0.0,6.0,6.0,6,0.0,428.3333333333333,0.0,2570.0,0.0,0.0,0.0,2,3,No
PRV53412,0.0,27.0,27.0,26,0.0,357.037037037037,0.0,9640.0,0.0,0.0,0.0,1,11,No
PRV53413,2.0,28.0,30.0,27,14500.0,180.0,29000.0,5040.0,4.0,4.0,0.07142857142857142,3,11,No
PRV53415,0.0,34.0,34.0,27,0.0,354.4117647058824,0.0,12050.0,0.0,0.0,0.0,1,8,No
PRV53416,1.0,86.0,87.0,59,14000.0,428.3720930232558,14000.0,36840.0,2.0,2.0,0.011627906976744186,2,8,No
PRV53417,7.0,164.0,171.0,71,10857.142857142857,238.35365853658536,76000.0,39090.0,7.857142857142857,7.857142857142857,0.042682926829268296,1,4,Yes
PRV53419,5.0,14.0,19.0,18,8600.0,243.57142857142858,43000.0,3410.0,6.8,6.8,0.35714285714285715,2,11,No
PRV53421,95.0,34.0,129.0,110,10357.894736842105,467.94117647058823,984000.0,15910.0,5.673684210526316,5.673684210526316,2.7941176470588234,4,21,Yes
PRV53423,5.0,48.0,53.0,43,6800.0,296.6666666666667,34000.0,14240.0,2.2,2.2,0.10416666666666667,2,8,No
PRV53424,37.0,226.0,263.0,125,10135.135135135135,342.43362831858406,375000.0,77390.0,6.756756756756757,6.756756756756757,0.16371681415929204,1,13,No
PRV53426,0.0,10.0,10.0,6,0.0,148.0,0.0,1480.0,0.0,0.0,0.0,1,3,No
PRV53427,0.0,24.0,24.0,17,0.0,370.0,0.0,8880.0,0.0,0.0,0.0,1,4,No
PRV53428,0.0,22.0,22.0,22,0.0,224.0909090909091,0.0,4930.0,0.0,0.0,0.0,2,10,No
PRV53429,1.0,28.0,29.0,27,16000.0,238.92857142857142,16000.0,6690.0,4.0,4.0,0.03571428571428571,2,7,No
PRV53431,1.0,41.0,42.0,31,21000.0,221.46341463414635,21000.0,9080.0,24.0,24.0,0.024390243902439025,1,4,No
PRV53432,13.0,109.0,122.0,110,13076.923076923076,197.9816513761468,170000.0,21580.0,5.153846153846154,5.153846153846154,0.11926605504587157,8,36,No
PRV53433,0.0,19.0,19.0,15,0.0,153.68421052631578,0.0,2920.0,0.0,0.0,0.0,2,5,No
PRV53435,0.0,6.0,6.0,6,0.0,915.0,0.0,5490.0,0.0,0.0,0.0,1,3,No
PRV53436,3.0,15.0,18.0,18,4666.666666666667,161.33333333333334,14000.0,2420.0,4.333333333333333,4.333333333333333,0.2,1,6,No
PRV53437,1.0,8.0,9.0,9,6000.0,217.5,6000.0,1740.0,2.0,2.0,0.125,1,6,No
PRV53438,8.0,53.0,61.0,51,7250.0,185.47169811320754,58000.0,9830.0,3.625,3.625,0.1509433962264151,2,7,No
PRV53439,0.0,24.0,24.0,23,0.0,236.25,0.0,5670.0,0.0,0.0,0.0,1,10,No
PRV53440,1.0,163.0,164.0,98,4000.0,341.04294478527606,4000.0,55590.0,3.0,3.0,0.006134969325153374,1,7,No
PRV53441,14.0,24.0,38.0,36,13142.857142857143,150.41666666666666,184000.0,3610.0,4.714285714285714,4.714285714285714,0.5833333333333334,5,16,No
PRV53442,8.0,38.0,46.0,40,10250.0,282.36842105263156,82000.0,10730.0,6.375,6.375,0.21052631578947367,1,11,No
PRV53443,0.0,215.0,215.0,100,0.0,378.09302325581393,0.0,81290.0,0.0,0.0,0.0,2,8,No
PRV53444,10.0,17.0,27.0,26,9700.0,252.94117647058823,97000.0,4300.0,4.6,4.6,0.5882352941176471,2,7,No
PRV53445,0.0,7.0,7.0,7,0.0,705.7142857142857,0.0,4940.0,0.0,0.0,0.0,1,3,No
PRV53446,0.0,46.0,46.0,44,0.0,280.0,0.0,12880.0,0.0,0.0,0.0,2,19,No
PRV53447,0.0,39.0,39.0,35,0.0,158.2051282051282,0.0,6170.0,0.0,0.0,0.0,3,11,No
PRV53448,10.0,54.0,64.0,62,7620.0,300.55555555555554,76200.0,16230.0,6.1,6.1,0.18518518518518517,4,14,No
PRV53449,1.0,8.0,9.0,9,9000.0,122.5,9000.0,980.0,28.0,28.0,0.125,1,6,No
PRV53450,0.0,50.0,50.0,48,0.0,297.8,0.0,14890.0,0.0,0.0,0.0,3,12,No
PRV53451,5.0,0.0,5.0,5,5000.0,0.0,25000.0,0.0,3.2,3.2,5.0,1,2,No
PRV53452,0.0,62.0,62.0,44,0.0,598.3870967741935,0.0,37100.0,0.0,0.0,0.0,2,4,No
PRV53453,4.0,11.0,15.0,15,9500.0,452.72727272727275,38000.0,4980.0,4.75,4.75,0.36363636363636365,2,10,No
PRV53454,0.0,25.0,25.0,21,0.0,223.2,0.0,5580.0,0.0,0.0,0.0,2,8,No
PRV53455,0.0,39.0,39.0,36,0.0,221.53846153846155,0.0,8640.0,0.0,0.0,0.0,2,11,No
PRV53456,5.0,24.0,29.0,27,12400.0,319.5833333333333,62000.0,7670.0,10.2,10.2,0.20833333333333334,1,15,No
PRV53457,0.0,5.0,5.0,5,0.0,1886.0,0.0,9430.0,0.0,0.0,0.0,1,4,No
PRV53460,0.0,3.0,3.0,3,0.0,273.3333333333333,0.0,820.0,0.0,0.0,0.0,1,1,No
PRV53461,14.0,22.0,36.0,32,22500.0,5003.636363636364,315000.0,110080.0,5.714285714285714,5.571428571428571,0.6363636363636364,2,13,Yes
PRV53462,0.0,11.0,11.0,11,0.0,404.54545454545456,0.0,4450.0,0.0,0.0,0.0,2,9,No
PRV53463,3.0,73.0,76.0,43,4333.333333333333,342.8767123287671,13000.0,25030.0,5.0,5.0,0.0410958904109589,3,13,No
PRV53465,3.0,20.0,23.0,21,9333.333333333334,337.5,28000.0,6750.0,7.333333333333333,7.333333333333333,0.15,2,11,No
PRV53467,0.0,10.0,10.0,9,0.0,85.0,0.0,850.0,0.0,0.0,0.0,2,3,No
PRV53469,0.0,14.0,14.0,13,0.0,532.8571428571429,0.0,7460.0,0.0,0.0,0.0,1,7,No
PRV53470,0.0,64.0,64.0,57,0.0,342.1875,0.0,21900.0,0.0,0.0,0.0,1,10,No
PRV53471,1.0,30.0,31.0,26,19000.0,224.0,19000.0,6720.0,0.0,0.0,0.03333333333333333,1,4,No
PRV53472,0.0,3.0,3.0,3,0.0,1146.6666666666667,0.0,3440.0,0.0,0.0,0.0,1,2,No
PRV53473,0.0,11.0,11.0,7,0.0,649.0909090909091,0.0,7140.0,0.0,0.0,0.0,2,3,No
PRV53474,0.0,6.0,6.0,6,0.0,78.33333333333333,0.0,470.0,0.0,0.0,0.0,2,4,No
PRV53475,0.0,10.0,10.0,10,0.0,419.0,0.0,4190.0,0.0,0.0,0.0,1,7,No
PRV53476,0.0,10.0,10.0,10,0.0,331.0,0.0,3310.0,0.0,0.0,0.0,1,6,No
PRV53477,0.0,50.0,50.0,45,0.0,283.4,0.0,14170.0,0.0,0.0,0.0,1,8,No
PRV53478,0.0,149.0,149.0,93,0.0,340.13422818791946,0.0,50680.0,0.0,0.0,0.0,1,7,No
PRV53479,0.0,5.0,5.0,5,0.0,78.0,0.0,390.0,0.0,0.0,0.0,2,3,No
PRV53480,0.0,10.0,10.0,9,0.0,152.0,0.0,1520.0,0.0,0.0,0.0,2,4,No
PRV53482,0.0,24.0,24.0,21,0.0,421.6666666666667,0.0,10120.0,0.0,0.0,0.0,1,3,No
PRV53483,2.0,16.0,18.0,15,5000.0,630.0,10000.0,10080.0,4.0,4.0,0.125,1,7,No
PRV53484,0.0,63.0,63.0,42,0.0,265.3968253968254,0.0,16720.0,0.0,0.0,0.0,1,7,No
PRV53485,0.0,5.0,5.0,5,0.0,66.0,0.0,330.0,0.0,0.0,0.0,2,2,No
PRV53486,0.0,28.0,28.0,13,0.0,201.42857142857142,0.0,5640.0,0.0,0.0,0.0,1,3,No
PRV53487,0.0,40.0,40.0,17,0.0,388.25,0.0,15530.0,0.0,0.0,0.0,1,3,No
PRV53489,5.0,15.0,20.0,15,14200.0,258.0,71000.0,3870.0,6.2,6.2,0.3333333333333333,2,5,No
PRV53490,0.0,145.0,145.0,66,0.0,266.3448275862069,0.0,38620.0,0.0,0.0,0.0,2,7,No
PRV53491,0.0,16.0,16.0,14,0.0,110.0,0.0,1760.0,0.0,0.0,0.0,1,4,No
PRV53492,0.0,3.0,3.0,3,0.0,196.66666666666666,0.0,590.0,0.0,0.0,0.0,1,2,No
PRV53494,0.0,7.0,7.0,7,0.0,67.14285714285714,0.0,470.0,0.0,0.0,0.0,1,4,No
PRV53495,0.0,34.0,34.0,20,0.0,440.88235294117646,0.0,14990.0,0.0,0.0,0.0,1,3,No
PRV53496,0.0,58.0,58.0,29,0.0,252.75862068965517,0.0,14660.0,0.0,0.0,0.0,1,6,No
PRV53498,0.0,2.0,2.0,2,0.0,430.0,0.0,860.0,0.0,0.0,0.0,1,1,No
PRV53499,0.0,46.0,46.0,18,0.0,268.9130434782609,0.0,12370.0,0.0,0.0,0.0,1,6,No
PRV53501,0.0,1.0,1.0,1,0.0,300.0,0.0,300.0,0.0,0.0,0.0,1,1,No
PRV53502,0.0,47.0,47.0,27,0.0,170.2127659574468,0.0,8000.0,0.0,0.0,0.0,2,3,No
PRV53503,0.0,13.0,13.0,9,0.0,413.84615384615387,0.0,5380.0,0.0,0.0,0.0,1,4,No
PRV53504,0.0,4.0,4.0,4,0.0,182.5,0.0,730.0,0.0,0.0,0.0,1,1,No
PRV53506,0.0,1.0,1.0,1,0.0,500.0,0.0,500.0,0.0,0.0,0.0,1,1,No
PRV53507,9.0,0.0,9.0,8,6888.888888888889,0.0,62000.0,0.0,4.444444444444445,4.444444444444445,9.0,1,3,No
PRV53509,1.0,0.0,1.0,1,15000.0,0.0,15000.0,0.0,17.0,17.0,1.0,1,1,No
PRV53510,2.0,14.0,16.0,12,5500.0,205.71428571428572,11000.0,2880.0,18.0,18.0,0.14285714285714285,1,4,No
PRV53511,1.0,0.0,1.0,1,0.0,0.0,0.0,0.0,5.0,5.0,1.0,1,1,No
PRV53513,2.0,0.0,2.0,2,9000.0,0.0,18000.0,0.0,4.0,4.0,2.0,1,2,No
PRV53515,1.0,0.0,1.0,1,14000.0,0.0,14000.0,0.0,5.0,5.0,1.0,1,1,No
PRV53516,1.0,0.0,1.0,1,3000.0,0.0,3000.0,0.0,8.0,8.0,1.0,1,1,No
PRV53517,2.0,0.0,2.0,2,8500.0,0.0,17000.0,0.0,5.5,5.5,2.0,1,2,No
PRV53519,9.0,0.0,9.0,9,6777.777777777777,0.0,61000.0,0.0,4.555555555555555,4.555555555555555,9.0,1,4,No
PRV53520,0.0,4.0,4.0,4,0.0,172.5,0.0,690.0,0.0,0.0,0.0,1,2,No
PRV53521,0.0,9.0,9.0,8,0.0,42.22222222222222,0.0,380.0,0.0,0.0,0.0,1,1,No
PRV53522,0.0,26.0,26.0,25,0.0,141.92307692307693,0.0,3690.0,0.0,0.0,0.0,1,1,No
PRV53523,0.0,89.0,89.0,70,0.0,294.9438202247191,0.0,26250.0,0.0,0.0,0.0,1,2,No
PRV53524,0.0,52.0,52.0,44,0.0,194.42307692307693,0.0,10110.0,0.0,0.0,0.0,1,2,No
PRV53525,0.0,2.0,2.0,2,0.0,350.0,0.0,700.0,0.0,0.0,0.0,1,2,No
PRV53526,0.0,60.0,60.0,28,0.0,307.3333333333333,0.0,18440.0,0.0,0.0,0.0,1,1,No
PRV53527,0.0,37.0,37.0,31,0.0,256.7567567567568,0.0,9500.0,0.0,0.0,0.0,1,1,No
PRV53530,0.0,27.0,27.0,26,0.0,257.037037037037,0.0,6940.0,0.0,0.0,0.0,1,1,No
PRV53531,0.0,11.0,11.0,9,0.0,85.45454545454545,0.0,940.0,0.0,0.0,0.0,1,1,No
PRV53532,0.0,9.0,9.0,8,0.0,247.77777777777777,0.0,2230.0,0.0,0.0,0.0,1,1,No
PRV53533,0.0,51.0,51.0,32,0.0,428.4313725490196,0.0,21850.0,0.0,0.0,0.0,1,3,No
PRV53534,0.0,76.0,76.0,41,0.0,318.2894736842105,0.0,24190.0,0.0,0.0,0.0,1,2,No
PRV53535,0.0,19.0,19.0,18,0.0,472.10526315789474,0.0,8970.0,0.0,0.0,0.0,1,2,No
PRV53536,0.0,31.0,31.0,25,0.0,182.58064516129033,0.0,5660.0,0.0,0.0,0.0,1,2,No
PRV53539,0.0,2.0,2.0,2,0.0,100.0,0.0,200.0,0.0,0.0,0.0,1,1,No
PRV53540,0.0,13.0,13.0,12,0.0,235.3846153846154,0.0,3060.0,0.0,0.0,0.0,1,2,No
PRV53544,0.0,17.0,17.0,14,0.0,285.88235294117646,0.0,4860.0,0.0,0.0,0.0,1,2,No
PRV53545,0.0,1.0,1.0,1,0.0,60.0,0.0,60.0,0.0,0.0,0.0,1,1,No
PRV53547,0.0,21.0,21.0,18,0.0,326.1904761904762,0.0,6850.0,0.0,0.0,0.0,1,2,No
PRV53548,0.0,4.0,4.0,4,0.0,62.5,0.0,250.0,0.0,0.0,0.0,1,1,No
PRV53549,0.0,6.0,6.0,6,0.0,75.0,0.0,450.0,0.0,0.0,0.0,1,1,No
PRV53550,0.0,10.0,10.0,10,0.0,313.0,0.0,3130.0,0.0,0.0,0.0,1,4,No
PRV53551,0.0,29.0,29.0,19,0.0,386.8965517241379,0.0,11220.0,0.0,0.0,0.0,1,1,No
PRV53553,0.0,30.0,30.0,20,0.0,235.33333333333334,0.0,7060.0,0.0,0.0,0.0,1,2,No
PRV53554,0.0,2.0,2.0,2,0.0,35.0,0.0,70.0,0.0,0.0,0.0,1,1,No
PRV53555,0.0,11.0,11.0,5,0.0,296.3636363636364,0.0,3260.0,0.0,0.0,0.0,1,2,No
PRV53556,0.0,31.0,31.0,26,0.0,372.5806451612903,0.0,11550.0,0.0,0.0,0.0,1,2,No
PRV53558,0.0,22.0,22.0,10,0.0,332.72727272727275,0.0,7320.0,0.0,0.0,0.0,1,1,No
PRV53559,0.0,2.0,2.0,2,0.0,30.0,0.0,60.0,0.0,0.0,0.0,1,1,No
PRV53560,0.0,23.0,23.0,21,0.0,302.60869565217394,0.0,6960.0,0.0,0.0,0.0,1,1,No
PRV53561,0.0,9.0,9.0,8,0.0,632.2222222222222,0.0,5690.0,0.0,0.0,0.0,1,1,No
PRV53562,0.0,10.0,10.0,10,0.0,589.0,0.0,5890.0,0.0,0.0,0.0,1,2,No
PRV53563,0.0,2.0,2.0,2,0.0,30.0,0.0,60.0,0.0,0.0,0.0,1,1,No
PRV53564,0.0,5.0,5.0,4,0.0,44.0,0.0,220.0,0.0,0.0,0.0,1,2,No
PRV53565,0.0,5.0,5.0,5,0.0,382.0,0.0,1910.0,0.0,0.0,0.0,1,1,No
PRV53566,0.0,4.0,4.0,4,0.0,147.5,0.0,590.0,0.0,0.0,0.0,1,1,No
PRV53568,0.0,4.0,4.0,2,0.0,307.5,0.0,1230.0,0.0,0.0,0.0,1,1,No
PRV53569,0.0,14.0,14.0,11,0.0,270.7142857142857,0.0,3790.0,0.0,0.0,0.0,1,2,No
PRV53570,0.0,18.0,18.0,18,0.0,450.55555555555554,0.0,8110.0,0.0,0.0,0.0,1,2,No
PRV53571,0.0,26.0,26.0,25,0.0,108.07692307692308,0.0,2810.0,0.0,0.0,0.0,1,1,No
PRV53572,0.0,5.0,5.0,5,0.0,322.0,0.0,1610.0,0.0,0.0,0.0,1,1,No
PRV53573,0.0,32.0,32.0,27,0.0,338.4375,0.0,10830.0,0.0,0.0,0.0,1,2,No
PRV53574,0.0,17.0,17.0,14,0.0,161.76470588235293,0.0,2750.0,0.0,0.0,0.0,1,2,No
PRV53577,0.0,11.0,11.0,11,0.0,195.45454545454547,0.0,2150.0,0.0,0.0,0.0,1,1,No
PRV53578,0.0,7.0,7.0,6,0.0,81.42857142857143,0.0,570.0,0.0,0.0,0.0,1,2,No
PRV53581,0.0,11.0,11.0,10,0.0,90.0,0.0,990.0,0.0,0.0,0.0,1,1,No
PRV53582,0.0,14.0,14.0,7,0.0,494.2857142857143,0.0,6920.0,0.0,0.0,0.0,1,1,No
PRV53584,0.0,8.0,8.0,6,0.0,186.25,0.0,1490.0,0.0,0.0,0.0,1,1,No
PRV53585,0.0,4.0,4.0,4,0.0,125.0,0.0,500.0,0.0,0.0,0.0,1,1,No
PRV53586,0.0,3.0,3.0,3,0.0,53.333333333333336,0.0,160.0,0.0,0.0,0.0,1,1,No
PRV53587,0.0,3.0,3.0,3,0.0,256.6666666666667,0.0,770.0,0.0,0.0,0.0,1,1,No
PRV53588,0.0,1.0,1.0,1,0.0,10.0,0.0,10.0,0.0,0.0,0.0,1,1,No
PRV53589,0.0,2.0,2.0,2,0.0,250.0,0.0,500.0,0.0,0.0,0.0,1,1,No
PRV53590,7.0,12.0,19.0,18,13714.285714285714,235.0,96000.0,2820.0,4.285714285714286,4.285714285714286,0.5833333333333334,1,3,No
PRV53591,6.0,0.0,6.0,6,11666.666666666666,0.0,70000.0,0.0,4.0,4.0,6.0,1,3,No
PRV53593,0.0,17.0,17.0,11,0.0,299.4117647058824,0.0,5090.0,0.0,0.0,0.0,1,5,No
PRV53594,0.0,101.0,101.0,60,0.0,291.7821782178218,0.0,29470.0,0.0,0.0,0.0,2,7,No
PRV53595,0.0,9.0,9.0,9,0.0,495.55555555555554,0.0,4460.0,0.0,0.0,0.0,1,3,No
PRV53596,0.0,4.0,4.0,4,0.0,205.0,0.0,820.0,0.0,0.0,0.0,1,2,No
PRV53597,6.0,0.0,6.0,6,6833.333333333333,0.0,41000.0,0.0,5.833333333333333,5.833333333333333,6.0,1,2,No
PRV53598,8.0,0.0,8.0,8,8750.0,0.0,70000.0,0.0,3.375,3.375,8.0,1,1,No
PRV53599,3.0,0.0,3.0,3,7333.333333333333,0.0,22000.0,0.0,8.0,8.0,3.0,1,3,No
PRV53600,1.0,0.0,1.0,1,4000.0,0.0,4000.0,0.0,2.0,2.0,1.0,1,1,No
PRV53601,2.0,0.0,2.0,2,3000.0,0.0,6000.0,0.0,6.0,6.0,2.0,1,1,No
PRV53602,4.0,0.0,4.0,4,5250.0,0.0,21000.0,0.0,3.0,3.0,4.0,1,2,No
PRV53604,6.0,0.0,6.0,5,8500.0,0.0,51000.0,0.0,6.333333333333333,6.333333333333333,6.0,1,2,No
PRV53605,0.0,55.0,55.0,55,0.0,131.8181818181818,0.0,7250.0,0.0,0.0,0.0,8,19,No
PRV53606,0.0,76.0,76.0,74,0.0,154.60526315789474,0.0,11750.0,0.0,0.0,0.0,9,16,No
PRV53607,0.0,26.0,26.0,26,0.0,318.84615384615387,0.0,8290.0,0.0,0.0,0.0,4,15,No
PRV53608,0.0,199.0,199.0,176,0.0,252.71356783919597,0.0,50290.0,0.0,0.0,0.0,7,11,No
PRV53609,2.0,181.0,183.0,176,4000.0,287.56906077348066,8000.0,52050.0,4.5,4.5,0.011049723756906077,9,27,No
PRV53611,0.0,36.0,36.0,36,0.0,400.27777777777777,0.0,14410.0,0.0,0.0,0.0,4,12,No
PRV53612,6.0,40.0,46.0,46,4500.0,104.5,27000.0,4180.0,4.333333333333333,4.333333333333333,0.15,4,9,No
PRV53613,15.0,120.0,135.0,127,9133.333333333334,261.25,137000.0,31350.0,6.533333333333333,6.533333333333333,0.125,12,25,No
PRV53614,0.0,118.0,118.0,104,0.0,217.88135593220338,0.0,25710.0,0.0,0.0,0.0,9,20,No
PRV53616,2.0,42.0,44.0,41,13000.0,213.57142857142858,26000.0,8970.0,6.5,6.5,0.047619047619047616,5,13,No
PRV53617,0.0,83.0,83.0,70,0.0,403.3734939759036,0.0,33480.0,0.0,0.0,0.0,5,9,No
PRV53618,12.0,224.0,236.0,203,5000.0,248.48214285714286,60000.0,55660.0,5.5,5.5,0.05357142857142857,7,20,No
PRV53619,0.0,2.0,2.0,2,0.0,280.0,0.0,560.0,0.0,0.0,0.0,1,2,No
PRV53620,6.0,122.0,128.0,122,6333.333333333333,367.62295081967216,38000.0,44850.0,4.166666666666667,4.166666666666667,0.04918032786885246,5,8,No
PRV53621,0.0,81.0,81.0,75,0.0,277.77777777777777,0.0,22500.0,0.0,0.0,0.0,5,20,No
PRV53622,0.0,6.0,6.0,6,0.0,76.66666666666667,0.0,460.0,0.0,0.0,0.0,2,2,No
PRV53623,0.0,894.0,894.0,395,0.0,274.5525727069351,0.0,245450.0,0.0,0.0,0.0,6,19,Yes
PRV53624,0.0,143.0,143.0,140,0.0,285.24475524475525,0.0,40790.0,0.0,0.0,0.0,7,16,No
PRV53625,0.0,147.0,147.0,128,0.0,300.7482993197279,0.0,44210.0,0.0,0.0,0.0,10,20,No
PRV53626,1.0,12.0,13.0,13,3000.0,630.0,3000.0,7560.0,4.0,4.0,0.08333333333333333,2,4,No
PRV53627,0.0,118.0,118.0,56,0.0,274.49152542372883,0.0,32390.0,0.0,0.0,0.0,1,5,No
PRV53628,4.0,198.0,202.0,178,4750.0,322.1212121212121,19000.0,63780.0,4.75,4.75,0.020202020202020204,11,14,No
PRV53629,0.0,15.0,15.0,15,0.0,263.3333333333333,0.0,3950.0,0.0,0.0,0.0,2,3,No
PRV53631,0.0,6.0,6.0,6,0.0,78.33333333333333,0.0,470.0,0.0,0.0,0.0,3,3,No
PRV53632,2.0,13.0,15.0,12,3500.0,567.6923076923077,7000.0,7380.0,3.0,3.0,0.15384615384615385,2,5,No
PRV53633,0.0,66.0,66.0,48,0.0,272.8787878787879,0.0,18010.0,0.0,0.0,0.0,1,4,No
PRV53634,0.0,497.0,497.0,286,0.0,292.55533199195173,0.0,145400.0,0.0,0.0,0.0,5,16,No
PRV53635,5.0,49.0,54.0,52,16400.0,176.73469387755102,82000.0,8660.0,3.6,3.6,0.10204081632653061,6,12,No
PRV53638,0.0,111.0,111.0,54,0.0,342.7027027027027,0.0,38040.0,0.0,0.0,0.0,4,9,No
PRV53640,0.0,33.0,33.0,27,0.0,171.5151515151515,0.0,5660.0,0.0,0.0,0.0,4,4,No
PRV53641,0.0,8.0,8.0,8,0.0,267.5,0.0,2140.0,0.0,0.0,0.0,1,2,No
PRV53642,0.0,6.0,6.0,6,0.0,545.0,0.0,3270.0,0.0,0.0,0.0,1,2,No
PRV53643,0.0,1.0,1.0,1,0.0,200.0,0.0,200.0,0.0,0.0,0.0,1,1,No
PRV53644,0.0,22.0,22.0,17,0.0,210.9090909090909,0.0,4640.0,0.0,0.0,0.0,1,2,No
PRV53645,0.0,6.0,6.0,6,0.0,600.0,0.0,3600.0,0.0,0.0,0.0,1,1,No
PRV53646,0.0,3.0,3.0,3,0.0,6.666666666666667,0.0,20.0,0.0,0.0,0.0,2,2,No
PRV53647,0.0,7.0,7.0,5,0.0,87.14285714285714,0.0,610.0,0.0,0.0,0.0,1,1,No
PRV53648,0.0,20.0,20.0,12,0.0,527.0,0.0,10540.0,0.0,0.0,0.0,1,1,No
PRV53649,0.0,27.0,27.0,24,0.0,176.66666666666666,0.0,4770.0,0.0,0.0,0.0,1,2,No
PRV53651,0.0,11.0,11.0,10,0.0,81.81818181818181,0.0,900.0,0.0,0.0,0.0,1,2,No
PRV53652,0.0,25.0,25.0,24,0.0,145.6,0.0,3640.0,0.0,0.0,0.0,2,3,No
PRV53654,0.0,39.0,39.0,35,0.0,308.71794871794873,0.0,12040.0,0.0,0.0,0.0,1,2,No
PRV53655,0.0,1.0,1.0,1,0.0,20.0,0.0,20.0,0.0,0.0,0.0,1,1,No
PRV53656,0.0,5.0,5.0,5,0.0,230.0,0.0,1150.0,0.0,0.0,0.0,1,2,No
PRV53657,0.0,25.0,25.0,24,0.0,114.0,0.0,2850.0,0.0,0.0,0.0,1,1,No
PRV53658,0.0,27.0,27.0,22,0.0,141.11111111111111,0.0,3810.0,0.0,0.0,0.0,1,2,No
PRV53659,0.0,5.0,5.0,5,0.0,136.0,0.0,680.0,0.0,0.0,0.0,1,1,No
PRV53660,0.0,35.0,35.0,34,0.0,170.57142857142858,0.0,5970.0,0.0,0.0,0.0,2,1,No
PRV53661,0.0,1.0,1.0,1,0.0,200.0,0.0,200.0,0.0,0.0,0.0,1,1,No
PRV53662,0.0,331.0,331.0,140,0.0,259.9093655589124,0.0,86030.0,0.0,0.0,0.0,1,9,No
PRV53663,0.0,76.0,76.0,55,0.0,260.6578947368421,0.0,19810.0,0.0,0.0,0.0,1,4,No
PRV53664,0.0,132.0,132.0,85,0.0,452.5,0.0,59730.0,0.0,0.0,0.0,5,9,No
PRV53665,0.0,65.0,65.0,36,0.0,251.23076923076923,0.0,16330.0,0.0,0.0,0.0,1,4,No
PRV53666,0.0,20.0,20.0,19,0.0,175.5,0.0,3510.0,0.0,0.0,0.0,1,3,No
PRV53667,9.0,0.0,9.0,8,17222.222222222223,0.0,155000.0,0.0,3.0,3.0,9.0,1,2,No
PRV53668,16.0,0.0,16.0,16,8825.0,0.0,141200.0,0.0,4.625,4.625,16.0,2,6,Yes
PRV53669,0.0,13.0,13.0,13,0.0,326.9230769230769,0.0,4250.0,0.0,0.0,0.0,3,6,No
PRV53670,0.0,1173.0,1173.0,788,0.0,274.89343563512364,0.0,322450.0,0.0,0.0,0.0,8,19,Yes
PRV53671,31.0,24.0,55.0,46,7990.322580645161,245.41666666666666,247700.0,5890.0,3.806451612903226,3.806451612903226,1.2916666666666667,4,14,Yes
PRV53672,0.0,487.0,487.0,377,0.0,291.7043121149897,0.0,142060.0,0.0,0.0,0.0,7,17,No
PRV53673,14.0,22.0,36.0,36,12785.714285714286,119.54545454545455,179000.0,2630.0,6.142857142857143,6.142857142857143,0.6363636363636364,4,8,No
PRV53674,0.0,496.0,496.0,384,0.0,309.53629032258067,0.0,153530.0,0.0,0.0,0.0,8,18,No
PRV53675,76.0,221.0,297.0,276,8956.578947368422,303.0769230769231,680700.0,66980.0,5.447368421052632,5.447368421052632,0.3438914027149321,8,26,No
PRV53676,0.0,471.0,471.0,374,0.0,355.71125265392783,0.0,167540.0,0.0,0.0,0.0,5,15,No
PRV53677,63.0,499.0,562.0,172,10365.079365079366,240.7815631262525,653000.0,120150.0,5.682539682539683,5.682539682539683,0.12625250501002003,6,21,Yes
PRV53678,0.0,3.0,3.0,3,0.0,40.0,0.0,120.0,0.0,0.0,0.0,1,3,No
PRV53679,0.0,826.0,826.0,667,0.0,342.6392251815981,0.0,283020.0,0.0,0.0,0.0,9,32,No
PRV53680,0.0,27.0,27.0,25,0.0,292.22222222222223,0.0,7890.0,0.0,0.0,0.0,3,3,No
PRV53681,0.0,31.0,31.0,26,0.0,321.61290322580646,0.0,9970.0,0.0,0.0,0.0,8,10,No
PRV53682,0.0,365.0,365.0,130,0.0,272.7945205479452,0.0,99570.0,0.0,0.0,0.0,6,19,No
PRV53683,2.0,7.0,9.0,8,17500.0,328.57142857142856,35000.0,2300.0,8.0,8.0,0.2857142857142857,3,4,No
PRV53684,0.0,4.0,4.0,4,0.0,642.5,0.0,2570.0,0.0,0.0,0.0,2,3,No
PRV53685,0.0,45.0,45.0,29,0.0,394.8888888888889,0.0,17770.0,0.0,0.0,0.0,3,7,No
PRV53686,0.0,292.0,292.0,232,0.0,267.6027397260274,0.0,78140.0,0.0,0.0,0.0,3,12,No
PRV53688,0.0,17.0,17.0,15,0.0,202.35294117647058,0.0,3440.0,0.0,0.0,0.0,1,5,No
PRV53689,0.0,561.0,561.0,383,0.0,317.5222816399287,0.0,178130.0,0.0,0.0,0.0,2,8,No
PRV53690,0.0,11.0,11.0,9,0.0,153.63636363636363,0.0,1690.0,0.0,0.0,0.0,2,6,No
PRV53692,146.0,98.0,244.0,216,9358.90410958904,318.3673469387755,1366400.0,31200.0,5.328767123287672,5.328767123287672,1.489795918367347,8,19,Yes
PRV53694,0.0,61.0,61.0,61,0.0,238.68852459016392,0.0,14560.0,0.0,0.0,0.0,13,27,No
PRV53695,0.0,116.0,116.0,78,0.0,276.8965517241379,0.0,32120.0,0.0,0.0,0.0,5,14,No
PRV53696,0.0,15.0,15.0,15,0.0,322.0,0.0,4830.0,0.0,0.0,0.0,4,8,No
PRV53697,71.0,43.0,114.0,100,12225.352112676057,262.09302325581393,868000.0,11270.0,5.464788732394366,5.464788732394366,1.6511627906976745,6,18,No
PRV53698,0.0,77.0,77.0,72,0.0,396.75324675324674,0.0,30550.0,0.0,0.0,0.0,7,15,No
PRV53699,2.0,359.0,361.0,280,9000.0,314.67966573816153,18000.0,112970.0,4.0,4.0,0.005571030640668524,4,11,No
PRV53700,0.0,913.0,913.0,454,0.0,241.31434830230012,0.0,220320.0,0.0,0.0,0.0,13,27,No
PRV53701,0.0,6.0,6.0,6,0.0,378.3333333333333,0.0,2270.0,0.0,0.0,0.0,2,3,No
PRV53702,0.0,1010.0,1010.0,729,0.0,286.2079207920792,0.0,289070.0,0.0,0.0,0.0,12,34,No
PRV53703,0.0,39.0,39.0,39,0.0,157.94871794871796,0.0,6160.0,0.0,0.0,0.0,4,9,No
PRV53704,0.0,15.0,15.0,15,0.0,196.66666666666666,0.0,2950.0,0.0,0.0,0.0,2,4,No
PRV53705,4.0,53.0,57.0,57,8150.0,298.49056603773585,32600.0,15820.0,2.5,3.5,0.07547169811320754,6,15,No
PRV53706,282.0,191.0,473.0,445,9843.971631205673,292.87958115183244,2776000.0,55940.0,5.709219858156028,5.804964539007092,1.4764397905759161,23,72,Yes
PRV53708,0.0,53.0,53.0,36,0.0,392.8301886792453,0.0,20820.0,0.0,0.0,0.0,4,10,No
PRV53709,0.0,99.0,99.0,91,0.0,255.65656565656565,0.0,25310.0,0.0,0.0,0.0,3,12,No
PRV53710,58.0,327.0,385.0,255,9206.896551724138,247.70642201834863,534000.0,81000.0,5.086206896551724,5.120689655172414,0.17737003058103976,5,15,No
PRV53712,161.0,76.0,237.0,203,11549.689440993789,301.57894736842104,1859500.0,22920.0,6.496894409937888,6.496894409937888,2.1184210526315788,9,14,Yes
PRV53713,0.0,31.0,31.0,28,0.0,140.0,0.0,4340.0,0.0,0.0,0.0,5,9,No
PRV53714,0.0,144.0,144.0,68,0.0,307.7083333333333,0.0,44310.0,0.0,0.0,0.0,3,5,No
PRV53715,0.0,24.0,24.0,21,0.0,297.5,0.0,7140.0,0.0,0.0,0.0,2,3,No
PRV53716,0.0,33.0,33.0,30,0.0,224.24242424242425,0.0,7400.0,0.0,0.0,0.0,3,3,No
PRV53717,0.0,61.0,61.0,37,0.0,294.0983606557377,0.0,17940.0,0.0,0.0,0.0,1,2,No
PRV53718,0.0,1.0,1.0,1,0.0,200.0,0.0,200.0,0.0,0.0,0.0,1,1,No
PRV53719,0.0,5.0,5.0,5,0.0,154.0,0.0,770.0,0.0,0.0,0.0,1,2,No
PRV53720,0.0,55.0,55.0,51,0.0,249.0909090909091,0.0,13700.0,0.0,0.0,0.0,2,2,No
PRV53721,0.0,5.0,5.0,5,0.0,512.0,0.0,2560.0,0.0,0.0,0.0,1,1,No
PRV53722,0.0,6.0,6.0,6,0.0,166.66666666666666,0.0,1000.0,0.0,0.0,0.0,2,2,No
PRV53723,0.0,6.0,6.0,6,0.0,650.0,0.0,3900.0,0.0,0.0,0.0,1,1,No
PRV53724,0.0,2.0,2.0,2,0.0,60.0,0.0,120.0,0.0,0.0,0.0,1,1,No
PRV53725,0.0,1.0,1.0,1,0.0,0.0,0.0,0.0,0.0,0.0,0.0,1,1,No
PRV53726,0.0,16.0,16.0,12,0.0,231.875,0.0,3710.0,0.0,0.0,0.0,2,2,No
PRV53727,0.0,20.0,20.0,17,0.0,361.5,0.0,7230.0,0.0,0.0,0.0,2,2,No
PRV53728,0.0,14.0,14.0,14,0.0,248.57142857142858,0.0,3480.0,0.0,0.0,0.0,1,2,No
PRV53729,0.0,3.0,3.0,3,0.0,633.3333333333334,0.0,1900.0,0.0,0.0,0.0,1,1,No
PRV53730,0.0,2.0,2.0,2,0.0,115.0,0.0,230.0,0.0,0.0,0.0,1,1,No
PRV53731,0.0,4.0,4.0,4,0.0,665.0,0.0,2660.0,0.0,0.0,0.0,2,2,No
PRV53732,0.0,15.0,15.0,15,0.0,210.0,0.0,3150.0,0.0,0.0,0.0,1,1,No
PRV53733,0.0,20.0,20.0,19,0.0,321.5,0.0,6430.0,0.0,0.0,0.0,1,1,No
PRV53734,0.0,1.0,1.0,1,0.0,20.0,0.0,20.0,0.0,0.0,0.0,1,1,No
PRV53735,0.0,3.0,3.0,3,0.0,270.0,0.0,810.0,0.0,0.0,0.0,1,1,No
PRV53740,0.0,47.0,47.0,29,0.0,258.29787234042556,0.0,12140.0,0.0,0.0,0.0,1,2,No
PRV53741,0.0,7.0,7.0,7,0.0,341.42857142857144,0.0,2390.0,0.0,0.0,0.0,1,1,No
PRV53743,0.0,31.0,31.0,31,0.0,456.1290322580645,0.0,14140.0,0.0,0.0,0.0,1,5,No
PRV53745,0.0,23.0,23.0,20,0.0,163.47826086956522,0.0,3760.0,0.0,0.0,0.0,1,3,No
PRV53746,6.0,0.0,6.0,6,5833.333333333333,0.0,35000.0,0.0,3.8333333333333335,3.8333333333333335,6.0,2,4,No
PRV53749,24.0,45.0,69.0,64,9625.0,230.0,231000.0,10350.0,6.458333333333333,6.458333333333333,0.5333333333333333,4,9,Yes
PRV53750,1.0,1244.0,1245.0,380,7000.0,278.5128617363344,7000.0,346470.0,5.0,5.0,0.0008038585209003215,6,16,No
PRV53751,0.0,22.0,22.0,22,0.0,412.27272727272725,0.0,9070.0,0.0,0.0,0.0,2,6,No
PRV53752,0.0,35.0,35.0,34,0.0,338.2857142857143,0.0,11840.0,0.0,0.0,0.0,6,13,No
PRV53754,0.0,9.0,9.0,9,0.0,281.1111111111111,0.0,2530.0,0.0,0.0,0.0,4,7,No
PRV53755,0.0,20.0,20.0,20,0.0,102.5,0.0,2050.0,0.0,0.0,0.0,4,6,No
PRV53756,0.0,59.0,59.0,59,0.0,308.64406779661016,0.0,18210.0,0.0,0.0,0.0,6,16,No
PRV53757,1.0,55.0,56.0,54,23000.0,258.72727272727275,23000.0,14230.0,7.0,7.0,0.01818181818181818,4,11,No
PRV53759,0.0,56.0,56.0,52,0.0,214.64285714285714,0.0,12020.0,0.0,0.0,0.0,7,14,No
PRV53761,0.0,38.0,38.0,38,0.0,262.63157894736844,0.0,9980.0,0.0,0.0,0.0,6,12,No
PRV53762,84.0,534.0,618.0,557,10892.857142857143,314.1011235955056,915000.0,167730.0,6.773809523809524,6.773809523809524,0.15730337078651685,21,47,Yes
PRV53763,58.0,0.0,58.0,57,12741.379310344828,0.0,739000.0,0.0,5.4655172413793105,5.4655172413793105,58.0,4,11,Yes
PRV53764,1.0,38.0,39.0,38,2000.0,273.42105263157896,2000.0,10390.0,1.0,1.0,0.02631578947368421,6,15,No
PRV53765,0.0,67.0,67.0,66,0.0,374.32835820895525,0.0,25080.0,0.0,0.0,0.0,3,12,No
PRV53766,0.0,30.0,30.0,29,0.0,162.0,0.0,4860.0,0.0,0.0,0.0,3,8,No
PRV53767,0.0,18.0,18.0,18,0.0,229.44444444444446,0.0,4130.0,0.0,0.0,0.0,2,9,No
PRV53768,5.0,57.0,62.0,59,4200.0,283.859649122807,21000.0,16180.0,4.2,4.2,0.08771929824561403,7,14,No
PRV53769,132.0,245.0,377.0,354,12309.848484848484,246.0408163265306,1624900.0,60280.0,6.295454545454546,6.295454545454546,0.5387755102040817,16,37,Yes
PRV53770,77.0,176.0,253.0,239,10487.012987012988,238.75,807500.0,42020.0,5.077922077922078,5.077922077922078,0.4375,10,19,No
PRV53771,0.0,51.0,51.0,50,0.0,423.72549019607845,0.0,21610.0,0.0,0.0,0.0,4,11,No
PRV53772,0.0,22.0,22.0,22,0.0,245.9090909090909,0.0,5410.0,0.0,0.0,0.0,2,9,No
PRV53773,0.0,567.0,567.0,531,0.0,310.1058201058201,0.0,175830.0,0.0,0.0,0.0,9,34,No
PRV53774,50.0,174.0,224.0,206,10920.0,249.2528735632184,546000.0,43370.0,7.16,7.16,0.28735632183908044,7,24,No
PRV53775,2.0,45.0,47.0,45,6000.0,426.0,12000.0,19170.0,3.5,3.5,0.044444444444444446,5,14,No
PRV53776,47.0,153.0,200.0,191,11276.595744680852,274.2483660130719,530000.0,41960.0,5.0638297872340425,5.0638297872340425,0.30718954248366015,6,15,Yes
PRV53779,0.0,49.0,49.0,48,0.0,253.6734693877551,0.0,12430.0,0.0,0.0,0.0,5,8,No
PRV53780,0.0,26.0,26.0,26,0.0,195.3846153846154,0.0,5080.0,0.0,0.0,0.0,3,9,No
PRV53781,79.0,314.0,393.0,371,11070.886075949367,282.13375796178343,874600.0,88590.0,6.050632911392405,6.050632911392405,0.2515923566878981,25,51,Yes
PRV53782,0.0,53.0,53.0,39,0.0,336.22641509433964,0.0,17820.0,0.0,0.0,0.0,4,10,No
PRV53783,0.0,30.0,30.0,30,0.0,221.33333333333334,0.0,6640.0,0.0,0.0,0.0,5,8,No
PRV53784,0.0,41.0,41.0,38,0.0,143.17073170731706,0.0,5870.0,0.0,0.0,0.0,3,10,No
PRV53785,0.0,129.0,129.0,124,0.0,423.1007751937984,0.0,54580.0,0.0,0.0,0.0,9,33,No
PRV53786,36.0,1346.0,1382.0,538,9500.0,277.6820208023774,342000.0,373760.0,6.083333333333333,6.083333333333333,0.02674591381872214,3,12,Yes
PRV53787,32.0,42.0,74.0,74,9062.5,320.95238095238096,290000.0,13480.0,4.9375,4.9375,0.7619047619047619,11,18,Yes
PRV53788,0.0,18.0,18.0,18,0.0,194.44444444444446,0.0,3500.0,0.0,0.0,0.0,3,6,No
PRV53790,44.0,449.0,493.0,470,11454.545454545454,307.8619153674833,504000.0,138230.0,5.795454545454546,5.795454545454546,0.09799554565701558,15,36,Yes
PRV53791,6.0,86.0,92.0,90,7000.0,234.7674418604651,42000.0,20190.0,5.666666666666667,5.666666666666667,0.06976744186046512,4,10,No
PRV53792,33.0,20.0,53.0,52,7909.090909090909,575.5,261000.0,11510.0,4.424242424242424,4.424242424242424,1.65,6,14,Yes
PRV53793,0.0,45.0,45.0,37,0.0,571.1111111111111,0.0,25700.0,0.0,0.0,0.0,5,11,No
PRV53794,0.0,167.0,167.0,160,0.0,285.2694610778443,0.0,47640.0,0.0,0.0,0.0,13,33,No
PRV53796,0.0,28.0,28.0,27,0.0,212.85714285714286,0.0,5960.0,0.0,0.0,0.0,3,6,No
PRV53797,0.0,4739.0,4739.0,2020,0.0,275.0791306182739,0.0,1303600.0,0.0,0.0,0.0,9,25,Yes
PRV53798,0.0,38.0,38.0,38,0.0,411.05263157894734,0.0,15620.0,0.0,0.0,0.0,4,13,No
PRV53799,14.0,739.0,753.0,676,7142.857142857143,279.3504736129905,100000.0,206440.0,4.642857142857143,4.642857142857143,0.018944519621109608,14,41,No
PRV53801,0.0,59.0,59.0,58,0.0,445.08474576271186,0.0,26260.0,0.0,0.0,0.0,4,14,No
PRV53802,46.0,34.0,80.0,76,9739.130434782608,349.11764705882354,448000.0,11870.0,6.3478260869565215,6.3478260869565215,1.3529411764705883,5,15,No
PRV53805,0.0,70.0,70.0,69,0.0,321.7142857142857,0.0,22520.0,0.0,0.0,0.0,7,18,No
PRV53806,0.0,173.0,173.0,161,0.0,290.5780346820809,0.0,50270.0,0.0,0.0,0.0,7,26,No
PRV53807,36.0,122.0,158.0,155,9563.888888888889,251.88524590163934,344300.0,30730.0,6.111111111111111,6.111111111111111,0.29508196721311475,11,24,No
PRV53808,195.0,298.0,493.0,468,9508.71794871795,245.13422818791946,1854200.0,73050.0,5.887179487179488,5.887179487179488,0.6543624161073825,19,44,Yes
PRV53812,0.0,2.0,2.0,2,0.0,130.0,0.0,260.0,0.0,0.0,0.0,1,2,No
PRV53814,3.0,50.0,53.0,52,6000.0,240.8,18000.0,12040.0,4.0,4.0,0.06,1,6,No
PRV53815,0.0,11.0,11.0,11,0.0,163.63636363636363,0.0,1800.0,0.0,0.0,0.0,2,2,No
PRV53816,0.0,194.0,194.0,177,0.0,294.89690721649487,0.0,57210.0,0.0,0.0,0.0,1,5,No
PRV53817,0.0,21.0,21.0,21,0.0,246.66666666666666,0.0,5180.0,0.0,0.0,0.0,1,4,No
PRV53818,0.0,10.0,10.0,9,0.0,102.0,0.0,1020.0,0.0,0.0,0.0,1,1,No
PRV53819,0.0,53.0,53.0,40,0.0,338.3018867924528,0.0,17930.0,0.0,0.0,0.0,2,1,No
PRV53820,0.0,15.0,15.0,15,0.0,163.33333333333334,0.0,2450.0,0.0,0.0,0.0,1,2,No
PRV53821,0.0,10.0,10.0,10,0.0,107.0,0.0,1070.0,0.0,0.0,0.0,1,1,No
PRV53824,0.0,114.0,114.0,91,0.0,312.10526315789474,0.0,35580.0,0.0,0.0,0.0,1,1,No
PRV53827,0.0,9.0,9.0,9,0.0,314.44444444444446,0.0,2830.0,0.0,0.0,0.0,1,1,No
PRV53828,0.0,28.0,28.0,24,0.0,223.57142857142858,0.0,6260.0,0.0,0.0,0.0,1,2,No
PRV53829,0.0,16.0,16.0,16,0.0,369.375,0.0,5910.0,0.0,0.0,0.0,3,3,No
PRV53831,0.0,83.0,83.0,71,0.0,331.9277108433735,0.0,27550.0,0.0,0.0,0.0,1,2,No
PRV53832,0.0,12.0,12.0,12,0.0,409.1666666666667,0.0,4910.0,0.0,0.0,0.0,1,1,No
PRV53835,0.0,8.0,8.0,8,0.0,287.5,0.0,2300.0,0.0,0.0,0.0,1,2,No
PRV53836,0.0,49.0,49.0,44,0.0,223.87755102040816,0.0,10970.0,0.0,0.0,0.0,1,1,No
PRV53837,0.0,13.0,13.0,13,0.0,191.53846153846155,0.0,2490.0,0.0,0.0,0.0,1,1,No
PRV53838,0.0,194.0,194.0,148,0.0,297.9381443298969,0.0,57800.0,0.0,0.0,0.0,1,2,No
PRV53839,0.0,1.0,1.0,1,0.0,0.0,0.0,0.0,0.0,0.0,0.0,1,1,No
PRV53840,0.0,6.0,6.0,6,0.0,76.66666666666667,0.0,460.0,0.0,0.0,0.0,1,2,No
PRV53841,0.0,22.0,22.0,19,0.0,153.1818181818182,0.0,3370.0,0.0,0.0,0.0,1,2,No
PRV53842,0.0,7.0,7.0,7,0.0,344.2857142857143,0.0,2410.0,0.0,0.0,0.0,1,1,No
PRV53843,0.0,14.0,14.0,14,0.0,104.28571428571429,0.0,1460.0,0.0,0.0,0.0,1,1,No
PRV53844,0.0,53.0,53.0,40,0.0,149.24528301886792,0.0,7910.0,0.0,0.0,0.0,1,1,No
PRV53845,0.0,20.0,20.0,18,0.0,458.0,0.0,9160.0,0.0,0.0,0.0,1,1,No
PRV53846,0.0,12.0,12.0,11,0.0,220.0,0.0,2640.0,0.0,0.0,0.0,2,2,No
PRV53848,0.0,8.0,8.0,8,0.0,135.0,0.0,1080.0,0.0,0.0,0.0,2,2,No
PRV53849,0.0,21.0,21.0,20,0.0,139.52380952380952,0.0,2930.0,0.0,0.0,0.0,1,2,No
PRV53850,0.0,10.0,10.0,10,0.0,172.0,0.0,1720.0,0.0,0.0,0.0,1,1,No
PRV53851,0.0,48.0,48.0,47,0.0,439.5833333333333,0.0,21100.0,0.0,0.0,0.0,1,3,No
PRV53855,20.0,0.0,20.0,17,7050.0,0.0,141000.0,0.0,4.05,4.05,20.0,2,5,Yes
PRV53857,10.0,0.0,10.0,10,14000.0,0.0,140000.0,0.0,6.7,6.7,10.0,1,6,No
PRV53859,0.0,143.0,143.0,134,0.0,236.43356643356643,0.0,33810.0,0.0,0.0,0.0,2,9,No
PRV53860,0.0,1.0,1.0,1,0.0,100.0,0.0,100.0,0.0,0.0,0.0,1,1,No
PRV53861,2.0,0.0,2.0,2,5500.0,0.0,11000.0,0.0,6.0,6.0,2.0,1,1,No
PRV53862,4.0,2.0,6.0,6,12500.0,50.0,50000.0,100.0,6.25,6.25,2.0,1,4,No
PRV53864,0.0,2.0,2.0,2,0.0,230.0,0.0,460.0,0.0,0.0,0.0,1,1,No
PRV53865,6.0,0.0,6.0,6,10000.0,0.0,60000.0,0.0,5.166666666666667,5.166666666666667,6.0,2,3,No
PRV53867,9.0,4.0,13.0,13,10000.0,817.5,90000.0,3270.0,7.0,7.0,2.25,2,5,No
PRV53868,10.0,18.0,28.0,27,15800.0,190.0,158000.0,3420.0,6.2,6.2,0.5555555555555556,3,15,No
PRV53871,0.0,1220.0,1220.0,531,0.0,223.54918032786884,0.0,272730.0,0.0,0.0,0.0,4,31,No
PRV53872,9.0,222.0,231.0,142,11666.666666666666,294.9549549549549,105000.0,65480.0,4.777777777777778,4.777777777777778,0.04054054054054054,2,18,No
PRV53873,14.0,68.0,82.0,76,6928.571428571428,288.97058823529414,97000.0,19650.0,5.071428571428571,5.071428571428571,0.20588235294117646,2,15,No
PRV53874,0.0,524.0,524.0,416,0.0,285.4580152671756,0.0,149580.0,0.0,0.0,0.0,2,10,No
PRV53875,0.0,41.0,41.0,35,0.0,226.58536585365854,0.0,9290.0,0.0,0.0,0.0,4,14,No
PRV53876,0.0,125.0,125.0,60,0.0,250.48,0.0,31310.0,0.0,0.0,0.0,2,11,No
PRV53877,0.0,19.0,19.0,17,0.0,355.2631578947368,0.0,6750.0,0.0,0.0,0.0,2,6,No
PRV53878,5.0,41.0,46.0,40,7000.0,333.4146341463415,35000.0,13670.0,4.8,4.8,0.12195121951219512,2,12,No
PRV53879,0.0,15.0,15.0,15,0.0,89.33333333333333,0.0,1340.0,0.0,0.0,0.0,3,7,No
PRV53880,0.0,61.0,61.0,46,0.0,324.42622950819674,0.0,19790.0,0.0,0.0,0.0,3,13,No
PRV53884,117.0,152.0,269.0,226,8520.51282051282,283.35526315789474,996900.0,43070.0,4.7094017094017095,4.7094017094017095,0.7697368421052632,10,53,Yes
PRV53885,6.0,6.0,12.0,12,8150.0,121.66666666666667,48900.0,730.0,4.166666666666667,4.166666666666667,1.0,3,5,No
PRV53887,0.0,598.0,598.0,213,0.0,276.75585284280936,0.0,165500.0,0.0,0.0,0.0,2,15,Yes
PRV53888,0.0,70.0,70.0,56,0.0,277.2857142857143,0.0,19410.0,0.0,0.0,0.0,3,10,No
PRV53889,9.0,186.0,195.0,187,6666.666666666667,206.88172043010752,60000.0,38480.0,4.0,4.0,0.04838709677419355,14,40,No
PRV53891,0.0,22.0,22.0,22,0.0,478.6363636363636,0.0,10530.0,0.0,0.0,0.0,1,3,No
PRV53892,8.0,111.0,119.0,115,15000.0,273.3333333333333,120000.0,30340.0,6.0,6.0,0.07207207207207207,4,24,No
PRV53894,15.0,202.0,217.0,97,14333.333333333334,262.7722772277228,215000.0,53080.0,6.6,6.6,0.07425742574257425,4,12,Yes
PRV53895,0.0,1273.0,1273.0,576,0.0,315.30243519245874,0.0,401380.0,0.0,0.0,0.0,6,23,Yes
PRV53896,0.0,43.0,43.0,38,0.0,254.65116279069767,0.0,10950.0,0.0,0.0,0.0,4,12,No
PRV53899,0.0,3.0,3.0,3,0.0,40.0,0.0,120.0,0.0,0.0,0.0,1,2,No
PRV53900,0.0,789.0,789.0,317,0.0,255.83016476552598,0.0,201850.0,0.0,0.0,0.0,6,23,Yes
PRV53901,0.0,14.0,14.0,14,0.0,385.7142857142857,0.0,5400.0,0.0,0.0,0.0,2,8,No
PRV53905,0.0,77.0,77.0,72,0.0,282.2077922077922,0.0,21730.0,0.0,0.0,0.0,2,17,No
PRV53906,0.0,4.0,4.0,4,0.0,120.0,0.0,480.0,0.0,0.0,0.0,3,3,No
PRV53907,0.0,126.0,126.0,120,0.0,364.76190476190476,0.0,45960.0,0.0,0.0,0.0,8,29,No
PRV53908,0.0,15.0,15.0,15,0.0,567.3333333333334,0.0,8510.0,0.0,0.0,0.0,3,9,No
PRV53909,0.0,256.0,256.0,154,0.0,312.4609375,0.0,79990.0,0.0,0.0,0.0,2,18,No
PRV53910,27.0,69.0,96.0,91,9407.407407407407,311.30434782608694,254000.0,21480.0,7.481481481481482,7.481481481481482,0.391304347826087,4,25,No
PRV53911,14.0,522.0,536.0,201,12642.857142857143,378.3141762452107,177000.0,197480.0,9.0,9.0,0.02681992337164751,2,18,Yes
PRV53912,0.0,66.0,66.0,61,0.0,254.84848484848484,0.0,16820.0,0.0,0.0,0.0,6,19,No
PRV53913,0.0,131.0,131.0,129,0.0,276.1832061068702,0.0,36180.0,0.0,0.0,0.0,11,44,No
PRV53915,0.0,545.0,545.0,434,0.0,280.0,0.0,152600.0,0.0,0.0,0.0,4,12,No
PRV53916,0.0,192.0,192.0,109,0.0,224.89583333333334,0.0,43180.0,0.0,0.0,0.0,1,4,No
PRV53917,7.0,193.0,200.0,106,7471.428571428572,362.1761658031088,52300.0,69900.0,6.142857142857143,6.142857142857143,0.03626943005181347,2,17,No
PRV53918,0.0,3588.0,3588.0,1709,0.0,282.75083612040135,0.0,1014510.0,0.0,0.0,0.0,5,43,Yes
PRV53919,6.0,18.0,24.0,22,8466.666666666666,180.55555555555554,50800.0,3250.0,8.5,8.5,0.3333333333333333,3,7,Yes
PRV53920,3.0,218.0,221.0,118,12000.0,273.4403669724771,36000.0,59610.0,5.333333333333333,5.333333333333333,0.013761467889908258,2,17,No
PRV53921,9.0,759.0,768.0,498,6115.555555555556,352.0289855072464,55040.0,267190.0,3.7777777777777777,3.7777777777777777,0.011857707509881422,4,13,No
PRV53922,0.0,55.0,55.0,51,0.0,246.0,0.0,13530.0,0.0,0.0,0.0,3,17,No
PRV53923,30.0,125.0,155.0,139,8100.0,219.2,243000.0,27400.0,3.7666666666666666,3.7666666666666666,0.24,5,32,Yes
PRV53924,0.0,1.0,1.0,1,0.0,0.0,0.0,0.0,0.0,0.0,0.0,1,1,No
PRV53925,20.0,41.0,61.0,58,7400.0,297.5609756097561,148000.0,12200.0,4.5,4.5,0.4878048780487805,3,10,No
PRV53926,0.0,27.0,27.0,26,0.0,327.4074074074074,0.0,8840.0,0.0,0.0,0.0,4,13,No
PRV53927,0.0,11.0,11.0,11,0.0,327.27272727272725,0.0,3600.0,0.0,0.0,0.0,3,7,No
PRV53928,3.0,38.0,41.0,41,4666.666666666667,256.57894736842104,14000.0,9750.0,2.6666666666666665,2.6666666666666665,0.07894736842105263,2,17,No
PRV53931,3.0,52.0,55.0,48,10000.0,200.19230769230768,30000.0,10410.0,2.6666666666666665,2.6666666666666665,0.057692307692307696,5,11,No
PRV53932,82.0,222.0,304.0,283,10487.80487804878,270.9009009009009,860000.0,60140.0,5.353658536585366,5.353658536585366,0.36936936936936937,11,54,No
PRV53933,0.0,265.0,265.0,136,0.0,309.39622641509436,0.0,81990.0,0.0,0.0,0.0,6,24,No
PRV53934,0.0,122.0,122.0,97,0.0,274.59016393442624,0.0,33500.0,0.0,0.0,0.0,4,31,No
PRV53935,0.0,12.0,12.0,12,0.0,450.8333333333333,0.0,5410.0,0.0,0.0,0.0,3,9,No
PRV53937,17.0,21.0,38.0,38,12411.764705882353,331.9047619047619,211000.0,6970.0,6.882352941176471,6.882352941176471,0.8095238095238095,2,12,Yes
PRV53938,82.0,29.0,111.0,89,7768.292682926829,574.8275862068965,637000.0,16670.0,4.524390243902439,4.524390243902439,2.8275862068965516,2,15,Yes
PRV53939,6.0,298.0,304.0,178,18666.666666666668,273.28859060402687,112000.0,81440.0,8.166666666666666,8.166666666666666,0.020134228187919462,2,19,No
PRV53940,0.0,97.0,97.0,93,0.0,225.6701030927835,0.0,21890.0,0.0,0.0,0.0,10,40,No
PRV53941,6.0,71.0,77.0,72,9833.333333333334,326.19718309859155,59000.0,23160.0,2.8333333333333335,2.8333333333333335,0.08450704225352113,3,11,No
PRV53942,8.0,17.0,25.0,24,9125.0,271.7647058823529,73000.0,4620.0,5.875,5.875,0.47058823529411764,1,8,No
PRV53943,8.0,101.0,109.0,103,7875.0,285.1485148514852,63000.0,28800.0,5.0,5.0,0.07920792079207921,5,16,No
PRV53944,0.0,104.0,104.0,55,0.0,209.03846153846155,0.0,21740.0,0.0,0.0,0.0,2,14,No
PRV53945,0.0,49.0,49.0,47,0.0,312.2448979591837,0.0,15300.0,0.0,0.0,0.0,4,17,No
PRV53946,0.0,21.0,21.0,21,0.0,479.5238095238095,0.0,10070.0,0.0,0.0,0.0,2,5,No
PRV53947,0.0,8.0,8.0,8,0.0,53.75,0.0,430.0,0.0,0.0,0.0,2,3,No
PRV53949,0.0,5.0,5.0,5,0.0,142.0,0.0,710.0,0.0,0.0,0.0,1,4,No
PRV53950,0.0,298.0,298.0,235,0.0,275.6040268456376,0.0,82130.0,0.0,0.0,0.0,3,13,No
PRV53951,22.0,32.0,54.0,49,9590.90909090909,394.375,211000.0,12620.0,4.136363636363637,4.136363636363637,0.6875,3,15,Yes
PRV53952,0.0,15.0,15.0,13,0.0,305.3333333333333,0.0,4580.0,0.0,0.0,0.0,3,8,No
PRV53956,0.0,526.0,526.0,454,0.0,299.638783269962,0.0,157610.0,0.0,0.0,0.0,3,17,No
PRV53957,0.0,15.0,15.0,14,0.0,442.6666666666667,0.0,6640.0,0.0,0.0,0.0,1,3,No
PRV53958,23.0,690.0,713.0,340,9260.869565217392,380.0869565217391,213000.0,262260.0,4.608695652173913,4.608695652173913,0.03333333333333333,2,15,No
PRV53959,76.0,138.0,214.0,202,11400.0,220.5072463768116,866400.0,30430.0,6.2631578947368425,6.2894736842105265,0.5507246376811594,8,46,Yes
PRV53960,0.0,420.0,420.0,115,0.0,303.23809523809524,0.0,127360.0,0.0,0.0,0.0,2,9,No
PRV53961,97.0,32.0,129.0,124,8184.5360824742265,548.75,793900.0,17560.0,4.948453608247423,4.948453608247423,3.03125,6,14,Yes
PRV53963,4.0,35.0,39.0,37,14250.0,390.2857142857143,57000.0,13660.0,3.25,3.25,0.11428571428571428,5,15,No
PRV53964,0.0,146.0,146.0,81,0.0,279.6575342465753,0.0,40830.0,0.0,0.0,0.0,6,15,No
PRV53965,0.0,110.0,110.0,33,0.0,291.54545454545456,0.0,32070.0,0.0,0.0,0.0,1,4,No
PRV53966,0.0,2.0,2.0,2,0.0,250.0,0.0,500.0,0.0,0.0,0.0,1,2,No
PRV53967,0.0,2.0,2.0,2,0.0,50.0,0.0,100.0,0.0,0.0,0.0,1,1,No
PRV53968,0.0,32.0,32.0,30,0.0,206.25,0.0,6600.0,0.0,0.0,0.0,2,8,No
PRV53969,0.0,118.0,118.0,72,0.0,305.0,0.0,35990.0,0.0,0.0,0.0,3,15,No
PRV53970,3.0,1.0,4.0,4,21666.666666666668,200.0,65000.0,200.0,3.6666666666666665,3.6666666666666665,3.0,1,2,No
PRV53971,0.0,102.0,102.0,55,0.0,217.7450980392157,0.0,22210.0,0.0,0.0,0.0,1,4,No
PRV53972,6.0,68.0,74.0,61,5833.333333333333,248.8235294117647,35000.0,16920.0,3.8333333333333335,3.8333333333333335,0.08823529411764706,2,11,No
PRV53973,0.0,170.0,170.0,84,0.0,265.47058823529414,0.0,45130.0,0.0,0.0,0.0,2,6,No
PRV53974,0.0,67.0,67.0,59,0.0,193.28358208955223,0.0,12950.0,0.0,0.0,0.0,2,9,No
PRV53975,0.0,70.0,70.0,42,0.0,162.71428571428572,0.0,11390.0,0.0,0.0,0.0,1,8,No
PRV53977,0.0,65.0,65.0,40,0.0,340.3076923076923,0.0,22120.0,0.0,0.0,0.0,2,10,No
PRV53978,0.0,1.0,1.0,1,0.0,100.0,0.0,100.0,0.0,0.0,0.0,1,1,No
PRV53979,0.0,77.0,77.0,38,0.0,339.87012987012986,0.0,26170.0,0.0,0.0,0.0,1,11,No
PRV53980,0.0,22.0,22.0,15,0.0,169.54545454545453,0.0,3730.0,0.0,0.0,0.0,1,3,No
PRV53981,0.0,22.0,22.0,22,0.0,218.63636363636363,0.0,4810.0,0.0,0.0,0.0,2,7,No
PRV53982,0.0,9.0,9.0,9,0.0,108.88888888888889,0.0,980.0,0.0,0.0,0.0,2,6,No
PRV53983,0.0,24.0,24.0,23,0.0,266.6666666666667,0.0,6400.0,0.0,0.0,0.0,1,4,No
PRV53985,8.0,189.0,197.0,62,13500.0,292.75132275132273,108000.0,55330.0,8.125,8.125,0.042328042328042326,2,8,Yes
PRV53986,11.0,34.0,45.0,42,7090.909090909091,354.70588235294116,78000.0,12060.0,7.090909090909091,7.090909090909091,0.3235294117647059,2,11,No
PRV53988,0.0,32.0,32.0,25,0.0,198.75,0.0,6360.0,0.0,0.0,0.0,3,10,No
PRV53989,1.0,26.0,27.0,22,13000.0,351.15384615384613,13000.0,9130.0,16.0,16.0,0.038461538461538464,2,7,No
PRV53990,5.0,94.0,99.0,56,8600.0,216.48936170212767,43000.0,20350.0,10.0,10.0,0.05319148936170213,1,5,No
PRV53991,0.0,62.0,62.0,57,0.0,226.61290322580646,0.0,14050.0,0.0,0.0,0.0,3,10,No
PRV53992,0.0,244.0,244.0,101,0.0,359.0983606557377,0.0,87620.0,0.0,0.0,0.0,1,9,No
PRV53993,0.0,201.0,201.0,107,0.0,267.5124378109453,0.0,53770.0,0.0,0.0,0.0,2,6,No
PRV53994,0.0,174.0,174.0,62,0.0,264.367816091954,0.0,46000.0,0.0,0.0,0.0,1,6,No
PRV53995,0.0,3.0,3.0,3,0.0,146.66666666666666,0.0,440.0,0.0,0.0,0.0,1,2,No
PRV53996,2.0,3.0,5.0,5,5500.0,130.0,11000.0,390.0,5.0,5.0,0.6666666666666666,1,3,No
PRV53997,0.0,172.0,172.0,95,0.0,408.3139534883721,0.0,70230.0,0.0,0.0,0.0,1,3,No
PRV53999,0.0,1.0,1.0,1,0.0,60.0,0.0,60.0,0.0,0.0,0.0,1,1,No
PRV54000,0.0,206.0,206.0,95,0.0,204.95145631067962,0.0,42220.0,0.0,0.0,0.0,2,6,No
PRV54001,8.0,0.0,8.0,8,7625.0,0.0,61000.0,0.0,4.875,4.875,8.0,1,3,No
PRV54002,0.0,11.0,11.0,11,0.0,187.27272727272728,0.0,2060.0,0.0,0.0,0.0,1,3,No
PRV54004,0.0,8.0,8.0,8,0.0,136.25,0.0,1090.0,0.0,0.0,0.0,1,2,No
PRV54005,0.0,8.0,8.0,8,0.0,225.0,0.0,1800.0,0.0,0.0,0.0,1,2,No
PRV54006,0.0,1.0,1.0,1,0.0,90.0,0.0,90.0,0.0,0.0,0.0,1,1,No
PRV54007,0.0,5.0,5.0,5,0.0,280.0,0.0,1400.0,0.0,0.0,0.0,1,1,No
PRV54008,0.0,50.0,50.0,41,0.0,257.2,0.0,12860.0,0.0,0.0,0.0,1,2,No
PRV54009,0.0,1.0,1.0,1,0.0,40.0,0.0,40.0,0.0,0.0,0.0,1,1,No
PRV54011,0.0,2.0,2.0,2,0.0,35.0,0.0,70.0,0.0,0.0,0.0,1,1,No
PRV54012,0.0,8.0,8.0,8,0.0,475.0,0.0,3800.0,0.0,0.0,0.0,1,1,No
PRV54013,0.0,1.0,1.0,1,0.0,100.0,0.0,100.0,0.0,0.0,0.0,1,1,No
PRV54014,0.0,2.0,2.0,2,0.0,205.0,0.0,410.0,0.0,0.0,0.0,1,1,No
PRV54016,0.0,4.0,4.0,4,0.0,160.0,0.0,640.0,0.0,0.0,0.0,1,2,No
PRV54017,0.0,13.0,13.0,13,0.0,200.76923076923077,0.0,2610.0,0.0,0.0,0.0,1,1,No
PRV54019,0.0,4.0,4.0,4,0.0,225.0,0.0,900.0,0.0,0.0,0.0,1,1,No
PRV54020,0.0,7.0,7.0,6,0.0,292.85714285714283,0.0,2050.0,0.0,0.0,0.0,1,1,No
PRV54021,0.0,20.0,20.0,19,0.0,99.0,0.0,1980.0,0.0,0.0,0.0,1,1,No
PRV54023,0.0,18.0,18.0,14,0.0,114.44444444444444,0.0,2060.0,0.0,0.0,0.0,1,1,No
PRV54024,0.0,38.0,38.0,32,0.0,470.2631578947368,0.0,17870.0,0.0,0.0,0.0,1,2,No
PRV54025,0.0,20.0,20.0,18,0.0,449.0,0.0,8980.0,0.0,0.0,0.0,1,1,No
PRV54026,0.0,3.0,3.0,3,0.0,806.6666666666666,0.0,2420.0,0.0,0.0,0.0,1,1,No
PRV54027,0.0,14.0,14.0,8,0.0,99.28571428571429,0.0,1390.0,0.0,0.0,0.0,1,1,No
PRV54028,0.0,6.0,6.0,6,0.0,120.0,0.0,720.0,0.0,0.0,0.0,1,2,No
PRV54029,0.0,2.0,2.0,2,0.0,160.0,0.0,320.0,0.0,0.0,0.0,1,1,No
PRV54030,0.0,14.0,14.0,14,0.0,201.42857142857142,0.0,2820.0,0.0,0.0,0.0,1,2,No
PRV54031,0.0,5.0,5.0,5,0.0,454.0,0.0,2270.0,0.0,0.0,0.0,1,2,No
PRV54033,0.0,1.0,1.0,1,0.0,30.0,0.0,30.0,0.0,0.0,0.0,1,1,No
PRV54034,0.0,1.0,1.0,1,0.0,70.0,0.0,70.0,0.0,0.0,0.0,1,1,No
PRV54036,0.0,100.0,100.0,97,0.0,258.9,0.0,25890.0,0.0,0.0,0.0,1,5,No
PRV54037,0.0,17.0,17.0,16,0.0,618.2352941176471,0.0,10510.0,0.0,0.0,0.0,1,3,No
PRV54038,0.0,19.0,19.0,15,0.0,307.36842105263156,0.0,5840.0,0.0,0.0,0.0,1,4,No
PRV54039,0.0,28.0,28.0,18,0.0,170.35714285714286,0.0,4770.0,0.0,0.0,0.0,1,3,No
PRV54040,0.0,2.0,2.0,2,0.0,125.0,0.0,250.0,0.0,0.0,0.0,1,2,No
PRV54041,0.0,65.0,65.0,32,0.0,543.5384615384615,0.0,35330.0,0.0,0.0,0.0,1,4,No
PRV54043,0.0,3.0,3.0,3,0.0,1846.6666666666667,0.0,5540.0,0.0,0.0,0.0,1,1,No
PRV54044,0.0,6.0,6.0,6,0.0,136.66666666666666,0.0,820.0,0.0,0.0,0.0,1,1,No
PRV54045,0.0,3.0,3.0,2,0.0,80.0,0.0,240.0,0.0,0.0,0.0,1,1,No
PRV54046,0.0,1.0,1.0,1,0.0,0.0,0.0,0.0,0.0,0.0,0.0,1,1,No
PRV54048,0.0,4.0,4.0,4,0.0,207.5,0.0,830.0,0.0,0.0,0.0,1,2,No
PRV54049,0.0,132.0,132.0,37,0.0,262.1212121212121,0.0,34600.0,0.0,0.0,0.0,1,3,No
PRV54050,0.0,1.0,1.0,1,0.0,500.0,0.0,500.0,0.0,0.0,0.0,1,1,No
PRV54051,5.0,0.0,5.0,5,7600.0,0.0,38000.0,0.0,4.2,4.2,5.0,1,3,No
PRV54052,6.0,0.0,6.0,6,12500.0,0.0,75000.0,0.0,8.333333333333334,8.333333333333334,6.0,1,2,No
PRV54053,0.0,1.0,1.0,1,0.0,10.0,0.0,10.0,0.0,0.0,0.0,1,1,No
PRV54054,1.0,0.0,1.0,1,5000.0,0.0,5000.0,0.0,5.0,5.0,1.0,1,1,No
PRV54055,25.0,0.0,25.0,25,8560.0,0.0,214000.0,0.0,3.6,3.6,25.0,1,3,No
PRV54056,21.0,0.0,21.0,15,9380.952380952382,0.0,197000.0,0.0,5.142857142857143,5.142857142857143,21.0,1,1,Yes
PRV54057,0.0,1.0,1.0,1,0.0,0.0,0.0,0.0,0.0,0.0,0.0,1,1,No
PRV54058,35.0,0.0,35.0,34,8114.285714285715,0.0,284000.0,0.0,6.571428571428571,6.571428571428571,35.0,1,2,No
PRV54059,18.0,0.0,18.0,18,9555.555555555555,0.0,172000.0,0.0,5.5,5.5,18.0,1,4,No
PRV54060,16.0,0.0,16.0,16,10250.0,0.0,164000.0,0.0,5.875,5.875,16.0,1,1,No
PRV54061,4.0,7.0,11.0,10,7500.0,67.14285714285714,30000.0,470.0,12.5,12.5,0.5714285714285714,1,4,No
PRV54062,2.0,9.0,11.0,10,7500.0,303.3333333333333,15000.0,2730.0,4.5,4.5,0.2222222222222222,2,6,No
PRV54063,1.0,16.0,17.0,13,3000.0,351.25,3000.0,5620.0,3.0,3.0,0.0625,2,4,No
PRV54064,16.0,106.0,122.0,72,11187.5,407.54716981132077,179000.0,43200.0,6.0625,6.0625,0.1509433962264151,3,6,No
PRV54065,24.0,70.0,94.0,71,9916.666666666666,266.0,238000.0,18620.0,7.166666666666667,7.041666666666667,0.34285714285714286,2,17,Yes
PRV54066,0.0,148.0,148.0,110,0.0,281.8243243243243,0.0,41710.0,0.0,0.0,0.0,6,20,No
PRV54068,0.0,7.0,7.0,7,0.0,81.42857142857143,0.0,570.0,0.0,0.0,0.0,2,3,No
PRV54070,0.0,1467.0,1467.0,1177,0.0,268.56850715746424,0.0,393990.0,0.0,0.0,0.0,38,96,Yes
PRV54071,8.0,428.0,436.0,325,9750.0,352.85046728971963,78000.0,151020.0,7.625,7.625,0.018691588785046728,7,29,No
PRV54072,6.0,24.0,30.0,26,16500.0,276.6666666666667,99000.0,6640.0,4.5,4.5,0.25,3,8,No
PRV54073,7.0,37.0,44.0,28,14285.714285714286,442.97297297297297,100000.0,16390.0,4.0,4.0,0.1891891891891892,1,11,No
PRV54074,23.0,90.0,113.0,109,13869.565217391304,265.44444444444446,319000.0,23890.0,5.695652173913044,5.695652173913044,0.25555555555555554,9,24,Yes
PRV54075,32.0,1487.0,1519.0,910,8937.5,276.7451244115669,286000.0,411520.0,5.6875,5.6875,0.02151983860121049,14,62,Yes
PRV54076,9.0,43.0,52.0,50,8666.666666666666,324.8837209302326,78000.0,13970.0,4.111111111111111,4.111111111111111,0.20930232558139536,6,19,No
PRV54077,52.0,24.0,76.0,70,10019.23076923077,680.0,521000.0,16320.0,6.230769230769231,6.230769230769231,2.1666666666666665,6,20,Yes
PRV54078,20.0,99.0,119.0,109,9650.0,215.95959595959596,193000.0,21380.0,8.55,8.55,0.20202020202020202,10,36,No
PRV54080,0.0,573.0,573.0,261,0.0,307.80104712041884,0.0,176370.0,0.0,0.0,0.0,5,21,No
PRV54081,11.0,3.0,14.0,13,12272.727272727272,66.66666666666667,135000.0,200.0,5.0,5.0,3.6666666666666665,2,6,No
PRV54082,5.0,6.0,11.0,11,7000.0,75.0,35000.0,450.0,5.8,5.8,0.8333333333333334,1,7,No
PRV54083,8.0,271.0,279.0,173,7500.0,272.2509225092251,60000.0,73780.0,7.625,7.625,0.02952029520295203,4,18,No
PRV54084,8.0,41.0,49.0,43,9125.0,227.0731707317073,73000.0,9310.0,3.875,3.875,0.1951219512195122,4,14,No
PRV54085,58.0,176.0,234.0,197,9517.241379310344,284.71590909090907,552000.0,50110.0,5.206896551724138,5.206896551724138,0.32954545454545453,17,50,No
PRV54086,0.0,66.0,66.0,60,0.0,190.15151515151516,0.0,12550.0,0.0,0.0,0.0,11,19,No
PRV54089,7.0,34.0,41.0,41,10857.142857142857,447.94117647058823,76000.0,15230.0,5.285714285714286,5.285714285714286,0.20588235294117646,3,12,No
PRV54090,32.0,158.0,190.0,123,8781.25,251.51898734177215,281000.0,39740.0,5.3125,5.3125,0.20253164556962025,5,16,No
PRV54091,0.0,112.0,112.0,76,0.0,203.75,0.0,22820.0,0.0,0.0,0.0,2,6,No
PRV54092,0.0,481.0,481.0,401,0.0,294.28274428274426,0.0,141550.0,0.0,0.0,0.0,21,69,No
PRV54093,41.0,48.0,89.0,86,12236.585365853658,276.6666666666667,501700.0,13280.0,6.195121951219512,6.195121951219512,0.8541666666666666,5,33,Yes
PRV54096,0.0,7.0,7.0,7,0.0,131.42857142857142,0.0,920.0,0.0,0.0,0.0,2,4,No
PRV54098,9.0,247.0,256.0,96,6342.222222222223,256.3562753036437,57080.0,63320.0,5.888888888888889,5.888888888888889,0.03643724696356275,1,9,Yes
PRV54099,14.0,203.0,217.0,97,10285.714285714286,216.0591133004926,144000.0,43860.0,3.357142857142857,3.357142857142857,0.06896551724137931,2,10,No
PRV54101,11.0,18.0,29.0,28,5454.545454545455,321.6666666666667,60000.0,5790.0,3.727272727272727,3.727272727272727,0.6111111111111112,2,10,No
PRV54102,9.0,14.0,23.0,18,9777.777777777777,908.5714285714286,88000.0,12720.0,5.0,5.0,0.6428571428571429,2,10,No
PRV54103,8.0,179.0,187.0,82,7250.0,262.1787709497207,58000.0,46930.0,3.75,3.75,0.0446927374301676,5,12,Yes
PRV54106,5.0,34.0,39.0,37,12400.0,232.64705882352942,62000.0,7910.0,4.8,4.8,0.14705882352941177,3,15,No
PRV54107,0.0,147.0,147.0,129,0.0,299.86394557823127,0.0,44080.0,0.0,0.0,0.0,5,9,No
PRV54109,0.0,16.0,16.0,14,0.0,309.375,0.0,4950.0,0.0,0.0,0.0,1,3,No
PRV54110,0.0,7.0,7.0,7,0.0,64.28571428571429,0.0,450.0,0.0,0.0,0.0,3,6,No
PRV54111,54.0,195.0,249.0,176,10148.148148148148,215.3846153846154,548000.0,42000.0,5.592592592592593,5.555555555555555,0.27692307692307694,5,15,Yes
PRV54112,0.0,31.0,31.0,18,0.0,212.58064516129033,0.0,6590.0,0.0,0.0,0.0,2,5,No
PRV54113,0.0,1.0,1.0,1,0.0,60.0,0.0,60.0,0.0,0.0,0.0,1,1,No
PRV54114,3.0,8.0,11.0,9,6666.666666666667,348.75,20000.0,2790.0,10.0,10.0,0.375,1,5,No
PRV54115,0.0,4.0,4.0,4,0.0,42.5,0.0,170.0,0.0,0.0,0.0,1,2,No
PRV54116,0.0,16.0,16.0,4,0.0,80.0,0.0,1280.0,0.0,0.0,0.0,1,3,No
PRV54117,0.0,6.0,6.0,6,0.0,53.333333333333336,0.0,320.0,0.0,0.0,0.0,1,2,No
PRV54118,0.0,8.0,8.0,8,0.0,58.75,0.0,470.0,0.0,0.0,0.0,2,5,No
PRV54119,0.0,14.0,14.0,12,0.0,141.42857142857142,0.0,1980.0,0.0,0.0,0.0,3,6,No
PRV54120,0.0,2.0,2.0,2,0.0,500.0,0.0,1000.0,0.0,0.0,0.0,1,1,No
PRV54121,0.0,48.0,48.0,19,0.0,320.2083333333333,0.0,15370.0,0.0,0.0,0.0,1,4,No
PRV54122,0.0,4.0,4.0,4,0.0,127.5,0.0,510.0,0.0,0.0,0.0,1,2,No
PRV54123,0.0,2.0,2.0,2,0.0,55.0,0.0,110.0,0.0,0.0,0.0,1,2,No
PRV54124,0.0,5.0,5.0,5,0.0,140.0,0.0,700.0,0.0,0.0,0.0,1,2,No
PRV54125,0.0,11.0,11.0,10,0.0,652.7272727272727,0.0,7180.0,0.0,0.0,0.0,1,1,No
PRV54127,0.0,28.0,28.0,25,0.0,325.0,0.0,9100.0,0.0,0.0,0.0,1,2,No
PRV54128,0.0,27.0,27.0,9,0.0,386.6666666666667,0.0,10440.0,0.0,0.0,0.0,1,4,No
PRV54129,0.0,5.0,5.0,5,0.0,624.0,0.0,3120.0,0.0,0.0,0.0,1,4,No
PRV54130,0.0,64.0,64.0,36,0.0,143.90625,0.0,9210.0,0.0,0.0,0.0,2,5,No
PRV54131,0.0,24.0,24.0,12,0.0,167.08333333333334,0.0,4010.0,0.0,0.0,0.0,1,5,No
PRV54132,0.0,5.0,5.0,5,0.0,106.0,0.0,530.0,0.0,0.0,0.0,1,3,No
PRV54133,0.0,25.0,25.0,24,0.0,142.4,0.0,3560.0,0.0,0.0,0.0,2,7,No
PRV54134,2.0,42.0,44.0,36,5000.0,410.7142857142857,10000.0,17250.0,4.0,4.0,0.047619047619047616,1,6,No
PRV54135,0.0,3.0,3.0,2,0.0,86.66666666666667,0.0,260.0,0.0,0.0,0.0,1,2,No
PRV54136,0.0,30.0,30.0,16,0.0,252.33333333333334,0.0,7570.0,0.0,0.0,0.0,1,3,No
PRV54139,5.0,94.0,99.0,52,7800.0,239.14893617021278,39000.0,22480.0,4.8,4.8,0.05319148936170213,1,7,No
PRV54140,0.0,6.0,6.0,6,0.0,38.333333333333336,0.0,230.0,0.0,0.0,0.0,1,3,No
PRV54141,0.0,31.0,31.0,11,0.0,293.5483870967742,0.0,9100.0,0.0,0.0,0.0,2,5,No
PRV54142,0.0,28.0,28.0,7,0.0,355.0,0.0,9940.0,0.0,0.0,0.0,2,3,No
PRV54144,0.0,294.0,294.0,103,0.0,248.74149659863946,0.0,73130.0,0.0,0.0,0.0,2,5,Yes
PRV54145,0.0,6.0,6.0,5,0.0,1053.3333333333333,0.0,6320.0,0.0,0.0,0.0,1,4,No
PRV54146,0.0,5.0,5.0,3,0.0,48.0,0.0,240.0,0.0,0.0,0.0,1,1,No
PRV54148,0.0,1.0,1.0,1,0.0,90.0,0.0,90.0,0.0,0.0,0.0,1,1,No
PRV54149,5.0,11.0,16.0,14,6400.0,245.45454545454547,32000.0,2700.0,4.0,4.0,0.45454545454545453,3,4,Yes
PRV54150,0.0,25.0,25.0,24,0.0,440.8,0.0,11020.0,0.0,0.0,0.0,1,2,No
PRV54153,3.0,11.0,14.0,11,13333.333333333334,128.1818181818182,40000.0,1410.0,12.0,12.0,0.2727272727272727,2,3,No
PRV54154,0.0,12.0,12.0,11,0.0,136.66666666666666,0.0,1640.0,0.0,0.0,0.0,1,5,No
PRV54155,1.0,50.0,51.0,29,13000.0,228.8,13000.0,11440.0,3.0,3.0,0.02,1,8,No
PRV54156,0.0,121.0,121.0,46,0.0,251.900826446281,0.0,30480.0,0.0,0.0,0.0,1,5,No
PRV54157,0.0,130.0,130.0,51,0.0,215.23076923076923,0.0,27980.0,0.0,0.0,0.0,3,4,No
PRV54158,0.0,9.0,9.0,9,0.0,262.22222222222223,0.0,2360.0,0.0,0.0,0.0,1,4,No
PRV54159,0.0,34.0,34.0,22,0.0,423.52941176470586,0.0,14400.0,0.0,0.0,0.0,3,6,No
PRV54160,0.0,9.0,9.0,9,0.0,485.55555555555554,0.0,4370.0,0.0,0.0,0.0,2,6,No
PRV54162,0.0,32.0,32.0,18,0.0,255.0,0.0,8160.0,0.0,0.0,0.0,3,6,No
PRV54163,0.0,41.0,41.0,24,0.0,215.1219512195122,0.0,8820.0,0.0,0.0,0.0,1,7,No
PRV54164,1.0,1.0,2.0,2,4000.0,100.0,4000.0,100.0,5.0,5.0,1.0,1,2,No
PRV54166,0.0,20.0,20.0,17,0.0,325.0,0.0,6500.0,0.0,0.0,0.0,1,3,No
PRV54167,0.0,9.0,9.0,8,0.0,204.44444444444446,0.0,1840.0,0.0,0.0,0.0,1,2,No
PRV54168,1.0,66.0,67.0,39,7000.0,414.3939393939394,7000.0,27350.0,3.0,3.0,0.015151515151515152,3,10,No
PRV54171,0.0,72.0,72.0,27,0.0,288.05555555555554,0.0,20740.0,0.0,0.0,0.0,1,3,No
PRV54172,0.0,2.0,2.0,2,0.0,70.0,0.0,140.0,0.0,0.0,0.0,1,2,No
PRV54173,0.0,7.0,7.0,7,0.0,91.42857142857143,0.0,640.0,0.0,0.0,0.0,1,5,No
PRV54175,0.0,1.0,1.0,1,0.0,80.0,0.0,80.0,0.0,0.0,0.0,1,1,No
PRV54176,0.0,10.0,10.0,10,0.0,167.0,0.0,1670.0,0.0,0.0,0.0,1,1,No
PRV54177,0.0,2.0,2.0,2,0.0,550.0,0.0,1100.0,0.0,0.0,0.0,1,2,No
PRV54178,0.0,2.0,2.0,2,0.0,45.0,0.0,90.0,0.0,0.0,0.0,1,1,No
PRV54179,0.0,1.0,1.0,1,0.0,0.0,0.0,0.0,0.0,0.0,0.0,1,1,No
PRV54180,0.0,2.0,2.0,2,0.0,75.0,0.0,150.0,0.0,0.0,0.0,1,1,No
PRV54181,0.0,4.0,4.0,4,0.0,47.5,0.0,190.0,0.0,0.0,0.0,1,1,No
PRV54182,0.0,4.0,4.0,4,0.0,437.5,0.0,1750.0,0.0,0.0,0.0,1,1,No
PRV54183,0.0,2.0,2.0,2,0.0,2200.0,0.0,4400.0,0.0,0.0,0.0,1,1,No
PRV54184,0.0,10.0,10.0,8,0.0,356.0,0.0,3560.0,0.0,0.0,0.0,1,1,No
PRV54185,0.0,2.0,2.0,2,0.0,175.0,0.0,350.0,0.0,0.0,0.0,1,1,No
PRV54186,0.0,11.0,11.0,7,0.0,157.27272727272728,0.0,1730.0,0.0,0.0,0.0,1,2,No
PRV54187,0.0,1.0,1.0,1,0.0,200.0,0.0,200.0,0.0,0.0,0.0,1,1,No
PRV54188,0.0,4.0,4.0,4,0.0,765.0,0.0,3060.0,0.0,0.0,0.0,1,1,No
PRV54191,0.0,2.0,2.0,2,0.0,180.0,0.0,360.0,0.0,0.0,0.0,1,1,No
PRV54192,0.0,2.0,2.0,2,0.0,445.0,0.0,890.0,0.0,0.0,0.0,1,2,No
PRV54193,0.0,24.0,24.0,12,0.0,167.91666666666666,0.0,4030.0,0.0,0.0,0.0,1,2,No
PRV54194,0.0,7.0,7.0,7,0.0,518.5714285714286,0.0,3630.0,0.0,0.0,0.0,1,1,No
PRV54196,0.0,10.0,10.0,10,0.0,432.0,0.0,4320.0,0.0,0.0,0.0,1,2,No
PRV54197,0.0,14.0,14.0,12,0.0,60.714285714285715,0.0,850.0,0.0,0.0,0.0,1,3,No
PRV54198,0.0,6.0,6.0,6,0.0,81.66666666666667,0.0,490.0,0.0,0.0,0.0,1,3,No
PRV54199,0.0,1.0,1.0,1,0.0,40.0,0.0,40.0,0.0,0.0,0.0,1,1,No
PRV54200,13.0,0.0,13.0,13,13314.615384615385,0.0,173090.0,0.0,4.769230769230769,4.769230769230769,13.0,1,3,No
PRV54201,4.0,0.0,4.0,4,4900.0,0.0,19600.0,0.0,5.25,5.25,4.0,1,2,No
PRV54202,10.0,0.0,10.0,10,13700.0,0.0,137000.0,0.0,5.3,5.3,10.0,1,4,No
PRV54203,0.0,51.0,51.0,45,0.0,253.52941176470588,0.0,12930.0,0.0,0.0,0.0,2,7,No
PRV54204,4.0,0.0,4.0,4,15550.0,0.0,62200.0,0.0,9.0,9.0,4.0,1,1,No
PRV54205,9.0,0.0,9.0,8,7222.222222222223,0.0,65000.0,0.0,4.666666666666667,4.666666666666667,9.0,1,2,No
PRV54206,1.0,43.0,44.0,41,10000.0,265.1162790697674,10000.0,11400.0,3.0,3.0,0.023255813953488372,1,10,No
PRV54207,0.0,41.0,41.0,32,0.0,169.5121951219512,0.0,6950.0,0.0,0.0,0.0,3,10,No
PRV54208,10.0,17.0,27.0,24,10930.0,285.88235294117646,109300.0,4860.0,5.7,5.7,0.5882352941176471,2,10,No
PRV54209,20.0,131.0,151.0,139,7330.0,246.5648854961832,146600.0,32300.0,4.85,4.85,0.15267175572519084,6,34,Yes
PRV54210,0.0,20.0,20.0,18,0.0,230.5,0.0,4610.0,0.0,0.0,0.0,1,7,No
PRV54212,0.0,54.0,54.0,32,0.0,220.74074074074073,0.0,11920.0,0.0,0.0,0.0,2,6,No
PRV54213,21.0,46.0,67.0,61,7619.047619047619,202.6086956521739,160000.0,9320.0,4.238095238095238,4.238095238095238,0.45652173913043476,2,15,No
PRV54215,14.0,17.0,31.0,26,10142.857142857143,139.41176470588235,142000.0,2370.0,6.714285714285714,6.714285714285714,0.8235294117647058,2,9,No
PRV54216,10.0,39.0,49.0,43,15000.0,342.05128205128204,150000.0,13340.0,6.9,6.9,0.2564102564102564,2,16,No
PRV54217,0.0,30.0,30.0,14,0.0,175.33333333333334,0.0,5260.0,0.0,0.0,0.0,1,2,No
PRV54219,0.0,101.0,101.0,33,0.0,185.44554455445544,0.0,18730.0,0.0,0.0,0.0,1,5,No
PRV54220,8.0,24.0,32.0,29,20625.0,839.1666666666666,165000.0,20140.0,8.625,8.625,0.3333333333333333,2,14,No
PRV54222,0.0,19.0,19.0,11,0.0,164.73684210526315,0.0,3130.0,0.0,0.0,0.0,1,2,No
PRV54223,0.0,74.0,74.0,25,0.0,222.7027027027027,0.0,16480.0,0.0,0.0,0.0,1,4,No
PRV54224,0.0,43.0,43.0,23,0.0,359.5348837209302,0.0,15460.0,0.0,0.0,0.0,1,7,No
PRV54225,0.0,104.0,104.0,59,0.0,515.5769230769231,0.0,53620.0,0.0,0.0,0.0,1,6,Yes
PRV54226,0.0,13.0,13.0,11,0.0,58.46153846153846,0.0,760.0,0.0,0.0,0.0,1,6,No
PRV54227,0.0,53.0,53.0,47,0.0,143.96226415094338,0.0,7630.0,0.0,0.0,0.0,3,14,No
PRV54228,41.0,311.0,352.0,198,7414.634146341464,327.9742765273312,304000.0,102000.0,5.317073170731708,5.390243902439025,0.13183279742765272,5,19,No
PRV54230,44.0,82.0,126.0,113,8886.363636363636,215.2439024390244,391000.0,17650.0,6.068181818181818,6.068181818181818,0.5365853658536586,8,37,Yes
PRV54231,0.0,190.0,190.0,64,0.0,357.2631578947368,0.0,67880.0,0.0,0.0,0.0,1,8,No
PRV54232,8.0,34.0,42.0,34,12312.5,272.05882352941177,98500.0,9250.0,6.5,6.5,0.23529411764705882,2,8,No
PRV54233,1.0,6.0,7.0,7,6000.0,58.333333333333336,6000.0,350.0,2.0,2.0,0.16666666666666666,2,4,No
PRV54235,0.0,16.0,16.0,13,0.0,267.5,0.0,4280.0,0.0,0.0,0.0,2,6,No
PRV54237,0.0,234.0,234.0,119,0.0,224.6153846153846,0.0,52560.0,0.0,0.0,0.0,2,15,No
PRV54238,0.0,348.0,348.0,153,0.0,266.92528735632186,0.0,92890.0,0.0,0.0,0.0,2,16,No
PRV54239,0.0,62.0,62.0,44,0.0,338.38709677419354,0.0,20980.0,0.0,0.0,0.0,1,7,No
PRV54240,0.0,72.0,72.0,37,0.0,200.0,0.0,14400.0,0.0,0.0,0.0,2,6,No
PRV54242,4.0,84.0,88.0,74,7000.0,300.8333333333333,28000.0,25270.0,3.25,3.25,0.047619047619047616,5,21,No
PRV54244,49.0,182.0,231.0,189,10628.57142857143,305.3296703296703,520800.0,55570.0,6.346938775510204,6.346938775510204,0.2692307692307692,7,54,No
PRV54245,14.0,159.0,173.0,104,8500.0,241.8238993710692,119000.0,38450.0,6.857142857142857,6.857142857142857,0.0880503144654088,2,21,No
PRV54246,0.0,43.0,43.0,27,0.0,230.2325581395349,0.0,9900.0,0.0,0.0,0.0,2,8,No
PRV54247,4.0,66.0,70.0,48,7000.0,288.3333333333333,28000.0,19030.0,13.75,13.75,0.06060606060606061,2,8,No
PRV54250,0.0,62.0,62.0,61,0.0,363.38709677419354,0.0,22530.0,0.0,0.0,0.0,6,20,No
PRV54251,6.0,41.0,47.0,32,9500.0,502.1951219512195,57000.0,20590.0,5.0,5.0,0.14634146341463414,2,5,No
PRV54252,0.0,17.0,17.0,16,0.0,354.70588235294116,0.0,6030.0,0.0,0.0,0.0,1,11,No
PRV54253,4.0,10.0,14.0,13,20000.0,285.0,80000.0,2850.0,7.0,7.0,0.4,3,8,No
PRV54254,0.0,104.0,104.0,44,0.0,222.5,0.0,23140.0,0.0,0.0,0.0,4,9,No
PRV54255,0.0,232.0,232.0,154,0.0,462.19827586206895,0.0,107230.0,0.0,0.0,0.0,3,24,No
PRV54256,5.0,257.0,262.0,100,7800.0,303.81322957198444,39000.0,78080.0,3.8,3.8,0.019455252918287938,3,17,No
PRV54257,0.0,282.0,282.0,134,0.0,246.59574468085106,0.0,69540.0,0.0,0.0,0.0,1,2,No
PRV54258,118.0,120.0,238.0,201,10050.847457627118,260.4166666666667,1186000.0,31250.0,5.491525423728813,5.5,0.9833333333333333,7,48,Yes
PRV54259,12.0,17.0,29.0,26,6500.0,700.0,78000.0,11900.0,5.0,5.0,0.7058823529411765,1,6,No
PRV54261,0.0,75.0,75.0,66,0.0,339.8666666666667,0.0,25490.0,0.0,0.0,0.0,4,15,No
PRV54262,1.0,0.0,1.0,1,3000.0,0.0,3000.0,0.0,4.0,4.0,1.0,1,1,No
PRV54263,1.0,5.0,6.0,6,4000.0,172.0,4000.0,860.0,1.0,1.0,0.2,2,5,No
PRV54265,0.0,406.0,406.0,197,0.0,278.1527093596059,0.0,112930.0,0.0,0.0,0.0,3,20,No
PRV54266,21.0,44.0,65.0,59,15619.047619047618,254.0909090909091,328000.0,11180.0,4.9523809523809526,4.9523809523809526,0.4772727272727273,3,10,No
PRV54267,0.0,226.0,226.0,84,0.0,349.3805309734513,0.0,78960.0,0.0,0.0,0.0,2,6,No
PRV54269,0.0,118.0,118.0,26,0.0,277.45762711864404,0.0,32740.0,0.0,0.0,0.0,1,3,No
PRV54270,0.0,34.0,34.0,27,0.0,332.94117647058823,0.0,11320.0,0.0,0.0,0.0,1,6,No
PRV54271,0.0,29.0,29.0,12,0.0,215.17241379310346,0.0,6240.0,0.0,0.0,0.0,1,3,No
PRV54273,0.0,234.0,234.0,108,0.0,307.77777777777777,0.0,72020.0,0.0,0.0,0.0,1,13,No
PRV54274,0.0,47.0,47.0,17,0.0,356.17021276595744,0.0,16740.0,0.0,0.0,0.0,1,4,No
PRV54275,0.0,1.0,1.0,1,0.0,50.0,0.0,50.0,0.0,0.0,0.0,1,1,No
PRV54276,4.0,73.0,77.0,35,21500.0,202.87671232876713,86000.0,14810.0,5.5,5.5,0.0547945205479452,2,5,No
PRV54278,0.0,61.0,61.0,27,0.0,322.78688524590166,0.0,19690.0,0.0,0.0,0.0,1,5,No
PRV54280,0.0,20.0,20.0,15,0.0,351.5,0.0,7030.0,0.0,0.0,0.0,1,5,No
PRV54282,0.0,19.0,19.0,11,0.0,344.2105263157895,0.0,6540.0,0.0,0.0,0.0,1,2,No
PRV54283,0.0,5.0,5.0,5,0.0,110.0,0.0,550.0,0.0,0.0,0.0,1,2,No
PRV54284,8.0,105.0,113.0,43,7250.0,362.85714285714283,58000.0,38100.0,4.875,4.875,0.0761904761904762,2,6,No
PRV54285,0.0,20.0,20.0,16,0.0,127.5,0.0,2550.0,0.0,0.0,0.0,1,2,No
PRV54287,0.0,155.0,155.0,67,0.0,244.51612903225808,0.0,37900.0,0.0,0.0,0.0,1,6,No
PRV54288,0.0,15.0,15.0,13,0.0,273.3333333333333,0.0,4100.0,0.0,0.0,0.0,2,6,No
PRV54289,0.0,56.0,56.0,28,0.0,316.42857142857144,0.0,17720.0,0.0,0.0,0.0,2,6,No
PRV54290,0.0,6.0,6.0,6,0.0,550.0,0.0,3300.0,0.0,0.0,0.0,1,3,No
PRV54291,0.0,10.0,10.0,9,0.0,171.0,0.0,1710.0,0.0,0.0,0.0,1,5,No
PRV54293,0.0,2.0,2.0,2,0.0,1260.0,0.0,2520.0,0.0,0.0,0.0,1,1,No
PRV54294,0.0,1.0,1.0,1,0.0,60.0,0.0,60.0,0.0,0.0,0.0,1,1,No
PRV54295,0.0,1.0,1.0,1,0.0,3300.0,0.0,3300.0,0.0,0.0,0.0,1,1,No
PRV54296,0.0,54.0,54.0,18,0.0,193.7037037037037,0.0,10460.0,0.0,0.0,0.0,1,1,No
PRV54297,8.0,0.0,8.0,7,21000.0,0.0,168000.0,0.0,6.875,6.875,8.0,2,4,Yes
PRV54298,3.0,0.0,3.0,3,12666.666666666666,0.0,38000.0,0.0,5.333333333333333,5.333333333333333,3.0,1,2,No
PRV54299,0.0,5.0,5.0,5,0.0,360.0,0.0,1800.0,0.0,0.0,0.0,1,1,No
PRV54300,0.0,6.0,6.0,6,0.0,248.33333333333334,0.0,1490.0,0.0,0.0,0.0,1,1,No
PRV54301,0.0,13.0,13.0,11,0.0,283.84615384615387,0.0,3690.0,0.0,0.0,0.0,1,1,No
PRV54302,0.0,1.0,1.0,1,0.0,3300.0,0.0,3300.0,0.0,0.0,0.0,1,1,No
PRV54303,0.0,16.0,16.0,14,0.0,322.5,0.0,5160.0,0.0,0.0,0.0,1,2,No
PRV54304,0.0,1.0,1.0,1,0.0,50.0,0.0,50.0,0.0,0.0,0.0,1,1,No
PRV54305,0.0,6.0,6.0,5,0.0,443.3333333333333,0.0,2660.0,0.0,0.0,0.0,1,1,No
PRV54306,0.0,33.0,33.0,28,0.0,403.030303030303,0.0,13300.0,0.0,0.0,0.0,1,1,No
PRV54307,0.0,2.0,2.0,2,0.0,200.0,0.0,400.0,0.0,0.0,0.0,1,1,No
PRV54308,0.0,1.0,1.0,1,0.0,70.0,0.0,70.0,0.0,0.0,0.0,1,1,No
PRV54309,0.0,29.0,29.0,18,0.0,212.41379310344828,0.0,6160.0,0.0,0.0,0.0,1,1,No
PRV54310,0.0,7.0,7.0,3,0.0,42.857142857142854,0.0,300.0,0.0,0.0,0.0,1,1,No
PRV54311,0.0,3.0,3.0,3,0.0,33.333333333333336,0.0,100.0,0.0,0.0,0.0,1,1,No
PRV54312,0.0,4.0,4.0,4,0.0,87.5,0.0,350.0,0.0,0.0,0.0,1,2,No
PRV54313,0.0,16.0,16.0,16,0.0,441.875,0.0,7070.0,0.0,0.0,0.0,1,3,No
PRV54315,0.0,103.0,103.0,41,0.0,366.6990291262136,0.0,37770.0,0.0,0.0,0.0,1,5,No
PRV54316,0.0,2.0,2.0,1,0.0,125.0,0.0,250.0,0.0,0.0,0.0,1,1,No
PRV54317,0.0,25.0,25.0,22,0.0,146.0,0.0,3650.0,0.0,0.0,0.0,2,2,No
PRV54319,0.0,1.0,1.0,1,0.0,100.0,0.0,100.0,0.0,0.0,0.0,1,1,No
PRV54320,0.0,102.0,102.0,44,0.0,213.33333333333334,0.0,21760.0,0.0,0.0,0.0,1,2,No
PRV54323,0.0,51.0,51.0,30,0.0,203.52941176470588,0.0,10380.0,0.0,0.0,0.0,2,5,Yes
PRV54324,32.0,0.0,32.0,28,8312.5,0.0,266000.0,0.0,5.8125,5.8125,32.0,2,10,No
PRV54325,15.0,0.0,15.0,15,9466.666666666666,0.0,142000.0,0.0,4.533333333333333,4.533333333333333,15.0,1,5,No
PRV54326,5.0,0.0,5.0,4,4000.0,0.0,20000.0,0.0,5.2,5.2,5.0,1,3,No
PRV54327,13.0,57.0,70.0,43,13615.384615384615,322.4561403508772,177000.0,18380.0,5.769230769230769,5.769230769230769,0.22807017543859648,4,18,Yes
PRV54328,17.0,100.0,117.0,99,10176.470588235294,229.8,173000.0,22980.0,7.764705882352941,7.764705882352941,0.17,2,14,No
PRV54330,18.0,454.0,472.0,372,8111.111111111111,295.4185022026432,146000.0,134120.0,3.611111111111111,3.611111111111111,0.039647577092511016,14,41,No
PRV54332,0.0,995.0,995.0,531,0.0,334.84422110552765,0.0,333170.0,0.0,0.0,0.0,4,26,No
PRV54333,50.0,310.0,360.0,291,10940.0,265.9032258064516,547000.0,82430.0,5.14,5.14,0.16129032258064516,6,28,Yes
PRV54334,0.0,105.0,105.0,49,0.0,215.14285714285714,0.0,22590.0,0.0,0.0,0.0,3,9,No
PRV54335,19.0,200.0,219.0,187,9578.947368421053,318.45,182000.0,63690.0,4.473684210526316,4.473684210526316,0.095,9,48,No
PRV54336,14.0,218.0,232.0,103,11928.57142857143,298.4403669724771,167000.0,65060.0,5.214285714285714,5.214285714285714,0.06422018348623854,2,18,Yes
PRV54337,64.0,85.0,149.0,132,9562.5,335.4117647058824,612000.0,28510.0,5.546875,5.546875,0.7529411764705882,6,27,No
PRV54339,11.0,112.0,123.0,68,10181.818181818182,284.55357142857144,112000.0,31870.0,6.2727272727272725,6.2727272727272725,0.09821428571428571,2,13,No
PRV54340,3.0,93.0,96.0,54,9333.333333333334,450.5376344086022,28000.0,41900.0,4.333333333333333,4.333333333333333,0.03225806451612903,3,12,No
PRV54341,1.0,54.0,55.0,34,3000.0,388.3333333333333,3000.0,20970.0,1.0,1.0,0.018518518518518517,3,9,No
PRV54342,7.0,28.0,35.0,34,5600.0,181.42857142857142,39200.0,5080.0,4.285714285714286,4.285714285714286,0.25,1,9,No
PRV54343,0.0,17.0,17.0,16,0.0,182.94117647058823,0.0,3110.0,0.0,0.0,0.0,2,8,No
PRV54344,0.0,51.0,51.0,42,0.0,336.6666666666667,0.0,17170.0,0.0,0.0,0.0,3,13,No
PRV54345,0.0,167.0,167.0,139,0.0,283.1137724550898,0.0,47280.0,0.0,0.0,0.0,5,18,No
PRV54347,0.0,26.0,26.0,25,0.0,251.15384615384616,0.0,6530.0,0.0,0.0,0.0,3,10,No
PRV54348,91.0,126.0,217.0,203,10087.912087912087,332.3809523809524,918000.0,41880.0,6.065934065934066,6.065934065934066,0.7222222222222222,9,42,No
PRV54349,0.0,77.0,77.0,27,0.0,231.8181818181818,0.0,17850.0,0.0,0.0,0.0,1,7,No
PRV54350,105.0,1390.0,1495.0,530,10133.333333333334,259.76258992805754,1064000.0,361070.0,5.847619047619047,5.847619047619047,0.07553956834532374,11,61,Yes
PRV54352,0.0,12.0,12.0,7,0.0,139.16666666666666,0.0,1670.0,0.0,0.0,0.0,1,3,No
PRV54353,0.0,32.0,32.0,31,0.0,206.875,0.0,6620.0,0.0,0.0,0.0,3,11,No
PRV54354,25.0,75.0,100.0,89,9240.0,381.6,231000.0,28620.0,4.08,3.96,0.3333333333333333,4,16,Yes
PRV54355,2.0,14.0,16.0,10,5000.0,288.57142857142856,10000.0,4040.0,2.5,2.5,0.14285714285714285,1,5,No
PRV54356,15.0,16.0,31.0,24,12246.666666666666,729.375,183700.0,11670.0,4.6,4.6,0.9375,1,11,No
PRV54357,0.0,10.0,10.0,9,0.0,219.0,0.0,2190.0,0.0,0.0,0.0,2,6,No
PRV54358,0.0,43.0,43.0,30,0.0,305.8139534883721,0.0,13150.0,0.0,0.0,0.0,2,9,No
PRV54359,44.0,446.0,490.0,152,11000.0,224.68609865470853,484000.0,100210.0,4.818181818181818,4.818181818181818,0.09865470852017937,5,17,Yes
PRV54360,0.0,37.0,37.0,32,0.0,245.94594594594594,0.0,9100.0,0.0,0.0,0.0,3,11,No
PRV54361,7.0,33.0,40.0,27,10857.142857142857,231.5151515151515,76000.0,7640.0,7.428571428571429,7.428571428571429,0.21212121212121213,2,13,Yes
PRV54362,0.0,50.0,50.0,38,0.0,290.2,0.0,14510.0,0.0,0.0,0.0,1,13,No
PRV54363,12.0,52.0,64.0,47,9833.333333333334,359.61538461538464,118000.0,18700.0,5.75,5.75,0.23076923076923078,4,12,No
PRV54365,0.0,115.0,115.0,61,0.0,271.2173913043478,0.0,31190.0,0.0,0.0,0.0,2,8,No
PRV54367,322.0,314.0,636.0,558,9443.788819875776,296.11464968152865,3040900.0,92980.0,5.372670807453416,5.372670807453416,1.0254777070063694,18,83,Yes
PRV54368,4.0,106.0,110.0,98,2750.0,323.9622641509434,11000.0,34340.0,2.0,2.0,0.03773584905660377,5,27,No
PRV54370,0.0,181.0,181.0,113,0.0,233.53591160220995,0.0,42270.0,0.0,0.0,0.0,8,37,No
PRV54371,0.0,31.0,31.0,30,0.0,267.0967741935484,0.0,8280.0,0.0,0.0,0.0,3,13,No
PRV54372,21.0,1596.0,1617.0,805,9952.380952380952,290.7268170426065,209000.0,464000.0,6.238095238095238,6.238095238095238,0.013157894736842105,5,43,Yes
PRV54373,1.0,7.0,8.0,8,5000.0,118.57142857142857,5000.0,830.0,3.0,3.0,0.14285714285714285,1,5,No
PRV54374,0.0,854.0,854.0,455,0.0,327.89227166276345,0.0,280020.0,0.0,0.0,0.0,2,11,No
PRV54375,16.0,40.0,56.0,48,8187.5,324.75,131000.0,12990.0,6.375,6.375,0.4,2,24,No
PRV54377,2.0,18.0,20.0,19,14500.0,228.33333333333334,29000.0,4110.0,2.5,2.5,0.1111111111111111,5,12,No
PRV54378,18.0,61.0,79.0,58,10388.888888888889,221.47540983606558,187000.0,13510.0,5.388888888888889,5.388888888888889,0.29508196721311475,3,21,No
PRV54379,28.0,88.0,116.0,96,8785.714285714286,393.97727272727275,246000.0,34670.0,4.035714285714286,4.035714285714286,0.3181818181818182,1,29,No
PRV54380,2.0,10.0,12.0,11,8000.0,94.0,16000.0,940.0,10.0,10.0,0.2,3,6,No
PRV54381,13.0,116.0,129.0,124,10438.461538461539,238.8793103448276,135700.0,27710.0,4.3076923076923075,4.3076923076923075,0.11206896551724138,5,36,No
PRV54382,66.0,191.0,257.0,214,9909.39393939394,266.020942408377,654020.0,50810.0,5.2272727272727275,5.2272727272727275,0.34554973821989526,8,43,Yes
PRV54383,0.0,29.0,29.0,22,0.0,188.6206896551724,0.0,5470.0,0.0,0.0,0.0,1,8,No
PRV54384,2.0,26.0,28.0,27,18500.0,280.0,37000.0,7280.0,4.0,4.0,0.07692307692307693,2,9,No
PRV54387,0.0,415.0,415.0,235,0.0,274.0,0.0,113710.0,0.0,0.0,0.0,1,9,No
PRV54388,6.0,70.0,76.0,73,5000.0,269.14285714285717,30000.0,18840.0,5.0,5.0,0.08571428571428572,3,13,Yes
PRV54389,0.0,56.0,56.0,44,0.0,456.9642857142857,0.0,25590.0,0.0,0.0,0.0,4,17,No
PRV54390,38.0,57.0,95.0,86,8868.421052631578,276.49122807017545,337000.0,15760.0,7.2105263157894735,7.2105263157894735,0.6666666666666666,6,24,No
PRV54391,21.0,297.0,318.0,222,7523.809523809524,266.7676767676768,158000.0,79230.0,4.428571428571429,4.428571428571429,0.0707070707070707,6,58,Yes
PRV54392,0.0,35.0,35.0,33,0.0,138.85714285714286,0.0,4860.0,0.0,0.0,0.0,2,14,No
PRV54393,5.0,70.0,75.0,63,5400.0,301.2857142857143,27000.0,21090.0,7.2,7.2,0.07142857142857142,3,20,No
PRV54396,1.0,43.0,44.0,32,10000.0,391.6279069767442,10000.0,16840.0,5.0,5.0,0.023255813953488372,2,5,No
PRV54399,13.0,336.0,349.0,144,12384.615384615385,303.6904761904762,161000.0,102040.0,8.153846153846153,8.153846153846153,0.03869047619047619,2,7,Yes
PRV54400,0.0,96.0,96.0,88,0.0,291.9791666666667,0.0,28030.0,0.0,0.0,0.0,2,10,No
PRV54401,0.0,22.0,22.0,22,0.0,137.27272727272728,0.0,3020.0,0.0,0.0,0.0,3,9,No
PRV54402,6.0,50.0,56.0,50,9666.666666666666,330.4,58000.0,16520.0,4.5,4.5,0.12,2,8,No
PRV54403,0.0,12.0,12.0,11,0.0,156.66666666666666,0.0,1880.0,0.0,0.0,0.0,3,9,No
PRV54404,2.0,264.0,266.0,188,3000.0,291.969696969697,6000.0,77080.0,8.0,8.0,0.007575757575757576,4,23,No
PRV54407,0.0,19.0,19.0,16,0.0,133.68421052631578,0.0,2540.0,0.0,0.0,0.0,2,6,No
PRV54408,2.0,104.0,106.0,28,5000.0,414.8076923076923,10000.0,43140.0,3.5,3.5,0.019230769230769232,1,6,No
PRV54409,5.0,14.0,19.0,16,6400.0,225.71428571428572,32000.0,3160.0,3.6,3.6,0.35714285714285715,1,5,No
PRV54410,0.0,37.0,37.0,20,0.0,279.72972972972974,0.0,10350.0,0.0,0.0,0.0,1,4,No
PRV54411,1.0,21.0,22.0,16,2000.0,289.04761904761904,2000.0,6070.0,4.0,4.0,0.047619047619047616,1,4,No
PRV54412,0.0,70.0,70.0,43,0.0,175.42857142857142,0.0,12280.0,0.0,0.0,0.0,1,6,No
PRV54413,0.0,20.0,20.0,14,0.0,157.5,0.0,3150.0,0.0,0.0,0.0,1,5,No
PRV54414,1.0,29.0,30.0,18,13000.0,647.5862068965517,13000.0,18780.0,4.0,4.0,0.034482758620689655,1,6,No
PRV54415,0.0,27.0,27.0,16,0.0,264.0740740740741,0.0,7130.0,0.0,0.0,0.0,1,6,No
PRV54416,0.0,17.0,17.0,16,0.0,463.52941176470586,0.0,7880.0,0.0,0.0,0.0,1,6,No
PRV54419,0.0,28.0,28.0,27,0.0,177.5,0.0,4970.0,0.0,0.0,0.0,1,5,No
PRV54420,0.0,1.0,1.0,1,0.0,300.0,0.0,300.0,0.0,0.0,0.0,1,1,No
PRV54421,0.0,65.0,65.0,31,0.0,223.53846153846155,0.0,14530.0,0.0,0.0,0.0,2,6,No
PRV54422,0.0,15.0,15.0,12,0.0,183.33333333333334,0.0,2750.0,0.0,0.0,0.0,2,4,No
PRV54423,0.0,93.0,93.0,51,0.0,241.72043010752688,0.0,22480.0,0.0,0.0,0.0,1,9,No
PRV54424,0.0,2.0,2.0,2,0.0,75.0,0.0,150.0,0.0,0.0,0.0,2,2,No
PRV54425,4.0,14.0,18.0,13,18250.0,92.85714285714286,73000.0,1300.0,9.25,9.25,0.2857142857142857,2,3,No
PRV54426,9.0,15.0,24.0,20,10666.666666666666,292.6666666666667,96000.0,4390.0,5.888888888888889,5.888888888888889,0.6,1,5,No
PRV54427,0.0,62.0,62.0,20,0.0,189.3548387096774,0.0,11740.0,0.0,0.0,0.0,1,6,No
PRV54429,3.0,62.0,65.0,27,9666.666666666666,357.5806451612903,29000.0,22170.0,3.6666666666666665,3.6666666666666665,0.04838709677419355,1,4,No
PRV54430,0.0,64.0,64.0,30,0.0,201.5625,0.0,12900.0,0.0,0.0,0.0,1,6,No
PRV54431,0.0,9.0,9.0,9,0.0,175.55555555555554,0.0,1580.0,0.0,0.0,0.0,1,6,No
PRV54432,0.0,5.0,5.0,5,0.0,222.0,0.0,1110.0,0.0,0.0,0.0,1,3,No
PRV54433,0.0,14.0,14.0,12,0.0,288.57142857142856,0.0,4040.0,0.0,0.0,0.0,1,4,No
PRV54434,2.0,40.0,42.0,31,8500.0,295.75,17000.0,11830.0,18.0,18.0,0.05,1,6,No
PRV54435,0.0,11.0,11.0,8,0.0,389.09090909090907,0.0,4280.0,0.0,0.0,0.0,1,1,No
PRV54436,0.0,2.0,2.0,2,0.0,1100.0,0.0,2200.0,0.0,0.0,0.0,1,2,No
PRV54437,0.0,14.0,14.0,14,0.0,230.71428571428572,0.0,3230.0,0.0,0.0,0.0,1,5,No
PRV54438,0.0,272.0,272.0,98,0.0,226.5808823529412,0.0,61630.0,0.0,0.0,0.0,1,7,No
PRV54439,0.0,3.0,3.0,3,0.0,63.333333333333336,0.0,190.0,0.0,0.0,0.0,1,1,No
PRV54441,0.0,4.0,4.0,4,0.0,120.0,0.0,480.0,0.0,0.0,0.0,1,1,No
PRV54442,0.0,68.0,68.0,56,0.0,372.05882352941177,0.0,25300.0,0.0,0.0,0.0,1,1,No
PRV54443,0.0,61.0,61.0,51,0.0,445.9016393442623,0.0,27200.0,0.0,0.0,0.0,1,2,No
PRV54444,0.0,27.0,27.0,25,0.0,361.85185185185185,0.0,9770.0,0.0,0.0,0.0,1,2,No
PRV54448,0.0,23.0,23.0,23,0.0,292.17391304347825,0.0,6720.0,0.0,0.0,0.0,1,1,No
PRV54449,0.0,1.0,1.0,1,0.0,50.0,0.0,50.0,0.0,0.0,0.0,1,1,No
PRV54450,0.0,10.0,10.0,10,0.0,579.0,0.0,5790.0,0.0,0.0,0.0,1,1,No
PRV54451,0.0,13.0,13.0,13,0.0,639.2307692307693,0.0,8310.0,0.0,0.0,0.0,1,1,No
PRV54452,0.0,5.0,5.0,5,0.0,104.0,0.0,520.0,0.0,0.0,0.0,1,1,No
PRV54454,0.0,171.0,171.0,138,0.0,263.39181286549706,0.0,45040.0,0.0,0.0,0.0,2,4,No
PRV54455,0.0,6.0,6.0,6,0.0,231.66666666666666,0.0,1390.0,0.0,0.0,0.0,1,1,No
PRV54456,0.0,8.0,8.0,6,0.0,171.25,0.0,1370.0,0.0,0.0,0.0,1,1,No
PRV54457,0.0,16.0,16.0,8,0.0,138.75,0.0,2220.0,0.0,0.0,0.0,1,1,No
PRV54459,0.0,9.0,9.0,9,0.0,342.22222222222223,0.0,3080.0,0.0,0.0,0.0,1,1,No
PRV54460,5.0,0.0,5.0,5,9400.0,0.0,47000.0,0.0,4.4,4.4,5.0,1,3,No
PRV54461,12.0,0.0,12.0,12,12666.666666666666,0.0,152000.0,0.0,5.583333333333333,5.583333333333333,12.0,1,8,No
PRV54462,0.0,80.0,80.0,75,0.0,204.125,0.0,16330.0,0.0,0.0,0.0,2,6,No
PRV54463,0.0,3.0,3.0,3,0.0,670.0,0.0,2010.0,0.0,0.0,0.0,2,3,No
PRV54465,0.0,9.0,9.0,5,0.0,401.1111111111111,0.0,3610.0,0.0,0.0,0.0,1,2,No
PRV54466,0.0,3.0,3.0,3,0.0,40.0,0.0,120.0,0.0,0.0,0.0,1,2,No
PRV54467,0.0,7.0,7.0,5,0.0,197.14285714285714,0.0,1380.0,0.0,0.0,0.0,1,2,No
PRV54468,0.0,21.0,21.0,19,0.0,81.42857142857143,0.0,1710.0,0.0,0.0,0.0,1,5,No
PRV54469,0.0,11.0,11.0,10,0.0,299.09090909090907,0.0,3290.0,0.0,0.0,0.0,1,1,No
PRV54471,0.0,46.0,46.0,23,0.0,363.04347826086956,0.0,16700.0,0.0,0.0,0.0,1,4,No
PRV54472,0.0,32.0,32.0,19,0.0,509.375,0.0,16300.0,0.0,0.0,0.0,1,2,No
PRV54473,0.0,19.0,19.0,8,0.0,580.0,0.0,11020.0,0.0,0.0,0.0,1,4,No
PRV54475,0.0,151.0,151.0,60,0.0,285.5629139072848,0.0,43120.0,0.0,0.0,0.0,2,5,No
PRV54477,0.0,100.0,100.0,60,0.0,343.1,0.0,34310.0,0.0,0.0,0.0,1,7,No
PRV54478,0.0,64.0,64.0,47,0.0,337.34375,0.0,21590.0,0.0,0.0,0.0,2,9,No
PRV54479,0.0,17.0,17.0,9,0.0,508.2352941176471,0.0,8640.0,0.0,0.0,0.0,1,2,No
PRV54480,6.0,0.0,6.0,6,6666.666666666667,0.0,40000.0,0.0,3.5,3.5,6.0,1,4,No
PRV54481,0.0,8.0,8.0,8,0.0,236.25,0.0,1890.0,0.0,0.0,0.0,1,4,No
PRV54482,0.0,6.0,6.0,6,0.0,61.666666666666664,0.0,370.0,0.0,0.0,0.0,1,2,No
PRV54483,0.0,13.0,13.0,11,0.0,90.0,0.0,1170.0,0.0,0.0,0.0,1,2,No
PRV54486,0.0,28.0,28.0,19,0.0,286.07142857142856,0.0,8010.0,0.0,0.0,0.0,1,4,No
PRV54489,0.0,14.0,14.0,14,0.0,450.0,0.0,6300.0,0.0,0.0,0.0,1,4,No
PRV54490,0.0,23.0,23.0,19,0.0,93.91304347826087,0.0,2160.0,0.0,0.0,0.0,1,3,No
PRV54491,0.0,14.0,14.0,10,0.0,623.5714285714286,0.0,8730.0,0.0,0.0,0.0,1,2,No
PRV54496,0.0,8.0,8.0,7,0.0,295.0,0.0,2360.0,0.0,0.0,0.0,1,1,No
PRV54497,5.0,0.0,5.0,5,10200.0,0.0,51000.0,0.0,4.2,4.2,5.0,2,5,No
PRV54498,1.0,0.0,1.0,1,12000.0,0.0,12000.0,0.0,6.0,6.0,1.0,1,1,No
PRV54499,1.0,0.0,1.0,1,11000.0,0.0,11000.0,0.0,1.0,1.0,1.0,1,1,No
PRV54500,2.0,0.0,2.0,2,12500.0,0.0,25000.0,0.0,13.5,13.5,2.0,1,2,No
PRV54501,3.0,0.0,3.0,3,13333.333333333334,0.0,40000.0,0.0,3.0,3.0,3.0,2,3,No
PRV54502,3.0,0.0,3.0,3,18333.333333333332,0.0,55000.0,0.0,11.333333333333334,11.333333333333334,3.0,1,3,No
PRV54503,1.0,0.0,1.0,1,8000.0,0.0,8000.0,0.0,8.0,8.0,1.0,1,1,No
PRV54504,44.0,76.0,120.0,103,9463.636363636364,243.68421052631578,416400.0,18520.0,3.909090909090909,3.909090909090909,0.5789473684210527,8,23,Yes
PRV54505,5.0,33.0,38.0,24,10000.0,155.75757575757575,50000.0,5140.0,6.4,6.4,0.15151515151515152,1,4,Yes
PRV54506,3.0,131.0,134.0,75,7666.666666666667,256.25954198473283,23000.0,33570.0,2.0,2.0,0.022900763358778626,5,23,No
PRV54507,39.0,70.0,109.0,73,8717.948717948719,333.0,340000.0,23310.0,4.717948717948718,4.717948717948718,0.5571428571428572,5,26,No
PRV54508,0.0,90.0,90.0,75,0.0,366.77777777777777,0.0,33010.0,0.0,0.0,0.0,5,24,No
PRV54509,0.0,4.0,4.0,4,0.0,62.5,0.0,250.0,0.0,0.0,0.0,1,3,No
PRV54510,0.0,149.0,149.0,75,0.0,276.8456375838926,0.0,41250.0,0.0,0.0,0.0,5,12,No
PRV54511,0.0,32.0,32.0,30,0.0,271.5625,0.0,8690.0,0.0,0.0,0.0,3,8,No
PRV54514,48.0,339.0,387.0,305,11595.833333333334,257.8466076696165,556600.0,87410.0,5.583333333333333,5.583333333333333,0.1415929203539823,14,37,Yes
PRV54515,0.0,67.0,67.0,66,0.0,339.55223880597015,0.0,22750.0,0.0,0.0,0.0,9,20,No
PRV54517,0.0,45.0,45.0,16,0.0,125.77777777777777,0.0,5660.0,0.0,0.0,0.0,1,2,No
PRV54519,0.0,15.0,15.0,10,0.0,302.6666666666667,0.0,4540.0,0.0,0.0,0.0,1,3,No
PRV54520,0.0,15.0,15.0,11,0.0,538.6666666666666,0.0,8080.0,0.0,0.0,0.0,1,4,No
PRV54521,0.0,64.0,64.0,39,0.0,497.5,0.0,31840.0,0.0,0.0,0.0,2,6,No
PRV54522,0.0,2.0,2.0,2,0.0,1015.0,0.0,2030.0,0.0,0.0,0.0,1,1,No
PRV54523,0.0,1.0,1.0,1,0.0,90.0,0.0,90.0,0.0,0.0,0.0,1,1,No
PRV54524,0.0,21.0,21.0,16,0.0,135.23809523809524,0.0,2840.0,0.0,0.0,0.0,2,7,No
PRV54526,0.0,46.0,46.0,17,0.0,222.3913043478261,0.0,10230.0,0.0,0.0,0.0,1,6,No
PRV54528,0.0,23.0,23.0,9,0.0,248.2608695652174,0.0,5710.0,0.0,0.0,0.0,1,2,No
PRV54529,0.0,5.0,5.0,5,0.0,32.0,0.0,160.0,0.0,0.0,0.0,1,4,No
PRV54530,0.0,13.0,13.0,4,0.0,198.46153846153845,0.0,2580.0,0.0,0.0,0.0,1,2,No
PRV54531,1.0,29.0,30.0,26,5000.0,311.37931034482756,5000.0,9030.0,3.0,3.0,0.034482758620689655,4,7,No
PRV54535,0.0,34.0,34.0,29,0.0,208.52941176470588,0.0,7090.0,0.0,0.0,0.0,2,8,No
PRV54536,0.0,13.0,13.0,11,0.0,376.15384615384613,0.0,4890.0,0.0,0.0,0.0,1,5,No
PRV54537,0.0,60.0,60.0,20,0.0,374.5,0.0,22470.0,0.0,0.0,0.0,1,3,No
PRV54538,0.0,48.0,48.0,32,0.0,444.375,0.0,21330.0,0.0,0.0,0.0,1,5,No
PRV54539,0.0,69.0,69.0,43,0.0,262.7536231884058,0.0,18130.0,0.0,0.0,0.0,2,5,No
PRV54540,0.0,20.0,20.0,19,0.0,484.5,0.0,9690.0,0.0,0.0,0.0,4,5,Yes
PRV54541,2.0,5.0,7.0,6,2500.0,210.0,5000.0,1050.0,2.5,2.5,0.4,1,2,No
PRV54542,5.0,15.0,20.0,14,6600.0,161.33333333333334,33000.0,2420.0,6.4,6.4,0.3333333333333333,1,4,No
PRV54543,3.0,14.0,17.0,15,13000.0,178.57142857142858,39000.0,2500.0,10.333333333333334,10.333333333333334,0.21428571428571427,3,7,Yes
PRV54544,0.0,28.0,28.0,8,0.0,187.5,0.0,5250.0,0.0,0.0,0.0,1,3,No
PRV54545,0.0,2.0,2.0,1,0.0,90.0,0.0,180.0,0.0,0.0,0.0,1,1,No
PRV54546,0.0,6.0,6.0,6,0.0,151.66666666666666,0.0,910.0,0.0,0.0,0.0,1,1,No
PRV54547,0.0,3.0,3.0,3,0.0,180.0,0.0,540.0,0.0,0.0,0.0,1,1,No
PRV54548,0.0,12.0,12.0,7,0.0,157.5,0.0,1890.0,0.0,0.0,0.0,1,1,No
PRV54549,0.0,1.0,1.0,1,0.0,40.0,0.0,40.0,0.0,0.0,0.0,1,1,No
PRV54550,0.0,21.0,21.0,13,0.0,264.2857142857143,0.0,5550.0,0.0,0.0,0.0,1,2,No
PRV54551,0.0,7.0,7.0,5,0.0,280.0,0.0,1960.0,0.0,0.0,0.0,2,2,No
PRV54552,0.0,45.0,45.0,28,0.0,252.66666666666666,0.0,11370.0,0.0,0.0,0.0,1,4,No
PRV54553,0.0,18.0,18.0,12,0.0,207.77777777777777,0.0,3740.0,0.0,0.0,0.0,1,4,No
PRV54554,0.0,26.0,26.0,8,0.0,268.84615384615387,0.0,6990.0,0.0,0.0,0.0,1,1,No
PRV54555,6.0,0.0,6.0,6,8500.0,0.0,51000.0,0.0,7.0,7.0,6.0,1,3,No
PRV54557,0.0,564.0,564.0,263,0.0,279.9468085106383,0.0,157890.0,0.0,0.0,0.0,8,36,Yes
PRV54558,15.0,58.0,73.0,69,12000.0,309.82758620689657,180000.0,17970.0,6.2,6.2,0.25862068965517243,8,33,No
PRV54559,24.0,42.0,66.0,57,10208.333333333334,251.42857142857142,245000.0,10560.0,5.833333333333333,5.833333333333333,0.5714285714285714,3,26,No
PRV54560,40.0,58.0,98.0,87,11400.0,294.48275862068965,456000.0,17080.0,5.4,5.4,0.6896551724137931,5,26,Yes
PRV54561,25.0,161.0,186.0,102,8652.0,331.49068322981367,216300.0,53370.0,5.4,5.4,0.15527950310559005,3,30,No
PRV54562,0.0,206.0,206.0,75,0.0,279.1747572815534,0.0,57510.0,0.0,0.0,0.0,5,13,No
PRV54563,0.0,267.0,267.0,172,0.0,296.14232209737827,0.0,79070.0,0.0,0.0,0.0,3,14,No
PRV54564,0.0,803.0,803.0,330,0.0,286.1519302615193,0.0,229780.0,0.0,0.0,0.0,11,29,No
PRV54565,39.0,91.0,130.0,106,9948.71794871795,265.16483516483515,388000.0,24130.0,5.794871794871795,5.794871794871795,0.42857142857142855,6,38,No
PRV54566,40.0,268.0,308.0,247,17100.0,267.3880597014925,684000.0,71660.0,6.6,6.6,0.14925373134328357,11,58,Yes
PRV54567,6.0,51.0,57.0,34,18000.0,91.96078431372548,108000.0,4690.0,7.333333333333333,7.333333333333333,0.11764705882352941,2,12,No
PRV54568,5.0,51.0,56.0,46,8800.0,189.01960784313727,44000.0,9640.0,4.2,4.2,0.09803921568627451,3,19,No
PRV54569,12.0,51.0,63.0,42,15916.666666666666,359.80392156862746,191000.0,18350.0,4.75,4.75,0.23529411764705882,3,19,No
PRV54571,4.0,13.0,17.0,17,12000.0,200.76923076923077,48000.0,2610.0,6.25,6.25,0.3076923076923077,2,3,No
PRV54572,0.0,146.0,146.0,117,0.0,363.7671232876712,0.0,53110.0,0.0,0.0,0.0,3,10,No
PRV54573,0.0,22.0,22.0,14,0.0,270.90909090909093,0.0,5960.0,0.0,0.0,0.0,2,8,No
PRV54574,0.0,35.0,35.0,24,0.0,222.85714285714286,0.0,7800.0,0.0,0.0,0.0,2,10,No
PRV54575,33.0,240.0,273.0,155,13545.454545454546,237.83333333333334,447000.0,57080.0,7.151515151515151,7.151515151515151,0.1375,2,24,No
PRV54576,14.0,2.0,16.0,16,8071.428571428572,50.0,113000.0,100.0,6.285714285714286,6.285714285714286,7.0,1,9,No
PRV54577,45.0,16.0,61.0,56,10888.888888888889,250.625,490000.0,4010.0,5.533333333333333,5.533333333333333,2.8125,3,10,No
PRV54578,0.0,77.0,77.0,37,0.0,313.3766233766234,0.0,24130.0,0.0,0.0,0.0,2,5,No
PRV54579,0.0,2.0,2.0,2,0.0,645.0,0.0,1290.0,0.0,0.0,0.0,1,1,No
PRV54580,0.0,30.0,30.0,19,0.0,242.66666666666666,0.0,7280.0,0.0,0.0,0.0,2,7,No
PRV54581,0.0,11.0,11.0,9,0.0,196.36363636363637,0.0,2160.0,0.0,0.0,0.0,1,4,No
PRV54582,0.0,71.0,71.0,35,0.0,267.0422535211268,0.0,18960.0,0.0,0.0,0.0,3,11,No
PRV54585,0.0,75.0,75.0,34,0.0,301.6,0.0,22620.0,0.0,0.0,0.0,2,9,No
PRV54587,0.0,3.0,3.0,2,0.0,50.0,0.0,150.0,0.0,0.0,0.0,1,1,No
PRV54588,0.0,63.0,63.0,47,0.0,273.3333333333333,0.0,17220.0,0.0,0.0,0.0,1,5,No
PRV54589,0.0,11.0,11.0,5,0.0,154.54545454545453,0.0,1700.0,0.0,0.0,0.0,1,2,No
PRV54590,1.0,65.0,66.0,34,16000.0,195.3846153846154,16000.0,12700.0,2.0,2.0,0.015384615384615385,1,7,No
PRV54591,0.0,45.0,45.0,14,0.0,184.0,0.0,8280.0,0.0,0.0,0.0,1,5,No
PRV54593,0.0,35.0,35.0,22,0.0,313.14285714285717,0.0,10960.0,0.0,0.0,0.0,1,7,No
PRV54595,0.0,11.0,11.0,9,0.0,692.7272727272727,0.0,7620.0,0.0,0.0,0.0,1,4,No
PRV54596,0.0,64.0,64.0,20,0.0,257.65625,0.0,16490.0,0.0,0.0,0.0,1,4,No
PRV54597,0.0,15.0,15.0,10,0.0,333.3333333333333,0.0,5000.0,0.0,0.0,0.0,2,2,No
PRV54598,0.0,9.0,9.0,7,0.0,112.22222222222223,0.0,1010.0,0.0,0.0,0.0,1,4,No
PRV54599,0.0,17.0,17.0,11,0.0,224.7058823529412,0.0,3820.0,0.0,0.0,0.0,2,3,No
PRV54601,0.0,11.0,11.0,6,0.0,64.54545454545455,0.0,710.0,0.0,0.0,0.0,2,3,No
PRV54602,0.0,14.0,14.0,13,0.0,122.14285714285714,0.0,1710.0,0.0,0.0,0.0,1,5,No
PRV54603,0.0,57.0,57.0,32,0.0,283.859649122807,0.0,16180.0,0.0,0.0,0.0,1,6,No
PRV54604,0.0,38.0,38.0,15,0.0,216.8421052631579,0.0,8240.0,0.0,0.0,0.0,2,6,No
PRV54606,0.0,8.0,8.0,8,0.0,188.75,0.0,1510.0,0.0,0.0,0.0,2,4,No
PRV54608,0.0,33.0,33.0,10,0.0,322.72727272727275,0.0,10650.0,0.0,0.0,0.0,1,3,No
PRV54609,0.0,45.0,45.0,14,0.0,381.3333333333333,0.0,17160.0,0.0,0.0,0.0,1,3,No
PRV54610,0.0,45.0,45.0,21,0.0,321.55555555555554,0.0,14470.0,0.0,0.0,0.0,1,5,No
PRV54611,1.0,5.0,6.0,6,4000.0,152.0,4000.0,760.0,2.0,2.0,0.2,2,3,No
PRV54612,0.0,12.0,12.0,4,0.0,93.33333333333333,0.0,1120.0,0.0,0.0,0.0,1,3,No
PRV54614,0.0,15.0,15.0,8,0.0,96.0,0.0,1440.0,0.0,0.0,0.0,2,4,No
PRV54615,0.0,5.0,5.0,2,0.0,62.0,0.0,310.0,0.0,0.0,0.0,1,2,No
PRV54616,2.0,3.0,5.0,5,11500.0,103.33333333333333,23000.0,310.0,4.0,4.0,0.6666666666666666,2,3,No
PRV54618,0.0,32.0,32.0,18,0.0,318.75,0.0,10200.0,0.0,0.0,0.0,3,7,No
PRV54619,0.0,33.0,33.0,21,0.0,294.24242424242425,0.0,9710.0,0.0,0.0,0.0,1,3,No
PRV54620,7.0,6.0,13.0,12,10428.57142857143,253.33333333333334,73000.0,1520.0,3.857142857142857,3.857142857142857,1.1666666666666667,1,5,No
PRV54621,0.0,1.0,1.0,1,0.0,900.0,0.0,900.0,0.0,0.0,0.0,1,1,No
PRV54622,0.0,10.0,10.0,8,0.0,89.0,0.0,890.0,0.0,0.0,0.0,1,3,No
PRV54623,0.0,43.0,43.0,11,0.0,186.74418604651163,0.0,8030.0,0.0,0.0,0.0,1,4,No
PRV54624,0.0,10.0,10.0,8,0.0,1018.0,0.0,10180.0,0.0,0.0,0.0,2,4,No
PRV54625,0.0,16.0,16.0,7,0.0,455.625,0.0,7290.0,0.0,0.0,0.0,1,1,No
PRV54627,0.0,26.0,26.0,13,0.0,212.69230769230768,0.0,5530.0,0.0,0.0,0.0,1,3,No
PRV54628,0.0,4.0,4.0,4,0.0,385.0,0.0,1540.0,0.0,0.0,0.0,1,3,No
PRV54629,0.0,3.0,3.0,3,0.0,193.33333333333334,0.0,580.0,0.0,0.0,0.0,1,2,No
PRV54630,0.0,85.0,85.0,23,0.0,302.11764705882354,0.0,25680.0,0.0,0.0,0.0,1,3,No
PRV54633,0.0,12.0,12.0,6,0.0,119.16666666666667,0.0,1430.0,0.0,0.0,0.0,1,1,No
PRV54634,0.0,32.0,32.0,23,0.0,190.9375,0.0,6110.0,0.0,0.0,0.0,1,6,No
PRV54635,0.0,33.0,33.0,11,0.0,199.6969696969697,0.0,6590.0,0.0,0.0,0.0,1,3,No
PRV54636,0.0,76.0,76.0,51,0.0,348.6842105263158,0.0,26500.0,0.0,0.0,0.0,1,3,No
PRV54637,13.0,0.0,13.0,12,17384.615384615383,0.0,226000.0,0.0,7.3076923076923075,7.3076923076923075,13.0,1,3,No
PRV54638,6.0,0.0,6.0,6,13666.666666666666,0.0,82000.0,0.0,3.5,3.5,6.0,2,3,No
PRV54639,13.0,0.0,13.0,12,8461.538461538461,0.0,110000.0,0.0,4.0,4.0,13.0,1,5,No
PRV54640,7.0,12.0,19.0,19,10285.714285714286,188.33333333333334,72000.0,2260.0,7.0,7.0,0.5833333333333334,3,6,No
PRV54642,0.0,49.0,49.0,46,0.0,287.9591836734694,0.0,14110.0,0.0,0.0,0.0,7,11,No
PRV54643,0.0,18.0,18.0,18,0.0,465.55555555555554,0.0,8380.0,0.0,0.0,0.0,4,8,No
PRV54644,22.0,46.0,68.0,66,8818.181818181818,399.3478260869565,194000.0,18370.0,3.590909090909091,3.590909090909091,0.4782608695652174,6,26,Yes
PRV54645,0.0,2.0,2.0,2,0.0,505.0,0.0,1010.0,0.0,0.0,0.0,1,2,No
PRV54646,0.0,23.0,23.0,13,0.0,486.0869565217391,0.0,11180.0,0.0,0.0,0.0,1,1,No
PRV54649,22.0,53.0,75.0,73,13727.272727272728,246.79245283018867,302000.0,13080.0,7.2727272727272725,7.2727272727272725,0.41509433962264153,4,22,Yes
PRV54651,21.0,70.0,91.0,87,12857.142857142857,310.85714285714283,270000.0,21760.0,5.904761904761905,5.904761904761905,0.3,8,17,Yes
PRV54652,0.0,38.0,38.0,33,0.0,316.3157894736842,0.0,12020.0,0.0,0.0,0.0,2,9,No
PRV54653,40.0,30.0,70.0,61,9275.0,224.66666666666666,371000.0,6740.0,5.25,5.25,1.3333333333333333,3,10,No
PRV54656,0.0,35.0,35.0,35,0.0,325.14285714285717,0.0,11380.0,0.0,0.0,0.0,6,12,No
PRV54657,17.0,29.0,46.0,46,16882.352941176472,180.0,287000.0,5220.0,3.8823529411764706,3.8823529411764706,0.5862068965517241,8,15,No
PRV54658,27.0,58.0,85.0,85,6481.481481481482,303.1034482758621,175000.0,17580.0,4.0,4.0,0.46551724137931033,14,25,No
PRV54660,0.0,24.0,24.0,21,0.0,212.91666666666666,0.0,5110.0,0.0,0.0,0.0,4,6,No
PRV54661,3.0,16.0,19.0,19,28000.0,262.5,84000.0,4200.0,5.666666666666667,5.666666666666667,0.1875,2,6,No
PRV54662,3.0,42.0,45.0,44,5666.666666666667,204.52380952380952,17000.0,8590.0,4.333333333333333,4.333333333333333,0.07142857142857142,8,14,No
PRV54664,0.0,2.0,2.0,2,0.0,600.0,0.0,1200.0,0.0,0.0,0.0,1,2,No
PRV54666,1.0,4.0,5.0,5,10000.0,327.5,10000.0,1310.0,10.0,10.0,0.25,1,3,No
PRV54667,9.0,157.0,166.0,66,8066.666666666667,408.21656050955414,72600.0,64090.0,7.555555555555555,7.555555555555555,0.05732484076433121,5,9,No
PRV54668,1.0,305.0,306.0,261,3000.0,305.08196721311475,3000.0,93050.0,0.0,0.0,0.003278688524590164,7,15,No
PRV54670,0.0,159.0,159.0,115,0.0,247.61006289308176,0.0,39370.0,0.0,0.0,0.0,2,10,No
PRV54671,0.0,3.0,3.0,1,0.0,306.6666666666667,0.0,920.0,0.0,0.0,0.0,1,1,No
PRV54672,0.0,10.0,10.0,7,0.0,420.0,0.0,4200.0,0.0,0.0,0.0,1,1,No
PRV54673,1.0,0.0,1.0,1,6000.0,0.0,6000.0,0.0,13.0,13.0,1.0,1,1,No
PRV54674,3.0,0.0,3.0,3,9000.0,0.0,27000.0,0.0,10.0,10.0,3.0,1,2,No
PRV54675,37.0,0.0,37.0,34,11405.405405405405,0.0,422000.0,0.0,5.054054054054054,5.054054054054054,37.0,3,3,Yes
PRV54676,40.0,0.0,40.0,36,9380.0,0.0,375200.0,0.0,5.125,5.125,40.0,3,4,Yes
PRV54677,0.0,27.0,27.0,15,0.0,602.5925925925926,0.0,16270.0,0.0,0.0,0.0,1,3,No
PRV54678,0.0,15.0,15.0,7,0.0,456.6666666666667,0.0,6850.0,0.0,0.0,0.0,1,2,No
PRV54679,1.0,0.0,1.0,1,7000.0,0.0,7000.0,0.0,5.0,5.0,1.0,1,1,No
PRV54680,18.0,0.0,18.0,17,14277.777777777777,0.0,257000.0,0.0,7.277777777777778,7.277777777777778,18.0,3,4,Yes
PRV54681,0.0,301.0,301.0,285,0.0,211.9269102990033,0.0,63790.0,0.0,0.0,0.0,17,39,No
PRV54682,6.0,90.0,96.0,88,5500.0,274.3333333333333,33000.0,24690.0,2.8333333333333335,2.8333333333333335,0.06666666666666667,9,18,No
PRV54683,0.0,462.0,462.0,406,0.0,268.0735930735931,0.0,123850.0,0.0,0.0,0.0,11,21,No
PRV54684,0.0,133.0,133.0,128,0.0,326.01503759398497,0.0,43360.0,0.0,0.0,0.0,8,21,No
PRV54685,0.0,145.0,145.0,139,0.0,276.8965517241379,0.0,40150.0,0.0,0.0,0.0,6,15,No
PRV54686,14.0,143.0,157.0,125,7571.428571428572,277.06293706293707,106000.0,39620.0,4.142857142857143,4.142857142857143,0.0979020979020979,7,16,No
PRV54687,0.0,18.0,18.0,18,0.0,521.6666666666666,0.0,9390.0,0.0,0.0,0.0,5,9,No
PRV54688,11.0,1021.0,1032.0,481,13000.0,253.33986287952987,143000.0,258660.0,4.0,4.0,0.010773751224289911,5,16,Yes
PRV54689,0.0,20.0,20.0,20,0.0,103.5,0.0,2070.0,0.0,0.0,0.0,3,7,No
PRV54690,0.0,840.0,840.0,366,0.0,267.8095238095238,0.0,224960.0,0.0,0.0,0.0,4,12,No
PRV54691,7.0,60.0,67.0,66,12000.0,238.5,84000.0,14310.0,6.571428571428571,6.571428571428571,0.11666666666666667,5,12,No
PRV54692,48.0,24.0,72.0,62,7729.166666666667,203.33333333333334,371000.0,4880.0,4.833333333333333,4.833333333333333,2.0,4,11,Yes
PRV54693,2.0,50.0,52.0,51,7500.0,498.6,15000.0,24930.0,6.5,6.5,0.04,5,11,No
PRV54694,0.0,330.0,330.0,155,0.0,275.030303030303,0.0,90760.0,0.0,0.0,0.0,5,15,No
PRV54695,0.0,53.0,53.0,53,0.0,297.1698113207547,0.0,15750.0,0.0,0.0,0.0,5,10,No
PRV54696,6.0,65.0,71.0,63,19666.666666666668,325.38461538461536,118000.0,21150.0,6.833333333333333,6.833333333333333,0.09230769230769231,4,6,No
PRV54697,1.0,7.0,8.0,8,10000.0,125.71428571428571,10000.0,880.0,5.0,5.0,0.14285714285714285,3,4,No
PRV54699,0.0,4.0,4.0,4,0.0,90.0,0.0,360.0,0.0,0.0,0.0,3,3,No
PRV54701,0.0,6.0,6.0,5,0.0,218.33333333333334,0.0,1310.0,0.0,0.0,0.0,3,4,No
PRV54703,0.0,11.0,11.0,11,0.0,60.0,0.0,660.0,0.0,0.0,0.0,2,4,No
PRV54704,0.0,161.0,161.0,115,0.0,277.70186335403724,0.0,44710.0,0.0,0.0,0.0,4,9,No
PRV54705,20.0,237.0,257.0,119,8200.0,235.18987341772151,164000.0,55740.0,5.85,5.85,0.08438818565400844,5,11,No
PRV54707,0.0,9.0,9.0,8,0.0,142.22222222222223,0.0,1280.0,0.0,0.0,0.0,1,1,No
PRV54708,0.0,8.0,8.0,8,0.0,335.0,0.0,2680.0,0.0,0.0,0.0,1,1,No
PRV54710,0.0,2.0,2.0,2,0.0,430.0,0.0,860.0,0.0,0.0,0.0,2,2,No
PRV54711,0.0,2.0,2.0,2,0.0,20.0,0.0,40.0,0.0,0.0,0.0,1,1,No
PRV54712,0.0,14.0,14.0,13,0.0,532.8571428571429,0.0,7460.0,0.0,0.0,0.0,1,1,No
PRV54713,0.0,17.0,17.0,17,0.0,104.11764705882354,0.0,1770.0,0.0,0.0,0.0,2,2,No
PRV54714,0.0,10.0,10.0,10,0.0,248.0,0.0,2480.0,0.0,0.0,0.0,1,1,No
PRV54715,0.0,19.0,19.0,18,0.0,362.63157894736844,0.0,6890.0,0.0,0.0,0.0,1,3,No
PRV54716,0.0,141.0,141.0,55,0.0,278.29787234042556,0.0,39240.0,0.0,0.0,0.0,1,2,No
PRV54717,0.0,3.0,3.0,3,0.0,800.0,0.0,2400.0,0.0,0.0,0.0,1,1,No
PRV54718,29.0,0.0,29.0,24,10413.793103448275,0.0,302000.0,0.0,6.137931034482759,6.137931034482759,29.0,2,6,Yes
PRV54720,9.0,0.0,9.0,9,14111.111111111111,0.0,127000.0,0.0,3.888888888888889,3.888888888888889,9.0,1,2,No
PRV54723,0.0,90.0,90.0,86,0.0,270.55555555555554,0.0,24350.0,0.0,0.0,0.0,4,19,No
PRV54724,48.0,23.0,71.0,67,10187.5,289.1304347826087,489000.0,6650.0,5.9375,5.9375,2.0869565217391304,3,11,No
PRV54725,0.0,116.0,116.0,112,0.0,299.13793103448273,0.0,34700.0,0.0,0.0,0.0,11,22,No
PRV54726,2.0,32.0,34.0,34,13500.0,196.5625,27000.0,6290.0,6.0,6.0,0.0625,3,11,No
PRV54727,0.0,59.0,59.0,59,0.0,411.35593220338984,0.0,24270.0,0.0,0.0,0.0,6,21,No
PRV54728,2.0,9.0,11.0,11,5000.0,410.0,10000.0,3690.0,6.0,6.0,0.2222222222222222,1,6,No
PRV54730,0.0,40.0,40.0,39,0.0,236.25,0.0,9450.0,0.0,0.0,0.0,4,12,No
PRV54734,0.0,138.0,138.0,127,0.0,310.6521739130435,0.0,42870.0,0.0,0.0,0.0,5,16,No
PRV54735,5.0,33.0,38.0,38,7800.0,627.5757575757576,39000.0,20710.0,6.8,6.8,0.15151515151515152,3,14,No
PRV54737,13.0,22.0,35.0,35,12384.615384615385,386.8181818181818,161000.0,8510.0,5.615384615384615,5.615384615384615,0.5909090909090909,4,16,No
PRV54739,45.0,141.0,186.0,180,13288.888888888889,245.74468085106383,598000.0,34650.0,6.666666666666667,6.666666666666667,0.3191489361702128,7,27,Yes
PRV54741,0.0,177.0,177.0,171,0.0,269.2090395480226,0.0,47650.0,0.0,0.0,0.0,8,24,No
PRV54742,231.0,1661.0,1892.0,989,10822.077922077922,282.739313666466,2499900.0,469630.0,5.597402597402597,5.597402597402597,0.1390728476821192,7,35,Yes
PRV54743,7.0,73.0,80.0,77,9857.142857142857,253.013698630137,69000.0,18470.0,9.142857142857142,9.142857142857142,0.0958904109589041,6,17,Yes
PRV54745,10.0,818.0,828.0,502,8000.0,263.7408312958435,80000.0,215740.0,5.4,5.4,0.012224938875305624,4,25,No
PRV54747,0.0,21.0,21.0,20,0.0,258.0952380952381,0.0,5420.0,0.0,0.0,0.0,3,8,No
PRV54748,0.0,85.0,85.0,83,0.0,377.7647058823529,0.0,32110.0,0.0,0.0,0.0,4,15,No
PRV54753,0.0,16.0,16.0,16,0.0,486.25,0.0,7780.0,0.0,0.0,0.0,1,6,No
PRV54756,3.0,16.0,19.0,19,3666.6666666666665,399.375,11000.0,6390.0,2.3333333333333335,2.3333333333333335,0.1875,2,9,No
PRV54757,15.0,50.0,65.0,65,7000.0,245.8,105000.0,12290.0,5.2,5.2,0.3,7,23,No
PRV54758,0.0,95.0,95.0,93,0.0,270.42105263157896,0.0,25690.0,0.0,0.0,0.0,9,24,No
PRV54759,5.0,39.0,44.0,44,6800.0,285.64102564102564,34000.0,11140.0,4.2,4.2,0.1282051282051282,6,16,No
PRV54760,24.0,7.0,31.0,29,8083.333333333333,155.71428571428572,194000.0,1090.0,5.125,5.125,3.4285714285714284,2,8,No
PRV54761,0.0,822.0,822.0,483,0.0,262.82238442822387,0.0,216040.0,0.0,0.0,0.0,4,17,No
PRV54763,0.0,34.0,34.0,33,0.0,346.1764705882353,0.0,11770.0,0.0,0.0,0.0,3,11,No
PRV54764,13.0,38.0,51.0,48,11615.384615384615,291.57894736842104,151000.0,11080.0,5.0,5.0,0.34210526315789475,7,20,No
PRV54765,196.0,43.0,239.0,201,10132.65306122449,337.2093023255814,1986000.0,14500.0,4.974489795918367,4.974489795918367,4.558139534883721,8,20,Yes
PRV54767,8.0,55.0,63.0,62,5875.0,274.1818181818182,47000.0,15080.0,4.125,4.125,0.14545454545454545,3,15,No
PRV54768,7.0,25.0,32.0,31,10285.714285714286,296.8,72000.0,7420.0,4.142857142857143,4.142857142857143,0.28,5,11,No
PRV54771,12.0,73.0,85.0,80,12583.333333333334,281.64383561643837,151000.0,20560.0,4.916666666666667,4.916666666666667,0.1643835616438356,6,21,Yes
PRV54772,109.0,2006.0,2115.0,1061,10273.394495412844,314.81555333998006,1119800.0,631520.0,6.018348623853211,6.036697247706422,0.054336989032901295,11,36,Yes
PRV54773,10.0,24.0,34.0,34,15600.0,175.41666666666666,156000.0,4210.0,8.6,8.6,0.4166666666666667,4,14,No
PRV54774,5.0,483.0,488.0,264,12000.0,296.41821946169773,60000.0,143170.0,5.4,5.4,0.010351966873706004,4,27,No
PRV54776,5.0,32.0,37.0,37,6000.0,232.8125,30000.0,7450.0,1.6,1.6,0.15625,6,14,No
PRV54778,64.0,1608.0,1672.0,857,8343.75,288.65671641791045,534000.0,464160.0,5.25,5.25,0.03980099502487562,4,20,Yes
PRV54779,9.0,22.0,31.0,31,12333.333333333334,440.0,111000.0,9680.0,5.555555555555555,5.555555555555555,0.4090909090909091,5,14,No
PRV54780,0.0,21.0,21.0,21,0.0,235.71428571428572,0.0,4950.0,0.0,0.0,0.0,3,6,No
PRV54781,71.0,134.0,205.0,189,10436.61971830986,265.3731343283582,741000.0,35560.0,6.676056338028169,6.676056338028169,0.5298507462686567,5,30,Yes
PRV54783,0.0,28.0,28.0,26,0.0,733.2142857142857,0.0,20530.0,0.0,0.0,0.0,3,9,No
PRV54784,0.0,9.0,9.0,9,0.0,168.88888888888889,0.0,1520.0,0.0,0.0,0.0,2,4,No
PRV54785,2.0,6.0,8.0,8,12000.0,388.3333333333333,24000.0,2330.0,7.0,7.0,0.3333333333333333,1,6,No
PRV54786,0.0,1316.0,1316.0,697,0.0,316.03343465045594,0.0,415900.0,0.0,0.0,0.0,4,18,Yes
PRV54787,24.0,53.0,77.0,76,11750.0,298.49056603773585,282000.0,15820.0,4.083333333333333,4.083333333333333,0.4528301886792453,4,21,No
PRV54789,3.0,0.0,3.0,3,10000.0,0.0,30000.0,0.0,4.333333333333333,4.333333333333333,3.0,1,2,No
PRV54790,0.0,8.0,8.0,8,0.0,445.0,0.0,3560.0,0.0,0.0,0.0,1,2,No
PRV54792,0.0,22.0,22.0,22,0.0,245.0,0.0,5390.0,0.0,0.0,0.0,1,2,No
PRV54793,0.0,10.0,10.0,5,0.0,382.0,0.0,3820.0,0.0,0.0,0.0,2,2,No
PRV54794,0.0,3.0,3.0,3,0.0,150.0,0.0,450.0,0.0,0.0,0.0,1,2,No
PRV54795,0.0,21.0,21.0,21,0.0,357.6190476190476,0.0,7510.0,0.0,0.0,0.0,1,2,No
PRV54796,0.0,2.0,2.0,2,0.0,850.0,0.0,1700.0,0.0,0.0,0.0,1,1,No
PRV54798,0.0,5.0,5.0,5,0.0,58.0,0.0,290.0,0.0,0.0,0.0,1,1,No
PRV54799,0.0,1.0,1.0,1,0.0,100.0,0.0,100.0,0.0,0.0,0.0,1,1,No
PRV54800,0.0,2.0,2.0,2,0.0,250.0,0.0,500.0,0.0,0.0,0.0,2,2,No
PRV54802,0.0,17.0,17.0,17,0.0,104.11764705882354,0.0,1770.0,0.0,0.0,0.0,1,1,No
PRV54803,0.0,3.0,3.0,3,0.0,626.6666666666666,0.0,1880.0,0.0,0.0,0.0,1,2,No
PRV54805,0.0,5.0,5.0,5,0.0,54.0,0.0,270.0,0.0,0.0,0.0,1,1,No
PRV54806,0.0,75.0,75.0,56,0.0,177.33333333333334,0.0,13300.0,0.0,0.0,0.0,1,1,No
PRV54808,0.0,32.0,32.0,32,0.0,473.125,0.0,15140.0,0.0,0.0,0.0,1,2,Yes
PRV54809,0.0,55.0,55.0,53,0.0,384.90909090909093,0.0,21170.0,0.0,0.0,0.0,1,3,No
PRV54810,0.0,7.0,7.0,7,0.0,542.8571428571429,0.0,3800.0,0.0,0.0,0.0,1,1,No
PRV54812,12.0,0.0,12.0,12,13000.0,0.0,156000.0,0.0,5.833333333333333,5.833333333333333,12.0,1,3,No
PRV54813,0.0,1056.0,1056.0,711,0.0,284.1193181818182,0.0,300030.0,0.0,0.0,0.0,3,18,No
PRV54814,0.0,82.0,82.0,72,0.0,253.53658536585365,0.0,20790.0,0.0,0.0,0.0,1,2,No
PRV54817,1.0,0.0,1.0,1,7000.0,0.0,7000.0,0.0,19.0,19.0,1.0,1,1,No
PRV54818,5.0,0.0,5.0,5,9200.0,0.0,46000.0,0.0,3.0,3.0,5.0,1,2,No
PRV54819,23.0,2.0,25.0,23,6869.565217391304,55.0,158000.0,110.0,4.739130434782608,4.739130434782608,11.5,1,4,No
PRV54820,1.0,0.0,1.0,1,12000.0,0.0,12000.0,0.0,2.0,2.0,1.0,1,1,No
PRV54821,7.0,0.0,7.0,7,5571.428571428572,0.0,39000.0,0.0,4.571428571428571,4.571428571428571,7.0,1,3,No
PRV54822,16.0,0.0,16.0,16,8500.0,0.0,136000.0,0.0,6.125,6.125,16.0,1,1,Yes
PRV54824,10.0,0.0,10.0,10,10000.0,0.0,100000.0,0.0,6.5,6.5,10.0,1,2,No
PRV54827,0.0,17.0,17.0,12,0.0,151.1764705882353,0.0,2570.0,0.0,0.0,0.0,1,2,No
PRV54828,3.0,57.0,60.0,22,29333.333333333332,414.2105263157895,88000.0,23610.0,13.666666666666666,13.666666666666666,0.05263157894736842,4,6,Yes
PRV54829,0.0,75.0,75.0,55,0.0,281.8666666666667,0.0,21140.0,0.0,0.0,0.0,4,11,No
PRV54830,1.0,10.0,11.0,11,13000.0,81.0,13000.0,810.0,8.0,8.0,0.1,3,4,No
PRV54831,4.0,13.0,17.0,17,7750.0,233.84615384615384,31000.0,3040.0,3.5,3.5,0.3076923076923077,6,7,No
PRV54832,5.0,55.0,60.0,58,17200.0,168.0,86000.0,9240.0,3.8,3.8,0.09090909090909091,4,9,Yes
PRV54833,0.0,88.0,88.0,48,0.0,215.9090909090909,0.0,19000.0,0.0,0.0,0.0,2,6,No
PRV54834,6.0,10.0,16.0,15,9500.0,230.0,57000.0,2300.0,2.5,2.5,0.6,2,7,No
PRV54836,0.0,8.0,8.0,8,0.0,425.0,0.0,3400.0,0.0,0.0,0.0,3,4,No
PRV54837,0.0,1843.0,1843.0,728,0.0,284.35160065111234,0.0,524060.0,0.0,0.0,0.0,11,45,Yes
PRV54838,0.0,58.0,58.0,31,0.0,186.20689655172413,0.0,10800.0,0.0,0.0,0.0,2,9,No
PRV54840,0.0,26.0,26.0,21,0.0,250.76923076923077,0.0,6520.0,0.0,0.0,0.0,2,2,No
PRV54841,3.0,3.0,6.0,5,16666.666666666668,83.33333333333333,50000.0,250.0,3.0,3.0,1.0,2,3,No
PRV54842,3.0,127.0,130.0,59,5666.666666666667,357.6377952755906,17000.0,45420.0,3.3333333333333335,3.3333333333333335,0.023622047244094488,3,7,No
PRV54845,8.0,33.0,41.0,36,12000.0,129.6969696969697,96000.0,4280.0,8.0,8.0,0.24242424242424243,4,8,Yes
PRV54846,9.0,33.0,42.0,40,12444.444444444445,179.6969696969697,112000.0,5930.0,2.888888888888889,2.888888888888889,0.2727272727272727,6,12,No
PRV54847,10.0,286.0,296.0,135,6550.0,219.23076923076923,65500.0,62700.0,6.4,6.4,0.03496503496503497,8,23,No
PRV54848,24.0,4.0,28.0,26,9958.333333333334,67.5,239000.0,270.0,7.916666666666667,7.916666666666667,6.0,2,5,No
PRV54849,0.0,12.0,12.0,12,0.0,132.5,0.0,1590.0,0.0,0.0,0.0,3,8,No
PRV54852,0.0,180.0,180.0,82,0.0,285.6666666666667,0.0,51420.0,0.0,0.0,0.0,2,5,No
PRV54854,0.0,131.0,131.0,55,0.0,302.7480916030534,0.0,39660.0,0.0,0.0,0.0,2,4,No
PRV54855,0.0,212.0,212.0,129,0.0,268.5377358490566,0.0,56930.0,0.0,0.0,0.0,4,24,No
PRV54856,0.0,1.0,1.0,1,0.0,40.0,0.0,40.0,0.0,0.0,0.0,1,1,No
PRV54859,0.0,25.0,25.0,6,0.0,490.0,0.0,12250.0,0.0,0.0,0.0,2,2,No
PRV54860,0.0,21.0,21.0,8,0.0,670.4761904761905,0.0,14080.0,0.0,0.0,0.0,1,2,No
PRV54861,0.0,43.0,43.0,32,0.0,150.0,0.0,6450.0,0.0,0.0,0.0,2,4,No
PRV54862,0.0,7.0,7.0,1,0.0,504.2857142857143,0.0,3530.0,0.0,0.0,0.0,1,1,No
PRV54863,0.0,6.0,6.0,6,0.0,190.0,0.0,1140.0,0.0,0.0,0.0,1,2,No
PRV54864,0.0,5.0,5.0,5,0.0,172.0,0.0,860.0,0.0,0.0,0.0,1,2,No
PRV54865,0.0,6.0,6.0,6,0.0,101.66666666666667,0.0,610.0,0.0,0.0,0.0,1,1,No
PRV54866,0.0,2.0,2.0,2,0.0,20.0,0.0,40.0,0.0,0.0,0.0,1,1,No
PRV54867,0.0,3.0,3.0,3,0.0,1183.3333333333333,0.0,3550.0,0.0,0.0,0.0,1,1,No
PRV54868,0.0,105.0,105.0,91,0.0,240.1904761904762,0.0,25220.0,0.0,0.0,0.0,2,2,No
PRV54869,0.0,8.0,8.0,8,0.0,118.75,0.0,950.0,0.0,0.0,0.0,1,2,No
PRV54870,0.0,8.0,8.0,8,0.0,135.0,0.0,1080.0,0.0,0.0,0.0,1,3,No
PRV54871,0.0,10.0,10.0,8,0.0,326.0,0.0,3260.0,0.0,0.0,0.0,1,2,No
PRV54873,0.0,8.0,8.0,8,0.0,52.5,0.0,420.0,0.0,0.0,0.0,1,1,No
PRV54875,20.0,0.0,20.0,19,8600.0,0.0,172000.0,0.0,9.15,9.15,20.0,1,8,Yes
PRV54876,3.0,0.0,3.0,3,19333.333333333332,0.0,58000.0,0.0,10.666666666666666,10.666666666666666,3.0,2,2,Yes
PRV54877,0.0,70.0,70.0,63,0.0,375.57142857142856,0.0,26290.0,0.0,0.0,0.0,3,9,No
PRV54878,1.0,15.0,16.0,15,5000.0,282.6666666666667,5000.0,4240.0,1.0,1.0,0.06666666666666667,1,6,No
PRV54879,60.0,185.0,245.0,197,9838.333333333334,288.7567567567568,590300.0,53420.0,5.133333333333334,5.133333333333334,0.32432432432432434,2,13,Yes
PRV54881,33.0,6.0,39.0,39,8809.09090909091,635.0,290700.0,3810.0,5.696969696969697,5.696969696969697,5.5,3,7,No
PRV54882,32.0,221.0,253.0,220,9656.25,274.57013574660635,309000.0,60680.0,6.3125,6.3125,0.14479638009049775,8,40,Yes
PRV54883,1.0,0.0,1.0,1,13000.0,0.0,13000.0,0.0,7.0,7.0,1.0,1,1,No
PRV54885,36.0,280.0,316.0,289,9722.222222222223,219.28571428571428,350000.0,61400.0,6.694444444444445,6.694444444444445,0.12857142857142856,11,41,No
PRV54886,0.0,9.0,9.0,9,0.0,882.2222222222222,0.0,7940.0,0.0,0.0,0.0,1,5,No
PRV54887,0.0,143.0,143.0,126,0.0,341.1188811188811,0.0,48780.0,0.0,0.0,0.0,5,30,No
PRV54888,0.0,413.0,413.0,324,0.0,292.6876513317191,0.0,120880.0,0.0,0.0,0.0,3,22,No
PRV54889,7.0,49.0,56.0,48,12571.42857142857,256.734693877551,88000.0,12580.0,4.285714285714286,4.285714285714286,0.14285714285714285,4,16,No
PRV54890,4.0,73.0,77.0,77,14500.0,223.56164383561645,58000.0,16320.0,8.75,8.75,0.0547945205479452,2,11,No
PRV54891,6.0,44.0,50.0,44,12000.0,258.6363636363636,72000.0,11380.0,4.0,4.0,0.13636363636363635,1,6,No
PRV54892,0.0,49.0,49.0,46,0.0,217.75510204081633,0.0,10670.0,0.0,0.0,0.0,4,19,No
PRV54893,0.0,8.0,8.0,8,0.0,228.75,0.0,1830.0,0.0,0.0,0.0,3,5,No
PRV54894,138.0,91.0,229.0,209,12548.550724637682,278.68131868131866,1731700.0,25360.0,6.6521739130434785,6.6521739130434785,1.5164835164835164,14,38,Yes
PRV54895,3.0,3433.0,3436.0,1469,17666.666666666668,292.63326536556946,53000.0,1004610.0,9.666666666666666,9.666666666666666,0.000873871249635887,7,17,Yes
PRV54896,56.0,103.0,159.0,152,10553.57142857143,251.06796116504853,591000.0,25860.0,5.785714285714286,5.785714285714286,0.5436893203883495,3,11,Yes
PRV54898,9.0,0.0,9.0,9,8000.0,0.0,72000.0,0.0,5.444444444444445,5.444444444444445,9.0,1,2,No
PRV54900,0.0,14.0,14.0,14,0.0,249.28571428571428,0.0,3490.0,0.0,0.0,0.0,2,7,No
PRV54901,8.0,17.0,25.0,25,12000.0,468.2352941176471,96000.0,7960.0,3.75,3.75,0.47058823529411764,4,7,No
PRV54902,1.0,15.0,16.0,15,5000.0,322.6666666666667,5000.0,4840.0,2.0,2.0,0.06666666666666667,4,8,No
PRV54903,7.0,0.0,7.0,6,8142.857142857143,0.0,57000.0,0.0,2.142857142857143,2.142857142857143,7.0,1,1,No
PRV54904,0.0,19.0,19.0,19,0.0,419.4736842105263,0.0,7970.0,0.0,0.0,0.0,3,5,No
PRV54905,4.0,145.0,149.0,114,10000.0,273.2413793103448,40000.0,39620.0,3.5,3.5,0.027586206896551724,4,18,No
PRV54906,8.0,14.0,22.0,22,15000.0,510.7142857142857,120000.0,7150.0,6.625,6.625,0.5714285714285714,1,6,No
PRV54907,0.0,170.0,170.0,120,0.0,352.47058823529414,0.0,59920.0,0.0,0.0,0.0,2,11,No
PRV54908,0.0,115.0,115.0,109,0.0,297.6521739130435,0.0,34230.0,0.0,0.0,0.0,6,16,No
PRV54909,8.0,19.0,27.0,27,10625.0,255.78947368421052,85000.0,4860.0,6.625,6.625,0.42105263157894735,3,10,No
PRV54910,3.0,212.0,215.0,152,6666.666666666667,287.1698113207547,20000.0,60880.0,2.3333333333333335,2.3333333333333335,0.014150943396226415,4,25,No
PRV54911,0.0,85.0,85.0,82,0.0,300.2352941176471,0.0,25520.0,0.0,0.0,0.0,3,10,No
PRV54914,14.0,388.0,402.0,220,7785.714285714285,267.86082474226805,109000.0,103930.0,6.071428571428571,6.071428571428571,0.03608247422680412,4,17,No
PRV54916,16.0,91.0,107.0,99,10312.5,206.04395604395606,165000.0,18750.0,7.5625,7.5625,0.17582417582417584,1,6,No
PRV54917,15.0,22.0,37.0,36,7266.666666666667,156.8181818181818,109000.0,3450.0,5.866666666666666,5.866666666666666,0.6818181818181818,1,3,No
PRV54918,71.0,95.0,166.0,139,11732.394366197183,440.63157894736844,833000.0,41860.0,5.014084507042254,5.014084507042254,0.7473684210526316,5,20,Yes
PRV54919,4.0,174.0,178.0,155,7000.0,222.816091954023,28000.0,38770.0,2.0,2.0,0.022988505747126436,5,18,No
PRV54923,0.0,79.0,79.0,57,0.0,384.8101265822785,0.0,30400.0,0.0,0.0,0.0,3,9,No
PRV54924,21.0,152.0,173.0,144,11190.47619047619,290.92105263157896,235000.0,44220.0,5.571428571428571,5.571428571428571,0.13815789473684212,4,18,No
PRV54925,39.0,83.0,122.0,97,11692.307692307691,275.5421686746988,456000.0,22870.0,4.871794871794871,4.871794871794871,0.46987951807228917,2,10,Yes
PRV54926,8.0,39.0,47.0,45,9500.0,246.66666666666666,76000.0,9620.0,5.875,5.875,0.20512820512820512,2,10,No
PRV54927,0.0,102.0,102.0,94,0.0,221.5686274509804,0.0,22600.0,0.0,0.0,0.0,5,13,No
PRV54929,15.0,11.0,26.0,26,12800.0,511.8181818181818,192000.0,5630.0,7.0,7.0,1.3636363636363635,5,14,Yes
PRV54930,5.0,206.0,211.0,186,5200.0,328.00970873786406,26000.0,67570.0,3.8,3.8,0.024271844660194174,5,23,No
PRV54931,24.0,28.0,52.0,50,10083.333333333334,233.57142857142858,242000.0,6540.0,8.5,8.5,0.8571428571428571,5,18,Yes
PRV54932,1.0,58.0,59.0,59,2000.0,330.3448275862069,2000.0,19160.0,5.0,5.0,0.017241379310344827,4,10,No
PRV54933,29.0,35.0,64.0,53,9206.896551724138,177.14285714285714,267000.0,6200.0,5.827586206896552,5.827586206896552,0.8285714285714286,2,11,Yes
PRV54934,18.0,53.0,71.0,57,9444.444444444445,168.49056603773585,170000.0,8930.0,4.944444444444445,4.944444444444445,0.33962264150943394,2,8,No
PRV54935,3.0,86.0,89.0,77,1000.0,235.46511627906978,3000.0,20250.0,3.3333333333333335,3.3333333333333335,0.03488372093023256,3,11,No
PRV54936,131.0,90.0,221.0,209,8522.137404580153,259.22222222222223,1116400.0,23330.0,5.67175572519084,5.67175572519084,1.4555555555555555,4,18,Yes
PRV54937,3.0,33.0,36.0,36,8333.333333333334,341.2121212121212,25000.0,11260.0,3.3333333333333335,3.3333333333333335,0.09090909090909091,5,10,No
PRV54938,0.0,86.0,86.0,86,0.0,296.86046511627904,0.0,25530.0,0.0,0.0,0.0,9,28,No
PRV54939,0.0,1380.0,1380.0,1163,0.0,295.5072463768116,0.0,407800.0,0.0,0.0,0.0,26,65,Yes
PRV54941,0.0,18.0,18.0,18,0.0,277.22222222222223,0.0,4990.0,0.0,0.0,0.0,1,5,No
PRV54942,20.0,110.0,130.0,119,16900.0,254.27272727272728,338000.0,27970.0,5.15,5.15,0.18181818181818182,5,24,Yes
PRV54943,2.0,21.0,23.0,21,9000.0,259.5238095238095,18000.0,5450.0,3.5,3.5,0.09523809523809523,3,7,No
PRV54944,0.0,120.0,120.0,115,0.0,321.8333333333333,0.0,38620.0,0.0,0.0,0.0,8,30,No
PRV54945,0.0,37.0,37.0,36,0.0,160.8108108108108,0.0,5950.0,0.0,0.0,0.0,2,9,No
PRV54946,0.0,91.0,91.0,91,0.0,370.7692307692308,0.0,33740.0,0.0,0.0,0.0,7,28,No
PRV54947,0.0,26.0,26.0,24,0.0,293.46153846153845,0.0,7630.0,0.0,0.0,0.0,2,8,No
PRV54949,42.0,370.0,412.0,375,10000.0,284.1621621621622,420000.0,105140.0,6.690476190476191,6.690476190476191,0.11351351351351352,9,41,No
PRV54950,5.0,13.0,18.0,18,14200.0,338.46153846153845,71000.0,4400.0,12.2,12.2,0.38461538461538464,4,8,Yes
PRV54952,12.0,137.0,149.0,147,11833.333333333334,289.4160583941606,142000.0,39650.0,6.0,6.0,0.08759124087591241,5,28,Yes
PRV54953,0.0,102.0,102.0,84,0.0,276.47058823529414,0.0,28200.0,0.0,0.0,0.0,3,11,No
PRV54954,0.0,71.0,71.0,71,0.0,254.64788732394365,0.0,18080.0,0.0,0.0,0.0,4,14,No
PRV54955,205.0,109.0,314.0,300,10234.146341463415,338.4403669724771,2098000.0,36890.0,6.029268292682927,6.019512195121951,1.8807339449541285,9,38,Yes
PRV54959,7.0,88.0,95.0,92,8142.857142857143,335.34090909090907,57000.0,29510.0,9.142857142857142,9.142857142857142,0.07954545454545454,5,21,No
PRV54960,0.0,193.0,193.0,187,0.0,266.32124352331607,0.0,51400.0,0.0,0.0,0.0,9,33,No
PRV54963,1.0,66.0,67.0,67,13000.0,254.0909090909091,13000.0,16770.0,3.0,3.0,0.015151515151515152,2,8,No
PRV54965,9.0,98.0,107.0,105,13333.333333333334,321.2244897959184,120000.0,31480.0,4.888888888888889,4.888888888888889,0.09183673469387756,5,16,No
PRV54966,0.0,1796.0,1796.0,1289,0.0,279.51559020044544,0.0,502010.0,0.0,0.0,0.0,6,24,Yes
PRV54967,0.0,51.0,51.0,51,0.0,429.80392156862746,0.0,21920.0,0.0,0.0,0.0,5,14,No
PRV54968,10.0,39.0,49.0,41,11200.0,405.64102564102564,112000.0,15820.0,2.8,2.8,0.2564102564102564,3,8,No
PRV54970,6.0,227.0,233.0,180,5666.666666666667,317.9295154185022,34000.0,72170.0,2.0,2.0,0.02643171806167401,2,4,No
PRV54971,52.0,377.0,429.0,189,8692.307692307691,236.15384615384616,452000.0,89030.0,5.884615384615385,5.884615384615385,0.13793103448275862,3,18,No
PRV54972,0.0,62.0,62.0,56,0.0,273.38709677419354,0.0,16950.0,0.0,0.0,0.0,2,10,No
PRV54973,9.0,120.0,129.0,123,4777.777777777777,215.66666666666666,43000.0,25880.0,4.0,4.0,0.075,4,32,No
PRV54975,0.0,132.0,132.0,122,0.0,276.2121212121212,0.0,36460.0,0.0,0.0,0.0,6,16,No
PRV54976,0.0,55.0,55.0,53,0.0,362.54545454545456,0.0,19940.0,0.0,0.0,0.0,4,11,No
PRV54977,5.0,48.0,53.0,41,15600.0,232.08333333333334,78000.0,11140.0,4.2,4.2,0.10416666666666667,2,10,No
PRV54978,0.0,265.0,265.0,126,0.0,327.39622641509436,0.0,86760.0,0.0,0.0,0.0,4,7,No
PRV54981,81.0,14.0,95.0,90,10037.037037037036,266.42857142857144,813000.0,3730.0,6.444444444444445,6.444444444444445,5.785714285714286,4,14,No
PRV54982,0.0,37.0,37.0,33,0.0,320.5405405405405,0.0,11860.0,0.0,0.0,0.0,1,7,No
PRV54983,0.0,126.0,126.0,116,0.0,334.44444444444446,0.0,42140.0,0.0,0.0,0.0,5,23,No
PRV54985,0.0,223.0,223.0,203,0.0,284.0358744394619,0.0,63340.0,0.0,0.0,0.0,9,46,No
PRV54986,153.0,465.0,618.0,542,10054.248366013071,333.5698924731183,1538300.0,155110.0,5.934640522875817,5.934640522875817,0.32903225806451614,12,41,Yes
PRV54988,0.0,41.0,41.0,41,0.0,349.0243902439024,0.0,14310.0,0.0,0.0,0.0,3,14,No
PRV54990,4.0,16.0,20.0,20,10750.0,225.0,43000.0,3600.0,5.0,5.0,0.25,4,9,No
PRV54991,0.0,130.0,130.0,125,0.0,162.92307692307693,0.0,21180.0,0.0,0.0,0.0,4,18,No
PRV54992,0.0,18.0,18.0,17,0.0,650.5555555555555,0.0,11710.0,0.0,0.0,0.0,1,4,No
PRV54993,8.0,45.0,53.0,48,21725.0,269.3333333333333,173800.0,12120.0,6.75,6.75,0.17777777777777778,2,10,No
PRV54995,0.0,16.0,16.0,16,0.0,378.75,0.0,6060.0,0.0,0.0,0.0,3,6,No
PRV54997,5.0,29.0,34.0,22,6400.0,267.9310344827586,32000.0,7770.0,4.4,4.4,0.1724137931034483,3,6,No
PRV54998,59.0,148.0,207.0,130,8983.050847457627,226.6216216216216,530000.0,33540.0,5.6440677966101696,5.6440677966101696,0.39864864864864863,1,8,Yes
PRV54999,3.0,7.0,10.0,10,13333.333333333334,134.28571428571428,40000.0,940.0,13.333333333333334,13.333333333333334,0.42857142857142855,2,5,No
PRV55000,86.0,678.0,764.0,707,11387.209302325582,275.39823008849555,979300.0,186720.0,6.383720930232558,6.383720930232558,0.12684365781710916,16,53,No
PRV55001,0.0,158.0,158.0,153,0.0,262.0253164556962,0.0,41400.0,0.0,0.0,0.0,7,26,No
PRV55002,0.0,100.0,100.0,93,0.0,270.6,0.0,27060.0,0.0,0.0,0.0,6,13,No
PRV55003,5.0,71.0,76.0,73,11160.0,310.5633802816901,55800.0,22050.0,3.2,3.2,0.07042253521126761,4,15,No
PRV55004,3.0,2396.0,2399.0,992,12666.666666666666,277.8005008347245,38000.0,665610.0,4.333333333333333,4.333333333333333,0.0012520868113522537,6,17,Yes
PRV55005,56.0,74.0,130.0,128,8928.57142857143,226.75675675675674,500000.0,16780.0,5.125,5.125,0.7567567567567568,6,20,No
PRV55006,3.0,38.0,41.0,41,6333.333333333333,480.2631578947368,19000.0,18250.0,5.0,5.0,0.07894736842105263,3,9,No
PRV55007,0.0,14.0,14.0,13,0.0,237.85714285714286,0.0,3330.0,0.0,0.0,0.0,1,5,No
PRV55010,0.0,289.0,289.0,143,0.0,229.75778546712803,0.0,66400.0,0.0,0.0,0.0,2,12,Yes
PRV55011,0.0,56.0,56.0,54,0.0,245.53571428571428,0.0,13750.0,0.0,0.0,0.0,5,15,No
PRV55012,0.0,73.0,73.0,69,0.0,271.2328767123288,0.0,19800.0,0.0,0.0,0.0,2,13,No
PRV55013,0.0,83.0,83.0,78,0.0,214.4578313253012,0.0,17800.0,0.0,0.0,0.0,3,20,No
PRV55016,0.0,146.0,146.0,86,0.0,261.2328767123288,0.0,38140.0,0.0,0.0,0.0,3,12,No
PRV55018,63.0,12.0,75.0,72,9714.285714285714,328.3333333333333,612000.0,3940.0,5.2063492063492065,5.158730158730159,5.25,2,7,Yes
PRV55019,158.0,127.0,285.0,221,11571.518987341773,226.14173228346456,1828300.0,28720.0,5.822784810126582,5.822784810126582,1.2440944881889764,3,11,Yes
PRV55022,76.0,61.0,137.0,123,9276.315789473685,194.2622950819672,705000.0,11850.0,5.197368421052632,5.197368421052632,1.2459016393442623,4,20,Yes
PRV55023,34.0,30.0,64.0,52,12000.0,405.0,408000.0,12150.0,7.794117647058823,7.794117647058823,1.1333333333333333,2,6,No
PRV55024,3.0,43.0,46.0,45,6000.0,348.3720930232558,18000.0,14980.0,2.0,2.0,0.06976744186046512,3,12,No
PRV55026,0.0,272.0,272.0,239,0.0,282.75735294117646,0.0,76910.0,0.0,0.0,0.0,2,21,No
PRV55027,13.0,143.0,156.0,147,11692.307692307691,279.65034965034965,152000.0,39990.0,5.230769230769231,5.230769230769231,0.09090909090909091,7,26,Yes
PRV55028,20.0,203.0,223.0,87,9940.0,211.77339901477833,198800.0,42990.0,6.7,6.7,0.09852216748768473,1,5,No
PRV55029,14.0,241.0,255.0,209,9642.857142857143,369.29460580912865,135000.0,89000.0,4.285714285714286,4.285714285714286,0.058091286307053944,4,24,No
PRV55030,73.0,238.0,311.0,239,9931.506849315068,243.27731092436974,725000.0,57900.0,5.917808219178082,5.917808219178082,0.3067226890756303,5,33,Yes
PRV55031,4.0,28.0,32.0,30,10250.0,153.57142857142858,41000.0,4300.0,5.75,5.75,0.14285714285714285,2,10,No
PRV55032,1.0,35.0,36.0,36,5000.0,438.2857142857143,5000.0,15340.0,1.0,1.0,0.02857142857142857,3,7,No
PRV55034,26.0,586.0,612.0,466,10669.23076923077,270.2730375426621,277400.0,158380.0,4.923076923076923,4.923076923076923,0.04436860068259386,1,7,Yes
PRV55035,0.0,14.0,14.0,14,0.0,275.7142857142857,0.0,3860.0,0.0,0.0,0.0,2,4,No
PRV55036,0.0,64.0,64.0,63,0.0,230.625,0.0,14760.0,0.0,0.0,0.0,2,9,No
PRV55037,11.0,638.0,649.0,448,10545.454545454546,309.8119122257053,116000.0,197660.0,5.454545454545454,5.454545454545454,0.017241379310344827,1,7,No
PRV55038,0.0,15.0,15.0,15,0.0,282.0,0.0,4230.0,0.0,0.0,0.0,1,6,No
PRV55039,31.0,2027.0,2058.0,647,8290.322580645161,275.8756783423779,257000.0,559200.0,5.258064516129032,5.258064516129032,0.015293537247163296,8,19,Yes
PRV55040,0.0,6.0,6.0,6,0.0,1105.0,0.0,6630.0,0.0,0.0,0.0,1,3,No
PRV55041,5.0,16.0,21.0,20,11600.0,367.5,58000.0,5880.0,9.0,9.0,0.3125,2,5,No
PRV55042,8.0,116.0,124.0,110,10525.0,362.9310344827586,84200.0,42100.0,7.125,7.125,0.06896551724137931,3,21,No
PRV55043,0.0,119.0,119.0,114,0.0,297.89915966386553,0.0,35450.0,0.0,0.0,0.0,5,24,No
PRV55044,0.0,9.0,9.0,9,0.0,118.88888888888889,0.0,1070.0,0.0,0.0,0.0,3,5,No
PRV55045,0.0,66.0,66.0,65,0.0,418.6363636363636,0.0,27630.0,0.0,0.0,0.0,3,10,No
PRV55048,82.0,12.0,94.0,88,10548.780487804877,103.33333333333333,865000.0,1240.0,5.317073170731708,5.317073170731708,6.833333333333333,4,9,Yes
PRV55049,75.0,73.0,148.0,117,9146.666666666666,536.3013698630137,686000.0,39150.0,5.28,5.28,1.0273972602739727,4,11,Yes
PRV55050,0.0,183.0,183.0,137,0.0,271.09289617486337,0.0,49610.0,0.0,0.0,0.0,3,16,No
PRV55051,7.0,0.0,7.0,7,8571.42857142857,0.0,60000.0,0.0,10.857142857142858,10.857142857142858,7.0,1,4,No
PRV55052,0.0,49.0,49.0,31,0.0,173.0612244897959,0.0,8480.0,0.0,0.0,0.0,2,4,No
PRV55053,0.0,54.0,54.0,29,0.0,247.03703703703704,0.0,13340.0,0.0,0.0,0.0,1,3,No
PRV55054,0.0,69.0,69.0,59,0.0,183.33333333333334,0.0,12650.0,0.0,0.0,0.0,1,4,No
PRV55056,0.0,100.0,100.0,91,0.0,402.9,0.0,40290.0,0.0,0.0,0.0,2,10,No
PRV55057,0.0,347.0,347.0,146,0.0,272.507204610951,0.0,94560.0,0.0,0.0,0.0,3,10,Yes
PRV55058,0.0,227.0,227.0,164,0.0,279.6035242290749,0.0,63470.0,0.0,0.0,0.0,3,14,No
PRV55059,0.0,153.0,153.0,84,0.0,339.281045751634,0.0,51910.0,0.0,0.0,0.0,2,8,No
PRV55061,0.0,95.0,95.0,83,0.0,255.68421052631578,0.0,24290.0,0.0,0.0,0.0,1,10,No
PRV55062,0.0,29.0,29.0,28,0.0,257.2413793103448,0.0,7460.0,0.0,0.0,0.0,2,9,No
PRV55063,0.0,10.0,10.0,10,0.0,66.0,0.0,660.0,0.0,0.0,0.0,1,5,No
PRV55064,0.0,621.0,621.0,380,0.0,302.33494363929145,0.0,187750.0,0.0,0.0,0.0,1,5,No
PRV55067,1.0,0.0,1.0,1,29000.0,0.0,29000.0,0.0,20.0,20.0,1.0,1,1,No
PRV55068,0.0,6.0,6.0,6,0.0,436.6666666666667,0.0,2620.0,0.0,0.0,0.0,1,1,No
PRV55069,0.0,21.0,21.0,20,0.0,97.61904761904762,0.0,2050.0,0.0,0.0,0.0,1,2,No
PRV55070,0.0,20.0,20.0,19,0.0,161.0,0.0,3220.0,0.0,0.0,0.0,1,4,No
PRV55071,0.0,70.0,70.0,58,0.0,370.42857142857144,0.0,25930.0,0.0,0.0,0.0,1,3,No
PRV55072,0.0,48.0,48.0,41,0.0,198.95833333333334,0.0,9550.0,0.0,0.0,0.0,1,2,No
PRV55073,0.0,18.0,18.0,17,0.0,365.0,0.0,6570.0,0.0,0.0,0.0,1,1,No
PRV55074,0.0,1.0,1.0,1,0.0,10.0,0.0,10.0,0.0,0.0,0.0,1,1,No
PRV55076,0.0,5.0,5.0,5,0.0,154.0,0.0,770.0,0.0,0.0,0.0,1,1,No
PRV55077,0.0,8.0,8.0,7,0.0,48.75,0.0,390.0,0.0,0.0,0.0,1,1,No
PRV55078,0.0,1.0,1.0,1,0.0,0.0,0.0,0.0,0.0,0.0,0.0,1,1,No
PRV55079,0.0,47.0,47.0,46,0.0,232.7659574468085,0.0,10940.0,0.0,0.0,0.0,1,1,No
PRV55080,0.0,8.0,8.0,8,0.0,602.5,0.0,4820.0,0.0,0.0,0.0,1,1,No
PRV55081,0.0,30.0,30.0,28,0.0,231.66666666666666,0.0,6950.0,0.0,0.0,0.0,1,1,No
PRV55083,0.0,196.0,196.0,152,0.0,257.5,0.0,50470.0,0.0,0.0,0.0,1,1,No
PRV55085,0.0,24.0,24.0,22,0.0,382.5,0.0,9180.0,0.0,0.0,0.0,1,3,No
PRV55086,0.0,78.0,78.0,60,0.0,188.33333333333334,0.0,14690.0,0.0,0.0,0.0,1,2,No
PRV55087,0.0,201.0,201.0,154,0.0,217.76119402985074,0.0,43770.0,0.0,0.0,0.0,1,2,No
PRV55088,0.0,31.0,31.0,31,0.0,491.93548387096774,0.0,15250.0,0.0,0.0,0.0,1,3,No
PRV55089,0.0,1.0,1.0,1,0.0,400.0,0.0,400.0,0.0,0.0,0.0,1,1,No
PRV55091,0.0,18.0,18.0,18,0.0,263.8888888888889,0.0,4750.0,0.0,0.0,0.0,1,2,No
PRV55092,0.0,8.0,8.0,8,0.0,82.5,0.0,660.0,0.0,0.0,0.0,2,2,No
PRV55093,0.0,19.0,19.0,18,0.0,177.89473684210526,0.0,3380.0,0.0,0.0,0.0,1,1,No
PRV55094,0.0,19.0,19.0,18,0.0,900.0,0.0,17100.0,0.0,0.0,0.0,1,2,No
PRV55095,0.0,20.0,20.0,20,0.0,376.0,0.0,7520.0,0.0,0.0,0.0,2,3,No
PRV55096,0.0,27.0,27.0,26,0.0,198.14814814814815,0.0,5350.0,0.0,0.0,0.0,1,1,No
PRV55097,0.0,4.0,4.0,4,0.0,180.0,0.0,720.0,0.0,0.0,0.0,1,1,No
PRV55098,0.0,27.0,27.0,17,0.0,258.14814814814815,0.0,6970.0,0.0,0.0,0.0,1,1,No
PRV55099,0.0,97.0,97.0,54,0.0,249.48453608247422,0.0,24200.0,0.0,0.0,0.0,1,2,No
PRV55103,0.0,78.0,78.0,74,0.0,193.5897435897436,0.0,15100.0,0.0,0.0,0.0,1,3,No
PRV55104,0.0,52.0,52.0,46,0.0,286.15384615384613,0.0,14880.0,0.0,0.0,0.0,2,2,No
PRV55106,0.0,5.0,5.0,5,0.0,774.0,0.0,3870.0,0.0,0.0,0.0,1,1,No
PRV55108,0.0,223.0,223.0,152,0.0,284.0358744394619,0.0,63340.0,0.0,0.0,0.0,1,2,No
PRV55110,0.0,40.0,40.0,23,0.0,249.0,0.0,9960.0,0.0,0.0,0.0,1,1,No
PRV55111,0.0,29.0,29.0,25,0.0,140.3448275862069,0.0,4070.0,0.0,0.0,0.0,1,2,No
PRV55112,0.0,32.0,32.0,31,0.0,179.6875,0.0,5750.0,0.0,0.0,0.0,1,1,No
PRV55114,0.0,13.0,13.0,13,0.0,344.61538461538464,0.0,4480.0,0.0,0.0,0.0,1,2,No
PRV55116,0.0,284.0,284.0,143,0.0,288.4507042253521,0.0,81920.0,0.0,0.0,0.0,1,4,No
PRV55117,0.0,4.0,4.0,4,0.0,200.0,0.0,800.0,0.0,0.0,0.0,1,2,No
PRV55118,2.0,3.0,5.0,5,5000.0,200.0,10000.0,600.0,4.0,4.0,0.6666666666666666,1,2,No
PRV55120,8.0,1.0,9.0,9,7250.0,200.0,58000.0,200.0,4.0,4.0,8.0,1,2,No
PRV55121,20.0,0.0,20.0,20,8653.5,0.0,173070.0,0.0,6.1,6.1,20.0,1,6,No
PRV55122,1.0,0.0,1.0,1,5000.0,0.0,5000.0,0.0,3.0,3.0,1.0,1,1,No
PRV55123,0.0,2.0,2.0,2,0.0,45.0,0.0,90.0,0.0,0.0,0.0,1,2,No
PRV55124,9.0,0.0,9.0,8,16888.88888888889,0.0,152000.0,0.0,7.666666666666667,7.666666666666667,9.0,1,1,No
PRV55126,2.0,0.0,2.0,2,6500.0,0.0,13000.0,0.0,19.0,19.0,2.0,1,2,No
PRV55128,8.0,0.0,8.0,8,13875.0,0.0,111000.0,0.0,6.875,6.875,8.0,1,3,No
PRV55129,1.0,2.0,3.0,3,10000.0,300.0,10000.0,600.0,3.0,3.0,0.5,1,2,No
PRV55130,3.0,0.0,3.0,3,9333.333333333334,0.0,28000.0,0.0,5.0,5.0,3.0,1,1,No
PRV55131,2.0,0.0,2.0,2,23500.0,0.0,47000.0,0.0,5.0,5.0,2.0,1,2,No
PRV55132,10.0,0.0,10.0,10,10800.0,0.0,108000.0,0.0,2.9,2.9,10.0,1,3,No
PRV55133,2.0,0.0,2.0,2,25000.0,0.0,50000.0,0.0,10.5,10.5,2.0,1,1,No
PRV55134,1.0,0.0,1.0,1,11000.0,0.0,11000.0,0.0,4.0,4.0,1.0,1,1,No
PRV55135,3.0,0.0,3.0,3,8333.333333333334,0.0,25000.0,0.0,3.0,3.0,3.0,2,3,No
PRV55136,8.0,0.0,8.0,8,12750.0,0.0,102000.0,0.0,6.5,6.5,8.0,1,3,No
PRV55137,2.0,0.0,2.0,2,19000.0,0.0,38000.0,0.0,11.0,11.0,2.0,1,1,No
PRV55138,3.0,0.0,3.0,3,8333.333333333334,0.0,25000.0,0.0,13.333333333333334,13.333333333333334,3.0,1,2,No
PRV55140,9.0,0.0,9.0,9,9444.444444444445,0.0,85000.0,0.0,3.3333333333333335,3.3333333333333335,9.0,1,3,No
PRV55141,0.0,2.0,2.0,2,0.0,45.0,0.0,90.0,0.0,0.0,0.0,1,1,No
PRV55143,1.0,0.0,1.0,1,10000.0,0.0,10000.0,0.0,2.0,2.0,1.0,1,1,No
PRV55144,2.0,0.0,2.0,2,20500.0,0.0,41000.0,0.0,12.0,12.0,2.0,1,1,No
PRV55145,14.0,0.0,14.0,14,10214.285714285714,0.0,143000.0,0.0,5.214285714285714,5.214285714285714,14.0,2,3,No
PRV55146,1.0,0.0,1.0,1,6000.0,0.0,6000.0,0.0,2.0,2.0,1.0,1,1,No
PRV55147,6.0,0.0,6.0,6,18700.0,0.0,112200.0,0.0,7.333333333333333,7.333333333333333,6.0,1,1,Yes
PRV55148,1.0,0.0,1.0,1,7000.0,0.0,7000.0,0.0,7.0,7.0,1.0,1,1,No
PRV55149,16.0,0.0,16.0,16,9062.5,0.0,145000.0,0.0,5.75,5.75,16.0,1,2,No
PRV55150,4.0,2.0,6.0,6,4750.0,50.0,19000.0,100.0,3.0,3.0,2.0,1,2,No
PRV55151,1.0,0.0,1.0,1,10000.0,0.0,10000.0,0.0,1.0,1.0,1.0,1,1,No
PRV55152,10.0,0.0,10.0,10,7830.0,0.0,78300.0,0.0,4.3,4.3,10.0,2,5,No
PRV55154,0.0,1.0,1.0,1,0.0,900.0,0.0,900.0,0.0,0.0,0.0,1,1,No
PRV55155,9.0,0.0,9.0,9,7555.555555555556,0.0,68000.0,0.0,6.444444444444445,6.444444444444445,9.0,1,2,No
PRV55156,1.0,0.0,1.0,1,6000.0,0.0,6000.0,0.0,5.0,5.0,1.0,1,1,No
PRV55157,3.0,0.0,3.0,3,5333.333333333333,0.0,16000.0,0.0,5.333333333333333,5.333333333333333,3.0,1,1,No
PRV55158,29.0,669.0,698.0,534,11620.689655172413,255.91928251121075,337000.0,171210.0,5.206896551724138,5.206896551724138,0.043348281016442454,4,15,No
PRV55160,10.0,0.0,10.0,10,12000.0,0.0,120000.0,0.0,8.5,8.5,10.0,1,2,No
PRV55161,2.0,0.0,2.0,2,14000.0,0.0,28000.0,0.0,2.0,2.0,2.0,2,2,No
PRV55163,1.0,586.0,587.0,365,13000.0,265.7849829351536,13000.0,155750.0,4.0,4.0,0.0017064846416382253,5,44,Yes
PRV55164,17.0,137.0,154.0,113,12058.823529411764,253.72262773722628,205000.0,34760.0,6.235294117647059,6.235294117647059,0.12408759124087591,1,9,No
PRV55165,30.0,211.0,241.0,228,9400.0,226.87203791469193,282000.0,47870.0,5.1,5.1,0.14218009478672985,11,33,Yes
PRV55166,0.0,72.0,72.0,70,0.0,274.1666666666667,0.0,19740.0,0.0,0.0,0.0,2,11,No
PRV55167,0.0,94.0,94.0,80,0.0,354.25531914893617,0.0,33300.0,0.0,0.0,0.0,3,18,No
PRV55168,0.0,134.0,134.0,82,0.0,387.76119402985074,0.0,51960.0,0.0,0.0,0.0,2,8,No
PRV55169,83.0,638.0,721.0,585,9732.530120481928,319.68652037617557,807800.0,203960.0,6.0,6.0,0.13009404388714735,15,76,No
PRV55171,41.0,206.0,247.0,110,8902.439024390244,205.63106796116506,365000.0,42360.0,5.658536585365853,5.658536585365853,0.19902912621359223,3,11,Yes
PRV55172,55.0,59.0,114.0,98,11109.09090909091,1976.2711864406779,611000.0,116600.0,5.6909090909090905,5.6909090909090905,0.9322033898305084,1,14,Yes
PRV55173,0.0,25.0,25.0,24,0.0,334.0,0.0,8350.0,0.0,0.0,0.0,3,9,No
PRV55175,23.0,281.0,304.0,267,8304.347826086956,226.33451957295372,191000.0,63600.0,4.478260869565218,4.478260869565218,0.08185053380782918,7,46,No
PRV55176,1.0,19.0,20.0,20,6000.0,139.47368421052633,6000.0,2650.0,2.0,2.0,0.05263157894736842,1,7,No
PRV55177,0.0,327.0,327.0,286,0.0,319.3272171253823,0.0,104420.0,0.0,0.0,0.0,9,40,No
PRV55178,2.0,29.0,31.0,29,5000.0,293.44827586206895,10000.0,8510.0,2.0,2.0,0.06896551724137931,1,9,No
PRV55179,16.0,58.0,74.0,66,9437.5,481.55172413793105,151000.0,27930.0,4.0625,4.0625,0.27586206896551724,1,9,No
PRV55180,7.0,120.0,127.0,112,10000.0,320.3333333333333,70000.0,38440.0,5.857142857142857,5.857142857142857,0.058333333333333334,5,17,No
PRV55181,35.0,404.0,439.0,332,9542.857142857143,196.43564356435644,334000.0,79360.0,6.8,6.8,0.08663366336633663,4,20,No
PRV55182,0.0,102.0,102.0,78,0.0,254.31372549019608,0.0,25940.0,0.0,0.0,0.0,2,11,No
PRV55183,21.0,96.0,117.0,90,11380.952380952382,195.3125,239000.0,18750.0,5.571428571428571,5.571428571428571,0.21875,1,14,No
PRV55184,1.0,55.0,56.0,45,0.0,286.54545454545456,0.0,15760.0,4.0,4.0,0.01818181818181818,1,7,No
PRV55185,5.0,201.0,206.0,70,9200.0,329.2039800995025,46000.0,66170.0,2.2,2.2,0.024875621890547265,2,9,No
PRV55187,0.0,125.0,125.0,101,0.0,234.16,0.0,29270.0,0.0,0.0,0.0,2,17,No
PRV55188,4.0,203.0,207.0,112,8750.0,189.50738916256157,35000.0,38470.0,3.0,3.0,0.019704433497536946,2,12,No
PRV55189,36.0,97.0,133.0,115,8777.777777777777,246.8041237113402,316000.0,23940.0,3.6666666666666665,3.6666666666666665,0.3711340206185567,3,15,No
PRV55191,0.0,90.0,90.0,87,0.0,192.11111111111111,0.0,17290.0,0.0,0.0,0.0,3,25,No
PRV55192,15.0,238.0,253.0,234,9806.666666666666,300.5882352941176,147100.0,71540.0,4.266666666666667,4.266666666666667,0.06302521008403361,8,32,No
PRV55193,31.0,13.0,44.0,38,14193.548387096775,336.9230769230769,440000.0,4380.0,6.774193548387097,6.774193548387097,2.3846153846153846,3,11,Yes
PRV55194,169.0,252.0,421.0,368,9550.295857988165,344.8412698412698,1614000.0,86900.0,5.201183431952662,5.201183431952662,0.6706349206349206,9,60,Yes
PRV55195,16.0,61.0,77.0,69,14750.0,175.9016393442623,236000.0,10730.0,6.0625,6.0625,0.26229508196721313,1,15,Yes
PRV55196,6.0,167.0,173.0,153,18500.0,238.26347305389223,111000.0,39790.0,6.5,6.5,0.03592814371257485,5,21,No
PRV55197,0.0,73.0,73.0,50,0.0,331.64383561643837,0.0,24210.0,0.0,0.0,0.0,1,6,No
PRV55198,2.0,66.0,68.0,60,4000.0,216.36363636363637,8000.0,14280.0,4.5,4.5,0.030303030303030304,1,12,No
PRV55200,0.0,69.0,69.0,55,0.0,293.4782608695652,0.0,20250.0,0.0,0.0,0.0,4,18,No
PRV55202,0.0,30.0,30.0,27,0.0,399.3333333333333,0.0,11980.0,0.0,0.0,0.0,2,7,No
PRV55203,5.0,20.0,25.0,25,8800.0,123.5,44000.0,2470.0,4.8,4.8,0.25,1,8,No
PRV55205,38.0,222.0,260.0,240,12842.105263157895,675.9459459459459,488000.0,150060.0,6.2368421052631575,6.2368421052631575,0.17117117117117117,9,58,No
PRV55206,0.0,103.0,103.0,92,0.0,321.2621359223301,0.0,33090.0,0.0,0.0,0.0,8,33,No
PRV55207,0.0,167.0,167.0,151,0.0,248.562874251497,0.0,41510.0,0.0,0.0,0.0,8,36,No
PRV55208,7.0,46.0,53.0,50,9714.285714285714,180.43478260869566,68000.0,8300.0,6.285714285714286,6.285714285714286,0.15217391304347827,2,13,No
PRV55209,275.0,487.0,762.0,659,10022.181818181818,325.66735112936345,2756100.0,158600.0,5.341818181818182,5.341818181818182,0.5646817248459959,10,75,Yes
PRV55210,0.0,174.0,174.0,68,0.0,290.11494252873564,0.0,50480.0,0.0,0.0,0.0,1,5,No
PRV55211,0.0,32.0,32.0,32,0.0,219.6875,0.0,7030.0,0.0,0.0,0.0,4,14,No
PRV55213,3.0,78.0,81.0,66,22333.333333333332,171.66666666666666,67000.0,13390.0,26.666666666666668,26.666666666666668,0.038461538461538464,4,14,No
PRV55214,0.0,190.0,190.0,173,0.0,241.47368421052633,0.0,45880.0,0.0,0.0,0.0,5,26,No
PRV55215,143.0,3250.0,3393.0,2638,9491.608391608392,285.3107692307692,1357300.0,927260.0,5.538461538461538,5.538461538461538,0.044,25,112,Yes
PRV55216,5.0,75.0,80.0,52,7400.0,298.26666666666665,37000.0,22370.0,4.8,4.8,0.06666666666666667,3,13,No
PRV55218,0.0,94.0,94.0,82,0.0,222.4468085106383,0.0,20910.0,0.0,0.0,0.0,5,19,No
PRV55219,0.0,89.0,89.0,85,0.0,196.96629213483146,0.0,17530.0,0.0,0.0,0.0,5,21,No
PRV55220,0.0,102.0,102.0,89,0.0,228.23529411764707,0.0,23280.0,0.0,0.0,0.0,4,18,No
PRV55224,0.0,23.0,23.0,23,0.0,252.17391304347825,0.0,5800.0,0.0,0.0,0.0,1,7,No
PRV55225,9.0,57.0,66.0,64,19888.88888888889,357.719298245614,179000.0,20390.0,6.777777777777778,6.777777777777778,0.15789473684210525,3,19,Yes
PRV55226,0.0,242.0,242.0,219,0.0,333.4297520661157,0.0,80690.0,0.0,0.0,0.0,12,38,No
PRV55227,0.0,46.0,46.0,42,0.0,263.04347826086956,0.0,12100.0,0.0,0.0,0.0,2,9,No
PRV55229,16.0,227.0,243.0,218,10687.5,381.1453744493392,171000.0,86520.0,6.75,6.75,0.07048458149779736,7,43,No
PRV55230,225.0,340.0,565.0,515,11192.666666666666,277.61764705882354,2518350.0,94390.0,6.64,6.64,0.6617647058823529,17,72,Yes
PRV55231,0.0,126.0,126.0,99,0.0,329.12698412698415,0.0,41470.0,0.0,0.0,0.0,2,12,No
PRV55232,28.0,79.0,107.0,95,9931.785714285714,409.24050632911394,278090.0,32330.0,4.142857142857143,4.142857142857143,0.35443037974683544,2,12,No
PRV55233,1.0,186.0,187.0,99,4000.0,273.8709677419355,4000.0,50940.0,3.0,3.0,0.005376344086021506,4,21,No
PRV55234,7.0,177.0,184.0,172,5257.142857142857,326.55367231638417,36800.0,57800.0,8.0,8.0,0.03954802259887006,9,21,No
PRV55235,0.0,160.0,160.0,118,0.0,380.75,0.0,60920.0,0.0,0.0,0.0,1,12,No
PRV55236,20.0,34.0,54.0,35,11000.0,507.6470588235294,220000.0,17260.0,8.8,8.8,0.5882352941176471,1,6,No
PRV55237,15.0,102.0,117.0,108,7400.0,202.94117647058823,111000.0,20700.0,4.066666666666666,4.066666666666666,0.14705882352941177,3,20,No
PRV55238,0.0,101.0,101.0,101,0.0,388.61386138613864,0.0,39250.0,0.0,0.0,0.0,5,17,No
PRV55239,0.0,161.0,161.0,154,0.0,307.70186335403724,0.0,49540.0,0.0,0.0,0.0,5,29,No
PRV55240,11.0,152.0,163.0,145,6963.636363636364,284.4736842105263,76600.0,43240.0,3.5454545454545454,3.5454545454545454,0.07236842105263158,2,17,No
PRV55242,10.0,24.0,34.0,28,6200.0,151.25,62000.0,3630.0,3.8,3.8,0.4166666666666667,3,13,No
PRV55243,0.0,257.0,257.0,231,0.0,257.70428015564204,0.0,66230.0,0.0,0.0,0.0,12,47,No
PRV55244,0.0,25.0,25.0,25,0.0,300.0,0.0,7500.0,0.0,0.0,0.0,1,6,No
PRV55246,0.0,227.0,227.0,213,0.0,252.37885462555067,0.0,57290.0,0.0,0.0,0.0,9,35,No
PRV55247,3.0,352.0,355.0,175,6400.0,309.4886363636364,19200.0,108940.0,5.0,5.0,0.008522727272727272,2,16,No
PRV55248,0.0,133.0,133.0,103,0.0,351.57894736842104,0.0,46760.0,0.0,0.0,0.0,1,12,No
PRV55250,23.0,278.0,301.0,116,11391.304347826086,294.7482014388489,262000.0,81940.0,7.0,7.0,0.08273381294964029,4,20,Yes
PRV55252,0.0,45.0,45.0,39,0.0,316.0,0.0,14220.0,0.0,0.0,0.0,2,6,No
PRV55254,0.0,15.0,15.0,14,0.0,330.6666666666667,0.0,4960.0,0.0,0.0,0.0,1,5,No
PRV55255,0.0,12.0,12.0,12,0.0,215.83333333333334,0.0,2590.0,0.0,0.0,0.0,2,5,No
PRV55256,4.0,24.0,28.0,27,6750.0,297.9166666666667,27000.0,7150.0,6.75,6.75,0.16666666666666666,1,7,No
PRV55257,0.0,137.0,137.0,74,0.0,261.6058394160584,0.0,35840.0,0.0,0.0,0.0,3,9,No
PRV55258,1.0,41.0,42.0,36,12000.0,321.9512195121951,12000.0,13200.0,13.0,13.0,0.024390243902439025,3,7,No
PRV55259,0.0,42.0,42.0,41,0.0,330.7142857142857,0.0,13890.0,0.0,0.0,0.0,2,11,No
PRV55260,0.0,57.0,57.0,41,0.0,391.4035087719298,0.0,22310.0,0.0,0.0,0.0,4,15,No
PRV55261,0.0,30.0,30.0,19,0.0,159.33333333333334,0.0,4780.0,0.0,0.0,0.0,2,5,No
PRV55262,16.0,381.0,397.0,210,7187.5,317.2178477690289,115000.0,120860.0,4.75,4.75,0.04199475065616798,3,8,No
PRV55263,0.0,319.0,319.0,247,0.0,325.23510971786834,0.0,103750.0,0.0,0.0,0.0,4,22,No
PRV55264,0.0,528.0,528.0,305,0.0,279.2234848484849,0.0,147430.0,0.0,0.0,0.0,4,25,No
PRV55265,0.0,201.0,201.0,71,0.0,215.3233830845771,0.0,43280.0,0.0,0.0,0.0,1,6,No
PRV55266,9.0,16.0,25.0,22,4555.555555555556,296.25,41000.0,4740.0,4.0,4.0,0.5625,1,5,Yes
PRV55267,0.0,144.0,144.0,78,0.0,250.13888888888889,0.0,36020.0,0.0,0.0,0.0,2,10,No
PRV55268,0.0,48.0,48.0,20,0.0,277.2916666666667,0.0,13310.0,0.0,0.0,0.0,1,3,No
PRV55269,3.0,169.0,172.0,124,4666.666666666667,233.66863905325442,14000.0,39490.0,4.333333333333333,4.333333333333333,0.01775147928994083,2,13,No
PRV55270,1.0,203.0,204.0,108,5000.0,286.6502463054187,5000.0,58190.0,7.0,7.0,0.0049261083743842365,2,8,No
PRV55271,0.0,15.0,15.0,12,0.0,401.3333333333333,0.0,6020.0,0.0,0.0,0.0,1,5,No
PRV55272,0.0,211.0,211.0,185,0.0,252.7962085308057,0.0,53340.0,0.0,0.0,0.0,8,27,No
PRV55273,0.0,18.0,18.0,12,0.0,235.55555555555554,0.0,4240.0,0.0,0.0,0.0,1,5,No
PRV55274,0.0,70.0,70.0,45,0.0,297.14285714285717,0.0,20800.0,0.0,0.0,0.0,1,3,No
PRV55275,0.0,54.0,54.0,39,0.0,229.07407407407408,0.0,12370.0,0.0,0.0,0.0,1,3,No
PRV55276,0.0,58.0,58.0,38,0.0,186.72413793103448,0.0,10830.0,0.0,0.0,0.0,2,4,No
PRV55277,0.0,17.0,17.0,16,0.0,247.05882352941177,0.0,4200.0,0.0,0.0,0.0,1,2,No
PRV55278,0.0,45.0,45.0,33,0.0,160.0,0.0,7200.0,0.0,0.0,0.0,1,3,No
PRV55279,0.0,81.0,81.0,49,0.0,353.2098765432099,0.0,28610.0,0.0,0.0,0.0,1,5,No
PRV55281,0.0,190.0,190.0,95,0.0,285.94736842105266,0.0,54330.0,0.0,0.0,0.0,1,2,No
PRV55283,0.0,36.0,36.0,31,0.0,344.1666666666667,0.0,12390.0,0.0,0.0,0.0,1,4,No
PRV55285,0.0,7.0,7.0,7,0.0,75.71428571428571,0.0,530.0,0.0,0.0,0.0,1,1,No
PRV55286,0.0,4.0,4.0,3,0.0,142.5,0.0,570.0,0.0,0.0,0.0,1,2,No
PRV55289,0.0,14.0,14.0,12,0.0,265.0,0.0,3710.0,0.0,0.0,0.0,1,1,No
PRV55291,0.0,6.0,6.0,4,0.0,365.0,0.0,2190.0,0.0,0.0,0.0,1,1,No
PRV55292,0.0,6.0,6.0,6,0.0,101.66666666666667,0.0,610.0,0.0,0.0,0.0,1,1,No
PRV55293,0.0,33.0,33.0,25,0.0,167.57575757575756,0.0,5530.0,0.0,0.0,0.0,1,2,No
PRV55295,0.0,88.0,88.0,71,0.0,231.5909090909091,0.0,20380.0,0.0,0.0,0.0,1,1,No
PRV55296,0.0,57.0,57.0,50,0.0,223.68421052631578,0.0,12750.0,0.0,0.0,0.0,1,2,No
PRV55297,0.0,98.0,98.0,44,0.0,217.14285714285714,0.0,21280.0,0.0,0.0,0.0,1,2,No
PRV55298,0.0,57.0,57.0,32,0.0,276.140350877193,0.0,15740.0,0.0,0.0,0.0,1,2,No
PRV55299,0.0,18.0,18.0,17,0.0,329.44444444444446,0.0,5930.0,0.0,0.0,0.0,1,1,No
PRV55300,0.0,32.0,32.0,23,0.0,260.0,0.0,8320.0,0.0,0.0,0.0,1,2,No
PRV55302,0.0,1.0,1.0,1,0.0,400.0,0.0,400.0,0.0,0.0,0.0,1,1,No
PRV55304,0.0,204.0,204.0,122,0.0,374.1666666666667,0.0,76330.0,0.0,0.0,0.0,1,1,No
PRV55305,0.0,3.0,3.0,3,0.0,1403.3333333333333,0.0,4210.0,0.0,0.0,0.0,1,1,No
PRV55306,0.0,59.0,59.0,34,0.0,279.66101694915255,0.0,16500.0,0.0,0.0,0.0,1,1,No
PRV55307,0.0,110.0,110.0,84,0.0,220.45454545454547,0.0,24250.0,0.0,0.0,0.0,1,5,No
PRV55309,0.0,35.0,35.0,24,0.0,337.14285714285717,0.0,11800.0,0.0,0.0,0.0,1,2,No
PRV55312,0.0,91.0,91.0,77,0.0,189.8901098901099,0.0,17280.0,0.0,0.0,0.0,1,1,No
PRV55313,0.0,192.0,192.0,129,0.0,299.0104166666667,0.0,57410.0,0.0,0.0,0.0,1,1,No
PRV55314,0.0,89.0,89.0,53,0.0,281.34831460674155,0.0,25040.0,0.0,0.0,0.0,1,3,No
PRV55316,0.0,65.0,65.0,45,0.0,238.30769230769232,0.0,15490.0,0.0,0.0,0.0,1,3,No
PRV55318,0.0,63.0,63.0,45,0.0,417.46031746031747,0.0,26300.0,0.0,0.0,0.0,1,2,No
PRV55319,0.0,17.0,17.0,11,0.0,268.8235294117647,0.0,4570.0,0.0,0.0,0.0,1,1,No
PRV55320,0.0,34.0,34.0,27,0.0,188.23529411764707,0.0,6400.0,0.0,0.0,0.0,1,2,No
PRV55322,0.0,28.0,28.0,24,0.0,259.64285714285717,0.0,7270.0,0.0,0.0,0.0,1,1,No
PRV55323,0.0,144.0,144.0,108,0.0,253.26388888888889,0.0,36470.0,0.0,0.0,0.0,2,3,No
PRV55324,0.0,25.0,25.0,24,0.0,301.2,0.0,7530.0,0.0,0.0,0.0,1,1,No
PRV55325,0.0,41.0,41.0,20,0.0,365.3658536585366,0.0,14980.0,0.0,0.0,0.0,1,2,No
PRV55326,0.0,58.0,58.0,30,0.0,201.72413793103448,0.0,11700.0,0.0,0.0,0.0,1,1,No
PRV55329,0.0,2.0,2.0,2,0.0,180.0,0.0,360.0,0.0,0.0,0.0,1,1,No
PRV55330,0.0,4.0,4.0,4,0.0,292.5,0.0,1170.0,0.0,0.0,0.0,1,1,No
PRV55331,0.0,23.0,23.0,19,0.0,204.34782608695653,0.0,4700.0,0.0,0.0,0.0,1,1,No
PRV55333,0.0,51.0,51.0,31,0.0,186.27450980392157,0.0,9500.0,0.0,0.0,0.0,1,2,No
PRV55335,0.0,24.0,24.0,16,0.0,73.33333333333333,0.0,1760.0,0.0,0.0,0.0,1,1,No
PRV55337,0.0,13.0,13.0,13,0.0,145.3846153846154,0.0,1890.0,0.0,0.0,0.0,1,1,No
PRV55338,0.0,46.0,46.0,44,0.0,191.08695652173913,0.0,8790.0,0.0,0.0,0.0,1,2,No
PRV55339,0.0,30.0,30.0,28,0.0,262.6666666666667,0.0,7880.0,0.0,0.0,0.0,1,1,No
PRV55340,0.0,108.0,108.0,83,0.0,303.05555555555554,0.0,32730.0,0.0,0.0,0.0,1,1,No
PRV55341,0.0,14.0,14.0,14,0.0,88.57142857142857,0.0,1240.0,0.0,0.0,0.0,1,1,No
PRV55342,0.0,9.0,9.0,8,0.0,271.1111111111111,0.0,2440.0,0.0,0.0,0.0,1,1,No
PRV55343,0.0,90.0,90.0,74,0.0,266.0,0.0,23940.0,0.0,0.0,0.0,1,1,No
PRV55344,0.0,14.0,14.0,8,0.0,594.2857142857143,0.0,8320.0,0.0,0.0,0.0,1,1,No
PRV55345,0.0,15.0,15.0,14,0.0,487.3333333333333,0.0,7310.0,0.0,0.0,0.0,1,1,No
PRV55348,0.0,7.0,7.0,5,0.0,87.14285714285714,0.0,610.0,0.0,0.0,0.0,1,1,No
PRV55350,0.0,31.0,31.0,23,0.0,135.80645161290323,0.0,4210.0,0.0,0.0,0.0,1,1,No
PRV55351,0.0,10.0,10.0,8,0.0,165.0,0.0,1650.0,0.0,0.0,0.0,1,1,No
PRV55352,0.0,39.0,39.0,27,0.0,329.4871794871795,0.0,12850.0,0.0,0.0,0.0,1,2,No
PRV55353,0.0,12.0,12.0,12,0.0,247.5,0.0,2970.0,0.0,0.0,0.0,1,1,No
PRV55354,0.0,178.0,178.0,105,0.0,247.13483146067415,0.0,43990.0,0.0,0.0,0.0,1,4,No
PRV55355,0.0,1.0,1.0,1,0.0,90.0,0.0,90.0,0.0,0.0,0.0,1,1,No
PRV55356,0.0,27.0,27.0,27,0.0,186.2962962962963,0.0,5030.0,0.0,0.0,0.0,1,1,No
PRV55357,0.0,161.0,161.0,106,0.0,231.49068322981367,0.0,37270.0,0.0,0.0,0.0,1,1,No
PRV55358,0.0,37.0,37.0,34,0.0,397.56756756756755,0.0,14710.0,0.0,0.0,0.0,1,2,No
PRV55359,0.0,113.0,113.0,52,0.0,424.24778761061947,0.0,47940.0,0.0,0.0,0.0,1,4,No
PRV55360,0.0,17.0,17.0,17,0.0,287.05882352941177,0.0,4880.0,0.0,0.0,0.0,1,1,No
PRV55361,0.0,85.0,85.0,59,0.0,275.52941176470586,0.0,23420.0,0.0,0.0,0.0,1,1,No
PRV55362,0.0,148.0,148.0,101,0.0,244.3918918918919,0.0,36170.0,0.0,0.0,0.0,1,4,No
PRV55363,0.0,62.0,62.0,32,0.0,388.2258064516129,0.0,24070.0,0.0,0.0,0.0,1,5,No
PRV55364,0.0,1.0,1.0,1,0.0,80.0,0.0,80.0,0.0,0.0,0.0,1,1,No
PRV55365,0.0,7.0,7.0,5,0.0,52.857142857142854,0.0,370.0,0.0,0.0,0.0,1,1,No
PRV55366,0.0,107.0,107.0,53,0.0,189.81308411214954,0.0,20310.0,0.0,0.0,0.0,2,4,No
PRV55368,0.0,115.0,115.0,101,0.0,215.3913043478261,0.0,24770.0,0.0,0.0,0.0,2,10,No
PRV55371,0.0,3.0,3.0,3,0.0,110.0,0.0,330.0,0.0,0.0,0.0,1,1,No
PRV55372,0.0,12.0,12.0,7,0.0,218.33333333333334,0.0,2620.0,0.0,0.0,0.0,1,1,No
PRV55374,33.0,0.0,33.0,31,10151.515151515152,0.0,335000.0,0.0,5.212121212121212,5.212121212121212,33.0,1,5,Yes
PRV55375,14.0,0.0,14.0,14,10564.285714285714,0.0,147900.0,0.0,5.928571428571429,5.928571428571429,14.0,1,6,Yes
PRV55376,0.0,88.0,88.0,79,0.0,243.97727272727272,0.0,21470.0,0.0,0.0,0.0,2,10,No
PRV55377,0.0,4.0,4.0,4,0.0,852.5,0.0,3410.0,0.0,0.0,0.0,1,2,No
PRV55378,14.0,0.0,14.0,13,9428.57142857143,0.0,132000.0,0.0,5.428571428571429,5.428571428571429,14.0,1,5,No
PRV55379,4.0,0.0,4.0,4,9000.0,0.0,36000.0,0.0,5.0,5.0,4.0,1,3,No
PRV55381,20.0,25.0,45.0,40,8300.0,308.0,166000.0,7700.0,3.7,3.7,0.8,1,5,No
PRV55382,8.0,0.0,8.0,8,16125.0,0.0,129000.0,0.0,7.625,7.625,8.0,1,5,No
PRV55383,8.0,0.0,8.0,8,8750.0,0.0,70000.0,0.0,4.125,4.125,8.0,1,2,No
PRV55384,0.0,1.0,1.0,1,0.0,30.0,0.0,30.0,0.0,0.0,0.0,1,1,No
PRV55385,8.0,0.0,8.0,7,8750.0,0.0,70000.0,0.0,2.875,2.875,8.0,1,4,No
PRV55386,0.0,82.0,82.0,62,0.0,256.219512195122,0.0,21010.0,0.0,0.0,0.0,2,8,No
PRV55387,6.0,0.0,6.0,6,15000.0,0.0,90000.0,0.0,5.0,5.0,6.0,1,5,No
PRV55388,0.0,515.0,515.0,307,0.0,260.54368932038835,0.0,134180.0,0.0,0.0,0.0,2,13,No
PRV55390,0.0,26.0,26.0,16,0.0,890.3846153846154,0.0,23150.0,0.0,0.0,0.0,2,7,No
PRV55392,23.0,169.0,192.0,115,10956.521739130434,296.50887573964496,252000.0,50110.0,7.086956521739131,7.086956521739131,0.13609467455621302,4,27,No
PRV55395,0.0,12.0,12.0,10,0.0,247.5,0.0,2970.0,0.0,0.0,0.0,2,3,No
PRV55396,15.0,60.0,75.0,63,9400.0,213.83333333333334,141000.0,12830.0,4.133333333333334,4.133333333333334,0.25,6,30,No
PRV55397,0.0,6.0,6.0,5,0.0,105.0,0.0,630.0,0.0,0.0,0.0,1,4,No
PRV55398,0.0,13.0,13.0,8,0.0,110.0,0.0,1430.0,0.0,0.0,0.0,1,2,No
PRV55399,3.0,24.0,27.0,14,10333.333333333334,199.58333333333334,31000.0,4790.0,4.333333333333333,4.333333333333333,0.125,3,6,No
PRV55400,0.0,1.0,1.0,1,0.0,200.0,0.0,200.0,0.0,0.0,0.0,1,1,No
PRV55401,0.0,49.0,49.0,23,0.0,235.91836734693877,0.0,11560.0,0.0,0.0,0.0,1,6,No
PRV55402,0.0,44.0,44.0,21,0.0,402.72727272727275,0.0,17720.0,0.0,0.0,0.0,1,4,No
PRV55404,0.0,25.0,25.0,9,0.0,96.8,0.0,2420.0,0.0,0.0,0.0,1,3,No
PRV55405,0.0,10.0,10.0,1,0.0,273.0,0.0,2730.0,0.0,0.0,0.0,1,1,No
PRV55408,0.0,16.0,16.0,11,0.0,322.5,0.0,5160.0,0.0,0.0,0.0,1,3,No
PRV55409,0.0,5.0,5.0,4,0.0,56.0,0.0,280.0,0.0,0.0,0.0,1,2,No
PRV55410,0.0,56.0,56.0,33,0.0,274.64285714285717,0.0,15380.0,0.0,0.0,0.0,1,6,No
PRV55411,0.0,39.0,39.0,23,0.0,307.43589743589746,0.0,11990.0,0.0,0.0,0.0,2,4,No
PRV55412,0.0,11.0,11.0,4,0.0,176.36363636363637,0.0,1940.0,0.0,0.0,0.0,1,2,No
PRV55413,0.0,4.0,4.0,4,0.0,550.0,0.0,2200.0,0.0,0.0,0.0,1,3,No
PRV55414,2.0,10.0,12.0,12,5000.0,367.0,10000.0,3670.0,2.0,2.0,0.2,2,7,No
PRV55416,2.0,71.0,73.0,40,3500.0,187.74647887323943,7000.0,13330.0,11.0,11.0,0.028169014084507043,2,5,No
PRV55417,0.0,30.0,30.0,12,0.0,123.66666666666667,0.0,3710.0,0.0,0.0,0.0,1,5,No
PRV55418,3.0,6.0,9.0,6,6000.0,365.0,18000.0,2190.0,7.666666666666667,7.666666666666667,0.5,1,3,No
PRV55419,0.0,8.0,8.0,6,0.0,553.75,0.0,4430.0,0.0,0.0,0.0,1,2,No
PRV55423,0.0,25.0,25.0,11,0.0,188.4,0.0,4710.0,0.0,0.0,0.0,2,5,No
PRV55424,0.0,10.0,10.0,6,0.0,83.0,0.0,830.0,0.0,0.0,0.0,1,3,No
PRV55425,0.0,26.0,26.0,6,0.0,149.23076923076923,0.0,3880.0,0.0,0.0,0.0,1,2,No
PRV55426,0.0,77.0,77.0,38,0.0,287.14285714285717,0.0,22110.0,0.0,0.0,0.0,1,3,No
PRV55427,0.0,1.0,1.0,1,0.0,50.0,0.0,50.0,0.0,0.0,0.0,1,1,No
PRV55428,1.0,0.0,1.0,1,7000.0,0.0,7000.0,0.0,8.0,8.0,1.0,1,1,No
PRV55430,7.0,0.0,7.0,6,11285.714285714286,0.0,79000.0,0.0,6.857142857142857,6.857142857142857,7.0,1,4,Yes
PRV55431,2.0,0.0,2.0,2,29000.0,0.0,58000.0,0.0,1.5,1.5,2.0,1,1,No
PRV55432,0.0,29.0,29.0,22,0.0,256.2068965517241,0.0,7430.0,0.0,0.0,0.0,1,2,No
PRV55433,32.0,55.0,87.0,77,10393.75,171.27272727272728,332600.0,9420.0,4.5625,4.5625,0.5818181818181818,3,18,Yes
PRV55434,8.0,32.0,40.0,39,7500.0,306.25,60000.0,9800.0,5.5,5.5,0.25,5,9,No
PRV55435,128.0,23.0,151.0,133,9740.625,141.30434782608697,1246800.0,3250.0,6.046875,6.046875,5.565217391304348,4,11,Yes
PRV55436,0.0,11.0,11.0,11,0.0,220.9090909090909,0.0,2430.0,0.0,0.0,0.0,4,7,No
PRV55437,28.0,78.0,106.0,102,13775.0,186.53846153846155,385700.0,14550.0,7.607142857142857,7.607142857142857,0.358974358974359,6,24,Yes
PRV55438,0.0,219.0,219.0,73,0.0,320.50228310502285,0.0,70190.0,0.0,0.0,0.0,1,8,No
PRV55439,0.0,224.0,224.0,188,0.0,429.86607142857144,0.0,96290.0,0.0,0.0,0.0,2,19,No
PRV55441,7.0,25.0,32.0,30,8428.57142857143,356.4,59000.0,8910.0,4.571428571428571,4.571428571428571,0.28,3,11,No
PRV55442,15.0,46.0,61.0,55,6733.333333333333,409.7826086956522,101000.0,18850.0,4.4,4.4,0.32608695652173914,2,11,No
PRV55443,30.0,8.0,38.0,34,11223.333333333334,586.25,336700.0,4690.0,6.8,6.8,3.75,3,10,No
PRV55444,114.0,14.0,128.0,109,11480.701754385966,318.57142857142856,1308800.0,4460.0,5.7368421052631575,5.7368421052631575,8.142857142857142,3,13,Yes
PRV55445,0.0,133.0,133.0,39,0.0,424.812030075188,0.0,56500.0,0.0,0.0,0.0,2,3,No
PRV55446,0.0,98.0,98.0,87,0.0,236.12244897959184,0.0,23140.0,0.0,0.0,0.0,8,15,No
PRV55447,0.0,66.0,66.0,60,0.0,348.3333333333333,0.0,22990.0,0.0,0.0,0.0,5,20,No
PRV55448,0.0,40.0,40.0,39,0.0,225.0,0.0,9000.0,0.0,0.0,0.0,5,16,No
PRV55449,0.0,21.0,21.0,20,0.0,308.57142857142856,0.0,6480.0,0.0,0.0,0.0,5,11,No
PRV55450,1.0,200.0,201.0,123,5000.0,263.05,5000.0,52610.0,9.0,9.0,0.005,3,8,No
PRV55451,0.0,11.0,11.0,11,0.0,78.18181818181819,0.0,860.0,0.0,0.0,0.0,2,6,No
PRV55452,31.0,29.0,60.0,49,11700.0,335.51724137931035,362700.0,9730.0,7.258064516129032,7.258064516129032,1.0689655172413792,4,12,No
PRV55453,13.0,782.0,795.0,333,7846.153846153846,246.30434782608697,102000.0,192610.0,4.230769230769231,4.230769230769231,0.016624040920716114,5,15,Yes
PRV55454,5.0,363.0,368.0,156,6600.0,280.8815426997245,33000.0,101960.0,10.0,10.0,0.013774104683195593,3,9,No
PRV55455,0.0,373.0,373.0,145,0.0,255.63002680965147,0.0,95350.0,0.0,0.0,0.0,3,7,No
PRV55456,5.0,1.0,6.0,6,13600.0,3300.0,68000.0,3300.0,4.8,4.8,5.0,1,3,No
PRV55458,0.0,35.0,35.0,34,0.0,338.0,0.0,11830.0,0.0,0.0,0.0,5,15,No
PRV55459,0.0,344.0,344.0,270,0.0,333.9825581395349,0.0,114890.0,0.0,0.0,0.0,4,33,No
PRV55460,0.0,18.0,18.0,16,0.0,190.55555555555554,0.0,3430.0,0.0,0.0,0.0,2,11,No
PRV55462,386.0,1521.0,1907.0,969,11036.528497409327,298.310322156476,4260100.0,453730.0,5.948186528497409,5.948186528497409,0.25378040762656146,13,66,Yes
PRV55463,0.0,257.0,257.0,220,0.0,285.9922178988327,0.0,73500.0,0.0,0.0,0.0,10,49,No
PRV55464,0.0,29.0,29.0,28,0.0,225.51724137931035,0.0,6540.0,0.0,0.0,0.0,2,11,No
PRV55465,9.0,330.0,339.0,121,10444.444444444445,338.8787878787879,94000.0,111830.0,6.888888888888889,6.888888888888889,0.02727272727272727,5,16,No
PRV55467,6.0,1890.0,1896.0,703,9166.666666666666,272.1058201058201,55000.0,514280.0,4.5,4.5,0.0031746031746031746,2,21,Yes
PRV55468,0.0,27.0,27.0,25,0.0,371.48148148148147,0.0,10030.0,0.0,0.0,0.0,3,5,No
PRV55469,0.0,10.0,10.0,10,0.0,211.0,0.0,2110.0,0.0,0.0,0.0,2,7,No
PRV55470,0.0,470.0,470.0,204,0.0,287.36170212765956,0.0,135060.0,0.0,0.0,0.0,3,22,No
PRV55471,0.0,13.0,13.0,13,0.0,128.46153846153845,0.0,1670.0,0.0,0.0,0.0,2,7,No
PRV55472,21.0,2.0,23.0,19,12142.857142857143,45.0,255000.0,90.0,8.380952380952381,8.380952380952381,10.5,1,3,Yes
PRV55473,0.0,6.0,6.0,5,0.0,225.0,0.0,1350.0,0.0,0.0,0.0,2,2,No
PRV55474,0.0,80.0,80.0,74,0.0,217.875,0.0,17430.0,0.0,0.0,0.0,3,19,No
PRV55475,0.0,17.0,17.0,17,0.0,217.64705882352942,0.0,3700.0,0.0,0.0,0.0,3,9,No
PRV55477,0.0,46.0,46.0,43,0.0,375.8695652173913,0.0,17290.0,0.0,0.0,0.0,5,13,No
PRV55479,0.0,672.0,672.0,317,0.0,241.68154761904762,0.0,162410.0,0.0,0.0,0.0,2,7,No
PRV55480,0.0,42.0,42.0,42,0.0,348.57142857142856,0.0,14640.0,0.0,0.0,0.0,6,23,No
PRV55481,1.0,51.0,52.0,27,5000.0,300.19607843137254,5000.0,15310.0,1.0,1.0,0.0196078431372549,2,8,No
PRV55482,41.0,42.0,83.0,72,12195.121951219513,220.23809523809524,500000.0,9250.0,7.365853658536586,7.365853658536586,0.9761904761904762,4,16,Yes
PRV55483,65.0,11.0,76.0,60,11898.461538461539,421.8181818181818,773400.0,4640.0,5.846153846153846,5.846153846153846,5.909090909090909,3,12,Yes
PRV55486,0.0,15.0,15.0,15,0.0,344.6666666666667,0.0,5170.0,0.0,0.0,0.0,2,6,No
PRV55487,0.0,78.0,78.0,42,0.0,346.15384615384613,0.0,27000.0,0.0,0.0,0.0,1,6,No
PRV55489,0.0,361.0,361.0,217,0.0,309.52908587257616,0.0,111740.0,0.0,0.0,0.0,3,12,No
PRV55490,19.0,31.0,50.0,46,8000.0,287.0967741935484,152000.0,8900.0,5.526315789473684,5.526315789473684,0.6129032258064516,3,16,No
PRV55491,0.0,355.0,355.0,180,0.0,326.11267605633805,0.0,115770.0,0.0,0.0,0.0,1,13,No
PRV55492,25.0,17.0,42.0,40,11040.0,351.7647058823529,276000.0,5980.0,6.24,6.24,1.4705882352941178,3,14,Yes
PRV55493,0.0,39.0,39.0,39,0.0,160.76923076923077,0.0,6270.0,0.0,0.0,0.0,4,12,No
PRV55494,1.0,5.0,6.0,6,4000.0,94.0,4000.0,470.0,2.0,2.0,0.2,1,3,No
PRV55495,24.0,27.0,51.0,51,11625.0,135.55555555555554,279000.0,3660.0,4.958333333333333,4.958333333333333,0.8888888888888888,3,12,Yes
PRV55496,41.0,45.0,86.0,78,6560.975609756098,187.55555555555554,269000.0,8440.0,4.975609756097561,4.975609756097561,0.9111111111111111,2,11,Yes
PRV55497,0.0,7.0,7.0,7,0.0,140.0,0.0,980.0,0.0,0.0,0.0,1,3,No
PRV55498,0.0,27.0,27.0,26,0.0,104.81481481481481,0.0,2830.0,0.0,0.0,0.0,3,9,No
PRV55499,0.0,33.0,33.0,29,0.0,239.3939393939394,0.0,7900.0,0.0,0.0,0.0,4,10,No
PRV55500,0.0,38.0,38.0,37,0.0,396.3157894736842,0.0,15060.0,0.0,0.0,0.0,4,9,No
PRV55501,1.0,12.0,13.0,13,10000.0,245.0,10000.0,2940.0,4.0,4.0,0.08333333333333333,2,4,No
PRV55503,1.0,603.0,604.0,299,9000.0,298.1426202321725,9000.0,179780.0,4.0,4.0,0.001658374792703151,3,8,No
PRV55505,0.0,480.0,480.0,276,0.0,267.1875,0.0,128250.0,0.0,0.0,0.0,3,21,No
PRV55506,12.0,2.0,14.0,11,10400.0,70.0,124800.0,140.0,7.416666666666667,7.416666666666667,6.0,1,3,Yes
PRV55507,3.0,84.0,87.0,32,9000.0,206.54761904761904,27000.0,17350.0,7.333333333333333,7.333333333333333,0.03571428571428571,1,4,No
PRV55508,0.0,16.0,16.0,14,0.0,581.875,0.0,9310.0,0.0,0.0,0.0,2,4,No
PRV55509,28.0,11.0,39.0,38,12821.42857142857,319.09090909090907,359000.0,3510.0,5.928571428571429,5.928571428571429,2.5454545454545454,2,9,Yes
PRV55510,0.0,861.0,861.0,791,0.0,296.411149825784,0.0,255210.0,0.0,0.0,0.0,34,84,No
PRV55511,0.0,5.0,5.0,5,0.0,704.0,0.0,3520.0,0.0,0.0,0.0,1,3,No
PRV55512,0.0,128.0,128.0,55,0.0,252.578125,0.0,32330.0,0.0,0.0,0.0,1,6,No
PRV55513,0.0,38.0,38.0,36,0.0,330.2631578947368,0.0,12550.0,0.0,0.0,0.0,4,11,No
PRV55514,7.0,288.0,295.0,153,7571.428571428572,365.7291666666667,53000.0,105330.0,3.0,3.0,0.024305555555555556,2,16,Yes
PRV55515,0.0,459.0,459.0,181,0.0,285.0980392156863,0.0,130860.0,0.0,0.0,0.0,3,20,No
PRV55516,22.0,136.0,158.0,108,9227.272727272728,381.8382352941176,203000.0,51930.0,4.954545454545454,4.954545454545454,0.16176470588235295,4,17,No
PRV55518,11.0,224.0,235.0,199,11336.363636363636,361.91964285714283,124700.0,81070.0,6.181818181818182,6.181818181818182,0.049107142857142856,4,12,No
PRV55519,7.0,16.0,23.0,20,13000.0,231.875,91000.0,3710.0,5.571428571428571,5.571428571428571,0.4375,3,9,Yes
PRV55520,0.0,287.0,287.0,118,0.0,334.11149825783974,0.0,95890.0,0.0,0.0,0.0,2,8,No
PRV55521,0.0,615.0,615.0,258,0.0,256.3414634146341,0.0,157650.0,0.0,0.0,0.0,1,8,No
PRV55522,0.0,248.0,248.0,192,0.0,280.5241935483871,0.0,69570.0,0.0,0.0,0.0,2,20,No
PRV55523,0.0,303.0,303.0,158,0.0,274.983498349835,0.0,83320.0,0.0,0.0,0.0,1,16,No
PRV55525,0.0,933.0,933.0,280,0.0,315.3804930332262,0.0,294250.0,0.0,0.0,0.0,3,15,No
PRV55527,0.0,2.0,2.0,2,0.0,85.0,0.0,170.0,0.0,0.0,0.0,1,2,No
PRV55528,0.0,4.0,4.0,4,0.0,220.0,0.0,880.0,0.0,0.0,0.0,2,3,No
PRV55530,0.0,71.0,71.0,67,0.0,249.71830985915494,0.0,17730.0,0.0,0.0,0.0,4,11,No
PRV55531,108.0,14.0,122.0,111,8185.185185185185,152.14285714285714,884000.0,2130.0,5.685185185185185,5.685185185185185,7.714285714285714,2,4,Yes
PRV55534,0.0,146.0,146.0,72,0.0,240.27397260273972,0.0,35080.0,0.0,0.0,0.0,2,7,No
PRV55535,0.0,42.0,42.0,35,0.0,230.71428571428572,0.0,9690.0,0.0,0.0,0.0,3,12,No
PRV55536,11.0,211.0,222.0,106,8900.0,239.0995260663507,97900.0,50450.0,5.454545454545454,5.454545454545454,0.052132701421800945,2,13,No
PRV55537,0.0,15.0,15.0,13,0.0,320.6666666666667,0.0,4810.0,0.0,0.0,0.0,2,5,No
PRV55538,0.0,2.0,2.0,2,0.0,40.0,0.0,80.0,0.0,0.0,0.0,1,1,No
PRV55539,0.0,3.0,3.0,3,0.0,873.3333333333334,0.0,2620.0,0.0,0.0,0.0,2,2,No
PRV55540,23.0,8.0,31.0,27,9391.304347826086,630.0,216000.0,5040.0,5.434782608695652,5.434782608695652,2.875,1,7,No
PRV55541,0.0,134.0,134.0,65,0.0,226.71641791044777,0.0,30380.0,0.0,0.0,0.0,1,5,No
PRV55543,4.0,137.0,141.0,95,13750.0,274.45255474452557,55000.0,37600.0,2.25,2.25,0.029197080291970802,3,5,No
PRV55547,9.0,18.0,27.0,26,15000.0,245.55555555555554,135000.0,4420.0,8.333333333333334,8.333333333333334,0.5,5,11,No
PRV55548,0.0,562.0,562.0,289,0.0,284.0925266903915,0.0,159660.0,0.0,0.0,0.0,3,17,No
PRV55549,0.0,28.0,28.0,11,0.0,260.7142857142857,0.0,7300.0,0.0,0.0,0.0,1,4,No
PRV55550,37.0,21.0,58.0,54,12189.18918918919,104.76190476190476,451000.0,2200.0,6.621621621621622,6.621621621621622,1.7619047619047619,1,6,Yes
PRV55551,0.0,91.0,91.0,74,0.0,327.032967032967,0.0,29760.0,0.0,0.0,0.0,6,12,No
PRV55552,4.0,1202.0,1206.0,547,26500.0,275.15806988352745,106000.0,330740.0,9.5,9.5,0.0033277870216306157,4,13,No
PRV55554,0.0,78.0,78.0,66,0.0,207.43589743589743,0.0,16180.0,0.0,0.0,0.0,2,16,No
PRV55555,7.0,43.0,50.0,45,5285.714285714285,429.06976744186045,37000.0,18450.0,6.428571428571429,6.428571428571429,0.16279069767441862,3,11,No
PRV55556,0.0,206.0,206.0,181,0.0,262.5242718446602,0.0,54080.0,0.0,0.0,0.0,6,45,No
PRV55557,4.0,64.0,68.0,63,10250.0,303.90625,41000.0,19450.0,3.5,3.5,0.0625,2,7,No
PRV55558,0.0,36.0,36.0,33,0.0,314.72222222222223,0.0,11330.0,0.0,0.0,0.0,1,3,No
PRV55560,0.0,21.0,21.0,19,0.0,246.1904761904762,0.0,5170.0,0.0,0.0,0.0,3,5,No
PRV55561,0.0,24.0,24.0,23,0.0,348.3333333333333,0.0,8360.0,0.0,0.0,0.0,1,5,No
PRV55562,0.0,17.0,17.0,14,0.0,173.52941176470588,0.0,2950.0,0.0,0.0,0.0,3,3,No
PRV55563,0.0,18.0,18.0,17,0.0,260.55555555555554,0.0,4690.0,0.0,0.0,0.0,1,4,No
PRV55564,0.0,3.0,3.0,3,0.0,50.0,0.0,150.0,0.0,0.0,0.0,2,2,No
PRV55565,0.0,23.0,23.0,22,0.0,280.0,0.0,6440.0,0.0,0.0,0.0,3,7,No
PRV55566,0.0,53.0,53.0,47,0.0,326.60377358490564,0.0,17310.0,0.0,0.0,0.0,2,9,No
PRV55567,21.0,49.0,70.0,66,9776.190476190477,174.89795918367346,205300.0,8570.0,6.428571428571429,6.428571428571429,0.42857142857142855,2,16,No
PRV55569,0.0,9.0,9.0,7,0.0,164.44444444444446,0.0,1480.0,0.0,0.0,0.0,1,5,No
PRV55570,0.0,10.0,10.0,9,0.0,490.0,0.0,4900.0,0.0,0.0,0.0,1,6,No
PRV55571,0.0,61.0,61.0,51,0.0,222.29508196721312,0.0,13560.0,0.0,0.0,0.0,2,4,No
PRV55572,0.0,1.0,1.0,1,0.0,10.0,0.0,10.0,0.0,0.0,0.0,1,1,No
PRV55573,4.0,7.0,11.0,11,7250.0,90.0,29000.0,630.0,6.75,6.75,0.5714285714285714,2,7,No
PRV55574,0.0,15.0,15.0,12,0.0,156.0,0.0,2340.0,0.0,0.0,0.0,2,3,No
PRV55575,0.0,6.0,6.0,4,0.0,78.33333333333333,0.0,470.0,0.0,0.0,0.0,1,2,No
PRV55576,3.0,57.0,60.0,49,3666.6666666666665,277.719298245614,11000.0,15830.0,3.6666666666666665,3.6666666666666665,0.05263157894736842,2,8,No
PRV55577,0.0,2.0,2.0,2,0.0,10.0,0.0,20.0,0.0,0.0,0.0,2,2,No
PRV55578,0.0,1.0,1.0,1,0.0,200.0,0.0,200.0,0.0,0.0,0.0,1,1,No
PRV55579,0.0,174.0,174.0,82,0.0,215.91954022988506,0.0,37570.0,0.0,0.0,0.0,2,8,No
PRV55580,0.0,66.0,66.0,26,0.0,293.6363636363636,0.0,19380.0,0.0,0.0,0.0,2,6,No
PRV55581,0.0,2.0,2.0,2,0.0,35.0,0.0,70.0,0.0,0.0,0.0,1,2,No
PRV55582,0.0,24.0,24.0,22,0.0,327.9166666666667,0.0,7870.0,0.0,0.0,0.0,1,8,No
PRV55583,3.0,9.0,12.0,11,6000.0,91.11111111111111,18000.0,820.0,2.6666666666666665,2.6666666666666665,0.3333333333333333,1,6,No
PRV55584,0.0,2.0,2.0,2,0.0,300.0,0.0,600.0,0.0,0.0,0.0,1,1,No
PRV55585,0.0,114.0,114.0,85,0.0,285.0877192982456,0.0,32500.0,0.0,0.0,0.0,3,8,No
PRV55586,2.0,0.0,2.0,2,21000.0,0.0,42000.0,0.0,18.5,18.5,2.0,1,1,No
PRV55587,0.0,7.0,7.0,7,0.0,247.14285714285714,0.0,1730.0,0.0,0.0,0.0,1,1,No
PRV55588,0.0,3.0,3.0,3,0.0,1266.6666666666667,0.0,3800.0,0.0,0.0,0.0,1,3,No
PRV55589,0.0,20.0,20.0,18,0.0,112.0,0.0,2240.0,0.0,0.0,0.0,2,6,No
PRV55590,0.0,5.0,5.0,5,0.0,500.0,0.0,2500.0,0.0,0.0,0.0,1,3,No
PRV55591,0.0,1.0,1.0,1,0.0,0.0,0.0,0.0,0.0,0.0,0.0,1,1,No
PRV55592,0.0,117.0,117.0,52,0.0,189.23076923076923,0.0,22140.0,0.0,0.0,0.0,3,5,No
PRV55593,0.0,147.0,147.0,53,0.0,270.8843537414966,0.0,39820.0,0.0,0.0,0.0,1,9,No
PRV55595,0.0,17.0,17.0,16,0.0,153.52941176470588,0.0,2610.0,0.0,0.0,0.0,1,4,No
PRV55596,0.0,32.0,32.0,24,0.0,397.5,0.0,12720.0,0.0,0.0,0.0,2,6,No
PRV55598,0.0,167.0,167.0,84,0.0,276.58682634730536,0.0,46190.0,0.0,0.0,0.0,1,5,No
PRV55599,0.0,1.0,1.0,1,0.0,100.0,0.0,100.0,0.0,0.0,0.0,1,1,No
PRV55600,4.0,0.0,4.0,4,6250.0,0.0,25000.0,0.0,4.75,4.75,4.0,1,4,No
PRV55601,0.0,8.0,8.0,8,0.0,192.5,0.0,1540.0,0.0,0.0,0.0,2,2,No
PRV55602,0.0,5.0,5.0,4,0.0,156.0,0.0,780.0,0.0,0.0,0.0,1,1,No
PRV55603,2.0,0.0,2.0,2,7500.0,0.0,15000.0,0.0,2.0,2.0,2.0,1,2,No
PRV55604,17.0,0.0,17.0,17,7647.058823529412,0.0,130000.0,0.0,6.352941176470588,6.352941176470588,17.0,1,5,No
PRV55606,4.0,0.0,4.0,3,10000.0,0.0,40000.0,0.0,2.5,2.5,4.0,1,1,No
PRV55607,0.0,1.0,1.0,1,0.0,40.0,0.0,40.0,0.0,0.0,0.0,1,1,No
PRV55608,0.0,18.0,18.0,18,0.0,411.1111111111111,0.0,7400.0,0.0,0.0,0.0,1,1,No
PRV55609,0.0,10.0,10.0,10,0.0,685.0,0.0,6850.0,0.0,0.0,0.0,1,1,No
PRV55610,0.0,1.0,1.0,1,0.0,1700.0,0.0,1700.0,0.0,0.0,0.0,1,1,No
PRV55612,0.0,1.0,1.0,1,0.0,800.0,0.0,800.0,0.0,0.0,0.0,1,1,No
PRV55613,0.0,7.0,7.0,7,0.0,105.71428571428571,0.0,740.0,0.0,0.0,0.0,1,1,No
PRV55614,0.0,73.0,73.0,68,0.0,404.52054794520546,0.0,29530.0,0.0,0.0,0.0,1,2,No
PRV55615,0.0,1.0,1.0,1,0.0,50.0,0.0,50.0,0.0,0.0,0.0,1,1,No
PRV55617,0.0,2.0,2.0,2,0.0,130.0,0.0,260.0,0.0,0.0,0.0,1,1,No
PRV55618,0.0,13.0,13.0,11,0.0,108.46153846153847,0.0,1410.0,0.0,0.0,0.0,1,1,No
PRV55619,0.0,2.0,2.0,2,0.0,30.0,0.0,60.0,0.0,0.0,0.0,1,1,No
PRV55620,0.0,15.0,15.0,14,0.0,122.66666666666667,0.0,1840.0,0.0,0.0,0.0,1,1,No
PRV55621,0.0,62.0,62.0,59,0.0,210.16129032258064,0.0,13030.0,0.0,0.0,0.0,1,2,No
PRV55622,0.0,1.0,1.0,1,0.0,1500.0,0.0,1500.0,0.0,0.0,0.0,1,1,No
PRV55623,0.0,9.0,9.0,8,0.0,327.77777777777777,0.0,2950.0,0.0,0.0,0.0,1,1,No
PRV55624,0.0,2.0,2.0,2,0.0,50.0,0.0,100.0,0.0,0.0,0.0,1,1,No
PRV55625,0.0,21.0,21.0,16,0.0,281.42857142857144,0.0,5910.0,0.0,0.0,0.0,1,1,No
PRV55626,0.0,9.0,9.0,9,0.0,90.0,0.0,810.0,0.0,0.0,0.0,1,1,No
PRV55627,0.0,38.0,38.0,32,0.0,157.3684210526316,0.0,5980.0,0.0,0.0,0.0,1,3,No
PRV55631,0.0,2.0,2.0,2,0.0,200.0,0.0,400.0,0.0,0.0,0.0,1,1,No
PRV55632,0.0,1.0,1.0,1,0.0,60.0,0.0,60.0,0.0,0.0,0.0,1,1,No
PRV55633,0.0,358.0,358.0,209,0.0,256.1173184357542,0.0,91690.0,0.0,0.0,0.0,1,1,No
PRV55634,0.0,2.0,2.0,2,0.0,1750.0,0.0,3500.0,0.0,0.0,0.0,1,1,No
PRV55635,0.0,59.0,59.0,58,0.0,228.64406779661016,0.0,13490.0,0.0,0.0,0.0,1,2,No
PRV55637,0.0,1.0,1.0,1,0.0,300.0,0.0,300.0,0.0,0.0,0.0,1,1,No
PRV55638,0.0,5.0,5.0,4,0.0,72.0,0.0,360.0,0.0,0.0,0.0,2,2,No
PRV55639,0.0,4.0,4.0,4,0.0,110.0,0.0,440.0,0.0,0.0,0.0,1,2,No
PRV55640,0.0,64.0,64.0,49,0.0,185.9375,0.0,11900.0,0.0,0.0,0.0,1,3,No
PRV55641,0.0,2.0,2.0,2,0.0,420.0,0.0,840.0,0.0,0.0,0.0,1,1,No
PRV55642,0.0,2.0,2.0,2,0.0,1450.0,0.0,2900.0,0.0,0.0,0.0,1,1,No
PRV55644,0.0,29.0,29.0,26,0.0,174.48275862068965,0.0,5060.0,0.0,0.0,0.0,1,2,No
PRV55646,0.0,2.0,2.0,2,0.0,150.0,0.0,300.0,0.0,0.0,0.0,1,1,No
PRV55648,0.0,2.0,2.0,2,0.0,40.0,0.0,80.0,0.0,0.0,0.0,1,1,No
PRV55649,0.0,2.0,2.0,1,0.0,50.0,0.0,100.0,0.0,0.0,0.0,1,1,No
PRV55650,0.0,4.0,4.0,4,0.0,55.0,0.0,220.0,0.0,0.0,0.0,1,2,No
PRV55652,0.0,28.0,28.0,27,0.0,219.28571428571428,0.0,6140.0,0.0,0.0,0.0,1,12,No
PRV55653,0.0,25.0,25.0,25,0.0,256.0,0.0,6400.0,0.0,0.0,0.0,1,7,No
PRV55654,0.0,578.0,578.0,374,0.0,337.71626297577853,0.0,195200.0,0.0,0.0,0.0,4,15,No
PRV55655,0.0,3.0,3.0,3,0.0,76.66666666666667,0.0,230.0,0.0,0.0,0.0,1,1,No
PRV55656,0.0,30.0,30.0,26,0.0,339.0,0.0,10170.0,0.0,0.0,0.0,1,2,No
PRV55657,0.0,1.0,1.0,1,0.0,1700.0,0.0,1700.0,0.0,0.0,0.0,1,1,No
PRV55658,15.0,0.0,15.0,14,13093.333333333334,0.0,196400.0,0.0,9.266666666666667,9.266666666666667,15.0,1,5,No
PRV55659,20.0,0.0,20.0,18,11350.0,0.0,227000.0,0.0,5.8,5.8,20.0,1,3,Yes
PRV55660,4.0,0.0,4.0,4,8250.0,0.0,33000.0,0.0,3.25,3.25,4.0,1,1,No
PRV55661,14.0,0.0,14.0,11,14428.57142857143,0.0,202000.0,0.0,4.285714285714286,4.285714285714286,14.0,1,2,No
PRV55662,28.0,0.0,28.0,27,8321.42857142857,0.0,233000.0,0.0,6.714285714285714,6.714285714285714,28.0,1,3,No
PRV55663,7.0,0.0,7.0,7,5142.857142857143,0.0,36000.0,0.0,4.714285714285714,4.714285714285714,7.0,1,2,No
PRV55664,20.0,0.0,20.0,17,10250.0,0.0,205000.0,0.0,5.75,5.75,20.0,1,2,No
PRV55665,1.0,0.0,1.0,1,9000.0,0.0,9000.0,0.0,4.0,4.0,1.0,1,1,No
PRV55666,19.0,0.0,19.0,19,6578.9473684210525,0.0,125000.0,0.0,6.631578947368421,6.631578947368421,19.0,1,4,No
PRV55667,38.0,0.0,38.0,33,10057.368421052632,0.0,382180.0,0.0,6.473684210526316,6.473684210526316,38.0,2,4,Yes
PRV55668,4.0,0.0,4.0,4,11750.0,0.0,47000.0,0.0,3.5,3.5,4.0,1,2,No
PRV55670,9.0,0.0,9.0,8,10888.888888888889,0.0,98000.0,0.0,5.666666666666667,5.666666666666667,9.0,2,2,Yes
PRV55671,2.0,0.0,2.0,2,8000.0,0.0,16000.0,0.0,8.0,8.0,2.0,1,1,No
PRV55673,9.0,51.0,60.0,56,10222.222222222223,352.94117647058823,92000.0,18000.0,4.777777777777778,4.777777777777778,0.17647058823529413,3,16,Yes
PRV55674,0.0,9.0,9.0,8,0.0,554.4444444444445,0.0,4990.0,0.0,0.0,0.0,1,5,No
PRV55675,2.0,81.0,83.0,53,40500.0,220.2469135802469,81000.0,17840.0,3.5,3.5,0.024691358024691357,1,7,No
PRV55676,115.0,52.0,167.0,150,8953.04347826087,205.76923076923077,1029600.0,10700.0,4.443478260869565,4.443478260869565,2.2115384615384617,4,35,Yes
PRV55677,0.0,84.0,84.0,79,0.0,204.76190476190476,0.0,17200.0,0.0,0.0,0.0,3,21,No
PRV55678,9.0,7.0,16.0,16,14300.0,84.28571428571429,128700.0,590.0,4.0,4.0,1.2857142857142858,1,7,No
PRV55679,9.0,220.0,229.0,89,10222.222222222223,251.27272727272728,92000.0,55280.0,4.0,4.0,0.04090909090909091,2,11,No
PRV55680,5.0,201.0,206.0,72,5000.0,214.22885572139305,25000.0,43060.0,2.8,2.8,0.024875621890547265,2,12,No
PRV55682,6.0,17.0,23.0,19,9500.0,337.6470588235294,57000.0,5740.0,8.0,8.0,0.35294117647058826,2,9,No
PRV55683,0.0,28.0,28.0,10,0.0,146.42857142857142,0.0,4100.0,0.0,0.0,0.0,1,4,No
PRV55684,0.0,3.0,3.0,3,0.0,136.66666666666666,0.0,410.0,0.0,0.0,0.0,1,3,No
PRV55687,5.0,76.0,81.0,48,6200.0,397.89473684210526,31000.0,30240.0,3.2,3.2,0.06578947368421052,3,6,No
PRV55688,1.0,46.0,47.0,29,14000.0,208.69565217391303,14000.0,9600.0,8.0,8.0,0.021739130434782608,1,9,No
PRV55689,104.0,473.0,577.0,361,10421.153846153846,302.262156448203,1083800.0,142970.0,5.836538461538462,5.836538461538462,0.21987315010570824,3,28,Yes
PRV55690,15.0,76.0,91.0,75,10266.666666666666,190.92105263157896,154000.0,14510.0,5.266666666666667,5.266666666666667,0.19736842105263158,5,29,No
PRV55691,3.0,37.0,40.0,15,5666.666666666667,136.75675675675674,17000.0,5060.0,7.0,7.0,0.08108108108108109,2,5,No
PRV55692,3.0,149.0,152.0,79,7333.333333333333,177.71812080536913,22000.0,26480.0,6.0,6.0,0.020134228187919462,1,15,No
PRV55695,0.0,73.0,73.0,51,0.0,207.53424657534248,0.0,15150.0,0.0,0.0,0.0,1,6,No
PRV55697,0.0,26.0,26.0,24,0.0,285.7692307692308,0.0,7430.0,0.0,0.0,0.0,2,14,No
PRV55699,1.0,29.0,30.0,7,11000.0,412.41379310344826,11000.0,11960.0,3.0,3.0,0.034482758620689655,1,3,No
PRV55700,3.0,27.0,30.0,26,23333.333333333332,482.5925925925926,70000.0,13030.0,6.0,6.0,0.1111111111111111,1,9,No
PRV55701,0.0,186.0,186.0,70,0.0,273.1182795698925,0.0,50800.0,0.0,0.0,0.0,2,11,No
PRV55702,0.0,14.0,14.0,14,0.0,260.0,0.0,3640.0,0.0,0.0,0.0,3,6,No
PRV55703,3.0,55.0,58.0,45,7000.0,249.0909090909091,21000.0,13700.0,4.666666666666667,4.666666666666667,0.05454545454545454,1,7,No
PRV55704,4.0,34.0,38.0,32,5500.0,179.7058823529412,22000.0,6110.0,3.5,3.5,0.11764705882352941,2,9,No
PRV55705,0.0,253.0,253.0,115,0.0,252.64822134387353,0.0,63920.0,0.0,0.0,0.0,2,11,No
PRV55706,1.0,0.0,1.0,1,12000.0,0.0,12000.0,0.0,7.0,7.0,1.0,1,1,No
PRV55707,7.0,26.0,33.0,24,7285.714285714285,154.6153846153846,51000.0,4020.0,3.142857142857143,3.142857142857143,0.2692307692307692,2,8,No
PRV55709,16.0,27.0,43.0,42,9581.25,270.0,153300.0,7290.0,5.75,5.75,0.5925925925925926,2,18,No
PRV55710,6.0,34.0,40.0,37,6000.0,372.94117647058823,36000.0,12680.0,8.333333333333334,8.333333333333334,0.17647058823529413,3,15,No
PRV55711,0.0,5.0,5.0,5,0.0,132.0,0.0,660.0,0.0,0.0,0.0,1,3,No
PRV55712,0.0,26.0,26.0,25,0.0,380.0,0.0,9880.0,0.0,0.0,0.0,3,7,No
PRV55714,3.0,19.0,22.0,17,7333.333333333333,402.10526315789474,22000.0,7640.0,5.333333333333333,5.333333333333333,0.15789473684210525,1,3,No
PRV55715,57.0,807.0,864.0,421,8543.859649122807,301.37546468401484,487000.0,243210.0,6.0,6.0,0.07063197026022305,7,37,Yes
PRV55716,0.0,25.0,25.0,23,0.0,264.8,0.0,6620.0,0.0,0.0,0.0,3,11,No
PRV55717,0.0,73.0,73.0,27,0.0,347.3972602739726,0.0,25360.0,0.0,0.0,0.0,1,2,No
PRV55719,0.0,23.0,23.0,11,0.0,286.95652173913044,0.0,6600.0,0.0,0.0,0.0,1,4,No
PRV55720,4.0,7.0,11.0,10,6262.5,325.7142857142857,25050.0,2280.0,2.75,2.75,0.5714285714285714,2,6,No
PRV55721,0.0,5.0,5.0,5,0.0,82.0,0.0,410.0,0.0,0.0,0.0,2,2,No
PRV55723,0.0,47.0,47.0,25,0.0,308.51063829787233,0.0,14500.0,0.0,0.0,0.0,1,6,No
PRV55724,0.0,31.0,31.0,31,0.0,404.83870967741933,0.0,12550.0,0.0,0.0,0.0,1,3,No
PRV55726,0.0,36.0,36.0,16,0.0,269.1666666666667,0.0,9690.0,0.0,0.0,0.0,3,6,No
PRV55727,0.0,68.0,68.0,35,0.0,244.55882352941177,0.0,16630.0,0.0,0.0,0.0,1,7,No
PRV55728,0.0,7.0,7.0,5,0.0,517.1428571428571,0.0,3620.0,0.0,0.0,0.0,1,2,No
PRV55729,0.0,114.0,114.0,39,0.0,183.42105263157896,0.0,20910.0,0.0,0.0,0.0,1,4,No
PRV55731,0.0,135.0,135.0,52,0.0,240.07407407407408,0.0,32410.0,0.0,0.0,0.0,3,10,No
PRV55732,12.0,99.0,111.0,65,12833.333333333334,249.0909090909091,154000.0,24660.0,5.75,5.75,0.12121212121212122,1,9,No
PRV55733,0.0,46.0,46.0,43,0.0,318.9130434782609,0.0,14670.0,0.0,0.0,0.0,1,7,No
PRV55734,0.0,310.0,310.0,132,0.0,229.6451612903226,0.0,71190.0,0.0,0.0,0.0,2,11,No
PRV55735,0.0,93.0,93.0,83,0.0,346.55913978494624,0.0,32230.0,0.0,0.0,0.0,4,12,No
PRV55736,4.0,226.0,230.0,114,7500.0,344.86725663716817,30000.0,77940.0,9.25,9.25,0.017699115044247787,5,14,No
PRV55737,19.0,238.0,257.0,175,9315.78947368421,355.33613445378154,177000.0,84570.0,5.578947368421052,5.578947368421052,0.07983193277310924,2,13,No
PRV55739,19.0,67.0,86.0,75,11105.263157894737,352.8358208955224,211000.0,23640.0,4.578947368421052,4.578947368421052,0.2835820895522388,1,18,No
PRV55740,0.0,21.0,21.0,18,0.0,214.76190476190476,0.0,4510.0,0.0,0.0,0.0,1,8,No
PRV55741,0.0,6.0,6.0,6,0.0,203.33333333333334,0.0,1220.0,0.0,0.0,0.0,1,2,No
PRV55742,6.0,69.0,75.0,36,9166.666666666666,218.1159420289855,55000.0,15050.0,4.0,4.0,0.08695652173913043,1,2,No
PRV55743,5.0,64.0,69.0,61,9200.0,289.53125,46000.0,18530.0,4.6,4.6,0.078125,1,6,No
PRV55744,0.0,2.0,2.0,2,0.0,40.0,0.0,80.0,0.0,0.0,0.0,1,1,No
PRV55745,0.0,81.0,81.0,74,0.0,177.90123456790124,0.0,14410.0,0.0,0.0,0.0,1,9,No
PRV55748,0.0,10.0,10.0,10,0.0,347.0,0.0,3470.0,0.0,0.0,0.0,1,5,No
PRV55749,0.0,4.0,4.0,4,0.0,102.5,0.0,410.0,0.0,0.0,0.0,1,4,No
PRV55750,0.0,5.0,5.0,5,0.0,132.0,0.0,660.0,0.0,0.0,0.0,1,2,No
PRV55751,0.0,2.0,2.0,2,0.0,640.0,0.0,1280.0,0.0,0.0,0.0,1,1,No
PRV55752,0.0,563.0,563.0,347,0.0,278.3658969804618,0.0,156720.0,0.0,0.0,0.0,2,29,No
PRV55753,8.0,32.0,40.0,36,10750.0,218.75,86000.0,7000.0,3.5,3.5,0.25,1,14,No
PRV55754,0.0,22.0,22.0,21,0.0,236.8181818181818,0.0,5210.0,0.0,0.0,0.0,3,14,No
PRV55755,11.0,75.0,86.0,74,11818.181818181818,345.6,130000.0,25920.0,7.363636363636363,7.363636363636363,0.14666666666666667,2,16,No
PRV55759,0.0,3.0,3.0,3,0.0,80.0,0.0,240.0,0.0,0.0,0.0,1,2,No
PRV55760,0.0,3.0,3.0,3,0.0,70.0,0.0,210.0,0.0,0.0,0.0,1,3,No
PRV55761,0.0,4.0,4.0,1,0.0,52.5,0.0,210.0,0.0,0.0,0.0,1,1,No
PRV55762,0.0,9.0,9.0,9,0.0,126.66666666666667,0.0,1140.0,0.0,0.0,0.0,1,5,No
PRV55763,0.0,10.0,10.0,8,0.0,148.0,0.0,1480.0,0.0,0.0,0.0,1,2,No
PRV55764,1.0,28.0,29.0,28,4000.0,208.21428571428572,4000.0,5830.0,6.0,6.0,0.03571428571428571,1,3,No
PRV55765,2.0,18.0,20.0,8,7500.0,321.6666666666667,15000.0,5790.0,2.0,2.0,0.1111111111111111,1,2,No
PRV55766,0.0,6.0,6.0,3,0.0,50.0,0.0,300.0,0.0,0.0,0.0,1,2,No
PRV55767,0.0,2.0,2.0,2,0.0,40.0,0.0,80.0,0.0,0.0,0.0,1,1,No
PRV55768,0.0,64.0,64.0,34,0.0,383.90625,0.0,24570.0,0.0,0.0,0.0,1,3,No
PRV55769,2.0,13.0,15.0,8,5500.0,538.4615384615385,11000.0,7000.0,5.5,5.5,0.15384615384615385,1,3,No
PRV55770,0.0,19.0,19.0,14,0.0,98.42105263157895,0.0,1870.0,0.0,0.0,0.0,1,2,No
PRV55771,0.0,73.0,73.0,29,0.0,248.21917808219177,0.0,18120.0,0.0,0.0,0.0,1,7,No
PRV55772,0.0,4.0,4.0,4,0.0,122.5,0.0,490.0,0.0,0.0,0.0,1,2,No
PRV55774,4.0,10.0,14.0,12,12000.0,193.0,48000.0,1930.0,4.5,4.5,0.4,1,7,No
PRV55775,1.0,13.0,14.0,14,10000.0,123.84615384615384,10000.0,1610.0,11.0,11.0,0.07692307692307693,2,6,No
PRV55776,0.0,4.0,4.0,4,0.0,22.5,0.0,90.0,0.0,0.0,0.0,1,2,No
PRV55777,0.0,17.0,17.0,11,0.0,271.7647058823529,0.0,4620.0,0.0,0.0,0.0,1,4,No
PRV55778,0.0,1.0,1.0,1,0.0,40.0,0.0,40.0,0.0,0.0,0.0,1,1,No
PRV55779,0.0,7.0,7.0,6,0.0,361.42857142857144,0.0,2530.0,0.0,0.0,0.0,1,3,No
PRV55780,6.0,46.0,52.0,34,15833.333333333334,309.1304347826087,95000.0,14220.0,6.666666666666667,6.666666666666667,0.13043478260869565,1,8,No
PRV55782,0.0,6.0,6.0,5,0.0,321.6666666666667,0.0,1930.0,0.0,0.0,0.0,1,3,No
PRV55783,4.0,3.0,7.0,7,10250.0,680.0,41000.0,2040.0,4.75,4.75,1.3333333333333333,1,3,No
PRV55785,0.0,9.0,9.0,8,0.0,507.77777777777777,0.0,4570.0,0.0,0.0,0.0,1,2,No
PRV55786,0.0,11.0,11.0,10,0.0,192.72727272727272,0.0,2120.0,0.0,0.0,0.0,1,3,No
PRV55787,0.0,1.0,1.0,1,0.0,200.0,0.0,200.0,0.0,0.0,0.0,1,1,No
PRV55788,0.0,19.0,19.0,16,0.0,145.78947368421052,0.0,2770.0,0.0,0.0,0.0,1,3,No
PRV55789,0.0,23.0,23.0,17,0.0,298.2608695652174,0.0,6860.0,0.0,0.0,0.0,1,4,No
PRV55790,5.0,0.0,5.0,5,9600.0,0.0,48000.0,0.0,5.4,5.4,5.0,1,3,No
PRV55791,10.0,0.0,10.0,10,12900.0,0.0,129000.0,0.0,5.6,5.6,10.0,1,3,No
PRV55792,1.0,0.0,1.0,1,7000.0,0.0,7000.0,0.0,5.0,5.0,1.0,1,1,No
PRV55793,6.0,0.0,6.0,6,12000.0,0.0,72000.0,0.0,6.166666666666667,6.166666666666667,6.0,1,2,No
PRV55794,0.0,11.0,11.0,11,0.0,232.72727272727272,0.0,2560.0,0.0,0.0,0.0,1,2,No
PRV55795,0.0,10.0,10.0,9,0.0,405.0,0.0,4050.0,0.0,0.0,0.0,1,3,No
PRV55796,0.0,7.0,7.0,7,0.0,124.28571428571429,0.0,870.0,0.0,0.0,0.0,1,1,No
PRV55797,0.0,3.0,3.0,3,0.0,353.3333333333333,0.0,1060.0,0.0,0.0,0.0,1,1,No
PRV55798,0.0,6.0,6.0,6,0.0,510.0,0.0,3060.0,0.0,0.0,0.0,1,2,No
PRV55800,0.0,1.0,1.0,1,0.0,50.0,0.0,50.0,0.0,0.0,0.0,1,1,No
PRV55801,0.0,2.0,2.0,2,0.0,35.0,0.0,70.0,0.0,0.0,0.0,1,1,No
PRV55802,0.0,1.0,1.0,1,0.0,10.0,0.0,10.0,0.0,0.0,0.0,1,1,No
PRV55803,0.0,2.0,2.0,2,0.0,70.0,0.0,140.0,0.0,0.0,0.0,1,1,No
PRV55804,0.0,9.0,9.0,9,0.0,285.55555555555554,0.0,2570.0,0.0,0.0,0.0,1,1,No
PRV55805,0.0,8.0,8.0,7,0.0,481.25,0.0,3850.0,0.0,0.0,0.0,1,2,No
PRV55806,0.0,16.0,16.0,16,0.0,318.125,0.0,5090.0,0.0,0.0,0.0,1,2,No
PRV55807,0.0,17.0,17.0,16,0.0,357.6470588235294,0.0,6080.0,0.0,0.0,0.0,2,3,No
PRV55808,0.0,22.0,22.0,10,0.0,213.1818181818182,0.0,4690.0,0.0,0.0,0.0,1,2,No
PRV55809,10.0,0.0,10.0,9,6200.0,0.0,62000.0,0.0,5.9,5.9,10.0,1,5,No
PRV55810,1.0,0.0,1.0,1,12000.0,0.0,12000.0,0.0,11.0,11.0,1.0,1,1,No
PRV55811,2.0,0.0,2.0,2,20500.0,0.0,41000.0,0.0,5.0,5.0,2.0,1,1,No
PRV55812,17.0,0.0,17.0,16,9470.588235294117,0.0,161000.0,0.0,6.882352941176471,6.882352941176471,17.0,1,5,Yes
PRV55813,7.0,0.0,7.0,7,5428.571428571428,0.0,38000.0,0.0,3.142857142857143,3.142857142857143,7.0,2,3,No
PRV55814,0.0,4.0,4.0,4,0.0,27.5,0.0,110.0,0.0,0.0,0.0,1,2,No
PRV55815,4.0,0.0,4.0,4,3000.0,0.0,12000.0,0.0,3.75,3.75,4.0,1,3,No
PRV55816,1.0,0.0,1.0,1,6000.0,0.0,6000.0,0.0,2.0,2.0,1.0,1,1,No
PRV55817,25.0,0.0,25.0,23,8880.0,0.0,222000.0,0.0,4.8,4.8,25.0,1,3,No
PRV55818,2.0,8.0,10.0,10,2500.0,77.5,5000.0,620.0,2.0,2.0,0.25,2,4,No
PRV55819,0.0,198.0,198.0,89,0.0,244.3939393939394,0.0,48390.0,0.0,0.0,0.0,4,8,No
PRV55820,0.0,477.0,477.0,332,0.0,252.30607966457023,0.0,120350.0,0.0,0.0,0.0,7,30,No
PRV55821,13.0,182.0,195.0,135,12615.384615384615,241.5934065934066,164000.0,43970.0,6.230769230769231,6.230769230769231,0.07142857142857142,4,12,Yes
PRV55822,0.0,384.0,384.0,196,0.0,293.671875,0.0,112770.0,0.0,0.0,0.0,3,15,No
PRV55826,4.0,22.0,26.0,25,24000.0,472.27272727272725,96000.0,10390.0,7.0,7.0,0.18181818181818182,4,12,No
PRV55828,7.0,17.0,24.0,24,3285.714285714286,233.52941176470588,23000.0,3970.0,7.0,7.0,0.4117647058823529,3,8,No
PRV55830,8.0,2.0,10.0,8,12875.0,60.0,103000.0,120.0,4.875,4.875,4.0,1,4,No
PRV55831,0.0,810.0,810.0,471,0.0,290.2345679012346,0.0,235090.0,0.0,0.0,0.0,5,20,No
PRV55832,45.0,239.0,284.0,259,9311.111111111111,259.8326359832636,419000.0,62100.0,7.4222222222222225,7.4222222222222225,0.18828451882845187,13,38,No
PRV55833,4.0,140.0,144.0,84,12000.0,334.64285714285717,48000.0,46850.0,2.5,2.5,0.02857142857142857,1,4,No
PRV55834,9.0,444.0,453.0,207,6777.777777777777,306.8693693693694,61000.0,136250.0,5.777777777777778,5.777777777777778,0.02027027027027027,6,23,No
PRV55835,7.0,262.0,269.0,139,9571.42857142857,277.0610687022901,67000.0,72590.0,7.428571428571429,7.428571428571429,0.026717557251908396,6,18,Yes
PRV55836,15.0,67.0,82.0,72,7266.666666666667,205.82089552238807,109000.0,13790.0,5.533333333333333,5.533333333333333,0.22388059701492538,6,18,No
PRV55837,8.0,37.0,45.0,44,18000.0,307.2972972972973,144000.0,11370.0,6.875,6.875,0.21621621621621623,7,18,No
PRV55839,3.0,183.0,186.0,115,9333.333333333334,265.73770491803276,28000.0,48630.0,3.0,3.0,0.01639344262295082,5,10,No
PRV55842,0.0,122.0,122.0,43,0.0,406.0655737704918,0.0,49540.0,0.0,0.0,0.0,3,7,Yes
PRV55843,0.0,213.0,213.0,106,0.0,219.43661971830986,0.0,46740.0,0.0,0.0,0.0,3,10,No
PRV55846,46.0,81.0,127.0,125,10610.869565217392,290.98765432098764,488100.0,23570.0,5.586956521739131,5.586956521739131,0.5679012345679012,7,25,No
PRV55847,0.0,185.0,185.0,105,0.0,218.7027027027027,0.0,40460.0,0.0,0.0,0.0,4,12,No
PRV55848,3.0,36.0,39.0,32,9666.666666666666,139.16666666666666,29000.0,5010.0,10.0,10.0,0.08333333333333333,4,8,No
PRV55849,128.0,48.0,176.0,167,9968.75,161.04166666666666,1276000.0,7730.0,4.8828125,4.8828125,2.6666666666666665,9,26,Yes
PRV55850,18.0,218.0,236.0,153,19333.333333333332,312.11009174311926,348000.0,68040.0,4.277777777777778,4.277777777777778,0.08256880733944955,4,13,No
PRV55851,6.0,39.0,45.0,35,5333.333333333333,298.46153846153845,32000.0,11640.0,4.166666666666667,4.166666666666667,0.15384615384615385,4,9,No
PRV55852,3.0,57.0,60.0,32,7333.333333333333,170.7017543859649,22000.0,9730.0,5.666666666666667,5.666666666666667,0.05263157894736842,4,12,Yes
PRV55854,0.0,2.0,2.0,2,0.0,1230.0,0.0,2460.0,0.0,0.0,0.0,1,1,No
PRV55855,0.0,114.0,114.0,77,0.0,203.0701754385965,0.0,23150.0,0.0,0.0,0.0,6,13,No
PRV55856,0.0,54.0,54.0,40,0.0,224.44444444444446,0.0,12120.0,0.0,0.0,0.0,4,13,No
PRV55858,0.0,8.0,8.0,5,0.0,88.75,0.0,710.0,0.0,0.0,0.0,2,3,No
PRV55859,0.0,15.0,15.0,6,0.0,325.3333333333333,0.0,4880.0,0.0,0.0,0.0,1,2,No
PRV55862,0.0,8.0,8.0,8,0.0,403.75,0.0,3230.0,0.0,0.0,0.0,2,3,No
PRV55863,0.0,5.0,5.0,5,0.0,130.0,0.0,650.0,0.0,0.0,0.0,2,4,No
PRV55864,4.0,85.0,89.0,42,16250.0,240.0,65000.0,20400.0,12.25,12.25,0.047058823529411764,5,8,No
PRV55865,0.0,325.0,325.0,163,0.0,282.3076923076923,0.0,91750.0,0.0,0.0,0.0,1,4,No
PRV55866,0.0,115.0,115.0,75,0.0,272.7826086956522,0.0,31370.0,0.0,0.0,0.0,4,15,No
PRV55867,0.0,88.0,88.0,43,0.0,448.40909090909093,0.0,39460.0,0.0,0.0,0.0,3,5,No
PRV55868,0.0,85.0,85.0,39,0.0,193.76470588235293,0.0,16470.0,0.0,0.0,0.0,1,2,No
PRV55869,8.0,338.0,346.0,175,5250.0,327.18934911242604,42000.0,110590.0,3.375,3.375,0.023668639053254437,4,11,No
PRV55870,0.0,56.0,56.0,38,0.0,393.39285714285717,0.0,22030.0,0.0,0.0,0.0,4,12,No
PRV55871,0.0,12.0,12.0,5,0.0,373.3333333333333,0.0,4480.0,0.0,0.0,0.0,1,2,No
PRV55872,0.0,139.0,139.0,42,0.0,245.46762589928056,0.0,34120.0,0.0,0.0,0.0,1,2,No
PRV55873,6.0,51.0,57.0,37,7166.666666666667,170.0,43000.0,8670.0,3.8333333333333335,3.8333333333333335,0.11764705882352941,3,9,No
PRV55874,0.0,10.0,10.0,10,0.0,138.0,0.0,1380.0,0.0,0.0,0.0,2,3,No
PRV55875,0.0,26.0,26.0,25,0.0,171.15384615384616,0.0,4450.0,0.0,0.0,0.0,1,3,No
PRV55876,0.0,19.0,19.0,18,0.0,230.52631578947367,0.0,4380.0,0.0,0.0,0.0,1,3,No
PRV55877,0.0,4.0,4.0,4,0.0,275.0,0.0,1100.0,0.0,0.0,0.0,1,1,No
PRV55879,0.0,2.0,2.0,2,0.0,45.0,0.0,90.0,0.0,0.0,0.0,1,1,No
PRV55880,0.0,15.0,15.0,13,0.0,478.6666666666667,0.0,7180.0,0.0,0.0,0.0,1,1,No
PRV55881,0.0,1.0,1.0,1,0.0,30.0,0.0,30.0,0.0,0.0,0.0,1,1,No
PRV55882,0.0,23.0,23.0,22,0.0,280.0,0.0,6440.0,0.0,0.0,0.0,1,1,No
PRV55883,0.0,8.0,8.0,8,0.0,685.0,0.0,5480.0,0.0,0.0,0.0,1,1,No
PRV55884,0.0,27.0,27.0,16,0.0,106.66666666666667,0.0,2880.0,0.0,0.0,0.0,1,3,No
PRV55885,0.0,8.0,8.0,8,0.0,201.25,0.0,1610.0,0.0,0.0,0.0,1,3,No
PRV55886,0.0,4.0,4.0,4,0.0,85.0,0.0,340.0,0.0,0.0,0.0,1,1,No
PRV55887,6.0,0.0,6.0,6,11000.0,0.0,66000.0,0.0,14.0,14.0,6.0,2,6,No
PRV55891,26.0,25.0,51.0,45,11730.76923076923,309.2,305000.0,7730.0,5.884615384615385,5.884615384615385,1.04,3,10,No
PRV55892,0.0,449.0,449.0,235,0.0,264.8329621380846,0.0,118910.0,0.0,0.0,0.0,4,10,No
PRV55893,26.0,589.0,615.0,297,8230.76923076923,271.018675721562,214000.0,159630.0,5.076923076923077,5.076923076923077,0.044142614601018676,6,14,Yes
PRV55895,0.0,1.0,1.0,1,0.0,200.0,0.0,200.0,0.0,0.0,0.0,1,1,Yes
PRV55896,21.0,84.0,105.0,97,8666.666666666666,265.5952380952381,182000.0,22310.0,7.095238095238095,7.095238095238095,0.25,3,12,Yes
PRV55897,9.0,473.0,482.0,180,15888.888888888889,225.9830866807611,143000.0,106890.0,9.0,9.0,0.019027484143763214,4,11,Yes
PRV55898,0.0,27.0,27.0,26,0.0,230.37037037037038,0.0,6220.0,0.0,0.0,0.0,4,10,No
PRV55900,8.0,11.0,19.0,19,14125.0,73.63636363636364,113000.0,810.0,3.375,3.375,0.7272727272727273,2,9,No
PRV55901,0.0,101.0,101.0,50,0.0,250.4950495049505,0.0,25300.0,0.0,0.0,0.0,1,9,No
PRV55902,0.0,69.0,69.0,57,0.0,191.7391304347826,0.0,13230.0,0.0,0.0,0.0,3,8,No
PRV55903,23.0,27.0,50.0,44,8130.434782608696,400.74074074074076,187000.0,10820.0,4.956521739130435,4.956521739130435,0.8518518518518519,4,17,No
PRV55904,0.0,28.0,28.0,27,0.0,221.07142857142858,0.0,6190.0,0.0,0.0,0.0,2,3,No
PRV55905,82.0,13.0,95.0,84,9554.878048780487,481.53846153846155,783500.0,6260.0,5.475609756097561,5.475609756097561,6.3076923076923075,6,11,Yes
PRV55906,0.0,21.0,21.0,20,0.0,196.66666666666666,0.0,4130.0,0.0,0.0,0.0,1,6,No
PRV55907,60.0,183.0,243.0,204,9125.0,276.9398907103825,547500.0,50680.0,5.766666666666667,5.766666666666667,0.32786885245901637,7,33,No
PRV55908,22.0,33.0,55.0,48,13136.363636363636,175.45454545454547,289000.0,5790.0,5.7727272727272725,5.7727272727272725,0.6666666666666666,2,14,No
PRV55909,0.0,107.0,107.0,91,0.0,221.9626168224299,0.0,23750.0,0.0,0.0,0.0,3,25,No
PRV55910,0.0,372.0,372.0,149,0.0,265.51075268817203,0.0,98770.0,0.0,0.0,0.0,1,6,No
PRV55911,46.0,193.0,239.0,136,8739.130434782608,328.7046632124352,402000.0,63440.0,6.6521739130434785,6.6521739130434785,0.23834196891191708,2,7,Yes
PRV55912,60.0,47.0,107.0,100,12250.0,320.8510638297872,735000.0,15080.0,6.466666666666667,6.466666666666667,1.2765957446808511,6,39,Yes
PRV55913,0.0,1267.0,1267.0,587,0.0,294.6093133385951,0.0,373270.0,0.0,0.0,0.0,7,29,Yes
PRV55914,21.0,42.0,63.0,62,7523.809523809524,301.42857142857144,158000.0,12660.0,6.0,6.0,0.5,5,17,Yes
PRV55915,0.0,32.0,32.0,27,0.0,277.1875,0.0,8870.0,0.0,0.0,0.0,1,6,No
PRV55916,115.0,12.0,127.0,106,11378.260869565218,211.66666666666666,1308500.0,2540.0,6.460869565217391,6.539130434782609,9.583333333333334,3,11,No
PRV55917,0.0,50.0,50.0,50,0.0,283.0,0.0,14150.0,0.0,0.0,0.0,6,20,No
PRV55918,2.0,8.0,10.0,10,8500.0,95.0,17000.0,760.0,4.5,4.5,0.25,3,6,No
PRV55919,0.0,21.0,21.0,19,0.0,288.0952380952381,0.0,6050.0,0.0,0.0,0.0,1,7,No
PRV55920,0.0,110.0,110.0,102,0.0,232.27272727272728,0.0,25550.0,0.0,0.0,0.0,9,29,No
PRV55921,0.0,59.0,59.0,56,0.0,358.3050847457627,0.0,21140.0,0.0,0.0,0.0,8,20,No
PRV55925,4.0,17.0,21.0,20,11000.0,400.5882352941176,44000.0,6810.0,7.0,7.0,0.23529411764705882,3,6,No
PRV55926,0.0,26.0,26.0,26,0.0,266.53846153846155,0.0,6930.0,0.0,0.0,0.0,3,8,No
PRV55927,0.0,212.0,212.0,167,0.0,340.47169811320754,0.0,72180.0,0.0,0.0,0.0,5,11,No
PRV55928,0.0,12.0,12.0,11,0.0,534.1666666666666,0.0,6410.0,0.0,0.0,0.0,1,2,No
PRV55929,0.0,287.0,287.0,215,0.0,239.68641114982577,0.0,68790.0,0.0,0.0,0.0,3,9,No
PRV55930,7.0,38.0,45.0,34,10571.42857142857,278.42105263157896,74000.0,10580.0,6.285714285714286,6.285714285714286,0.18421052631578946,1,8,No
PRV55931,0.0,295.0,295.0,108,0.0,290.50847457627117,0.0,85700.0,0.0,0.0,0.0,2,9,No
PRV55933,45.0,453.0,498.0,356,8124.444444444444,288.8079470198675,365600.0,130830.0,5.266666666666667,5.266666666666667,0.09933774834437085,3,9,No
PRV55934,6.0,647.0,653.0,218,6333.333333333333,334.1885625965997,38000.0,216220.0,6.833333333333333,6.833333333333333,0.00927357032457496,2,8,Yes
PRV55935,0.0,550.0,550.0,393,0.0,227.3272727272727,0.0,125030.0,0.0,0.0,0.0,3,19,No
PRV55936,0.0,24.0,24.0,24,0.0,239.58333333333334,0.0,5750.0,0.0,0.0,0.0,3,11,No
PRV55937,7.0,375.0,382.0,201,6142.857142857143,327.76,43000.0,122910.0,4.142857142857143,4.142857142857143,0.018666666666666668,3,9,No
PRV55938,0.0,9.0,9.0,9,0.0,155.55555555555554,0.0,1400.0,0.0,0.0,0.0,2,5,No
PRV55939,28.0,23.0,51.0,40,10496.42857142857,341.7391304347826,293900.0,7860.0,5.928571428571429,5.928571428571429,1.2173913043478262,4,9,No
PRV55940,0.0,32.0,32.0,29,0.0,240.3125,0.0,7690.0,0.0,0.0,0.0,3,10,No
PRV55941,0.0,57.0,57.0,56,0.0,258.42105263157896,0.0,14730.0,0.0,0.0,0.0,6,17,No
PRV55942,2.0,80.0,82.0,78,6000.0,140.875,12000.0,11270.0,4.5,4.5,0.025,3,5,No
PRV55943,34.0,687.0,721.0,519,8376.470588235294,290.05822416302766,284800.0,199270.0,4.970588235294118,4.970588235294118,0.049490538573508006,3,21,No
PRV55944,11.0,15.0,26.0,25,8727.272727272728,124.66666666666667,96000.0,1870.0,4.363636363636363,4.363636363636363,0.7333333333333333,1,8,No
PRV55945,0.0,20.0,20.0,19,0.0,252.5,0.0,5050.0,0.0,0.0,0.0,3,7,No
PRV55946,0.0,50.0,50.0,50,0.0,452.0,0.0,22600.0,0.0,0.0,0.0,6,17,No
PRV55948,4.0,24.0,28.0,28,18250.0,123.33333333333333,73000.0,2960.0,6.0,6.0,0.16666666666666666,4,15,No
PRV55950,0.0,11.0,11.0,11,0.0,679.0909090909091,0.0,7470.0,0.0,0.0,0.0,2,4,No
PRV55951,38.0,410.0,448.0,355,8657.894736842105,224.390243902439,329000.0,92000.0,5.684210526315789,5.684210526315789,0.09268292682926829,4,37,Yes
PRV55953,0.0,13.0,13.0,13,0.0,433.0769230769231,0.0,5630.0,0.0,0.0,0.0,2,8,No
PRV55955,0.0,246.0,246.0,235,0.0,257.1138211382114,0.0,63250.0,0.0,0.0,0.0,8,38,No
PRV55956,8.0,14.0,22.0,18,7875.0,85.0,63000.0,1190.0,6.125,6.125,0.5714285714285714,2,5,No
PRV55957,22.0,85.0,107.0,100,9768.181818181818,335.7647058823529,214900.0,28540.0,4.909090909090909,4.909090909090909,0.25882352941176473,5,28,Yes
PRV55958,0.0,30.0,30.0,28,0.0,267.3333333333333,0.0,8020.0,0.0,0.0,0.0,3,9,No
PRV55959,0.0,324.0,324.0,160,0.0,230.58641975308643,0.0,74710.0,0.0,0.0,0.0,1,7,Yes
PRV55963,0.0,47.0,47.0,43,0.0,181.48936170212767,0.0,8530.0,0.0,0.0,0.0,6,14,No
PRV55964,0.0,37.0,37.0,33,0.0,221.0810810810811,0.0,8180.0,0.0,0.0,0.0,2,15,No
PRV55965,0.0,33.0,33.0,30,0.0,278.1818181818182,0.0,9180.0,0.0,0.0,0.0,1,5,No
PRV55966,0.0,21.0,21.0,21,0.0,362.85714285714283,0.0,7620.0,0.0,0.0,0.0,2,8,No
PRV55968,0.0,148.0,148.0,75,0.0,361.2162162162162,0.0,53460.0,0.0,0.0,0.0,2,6,No
PRV55969,0.0,688.0,688.0,527,0.0,296.7151162790698,0.0,204140.0,0.0,0.0,0.0,4,11,No
PRV55970,16.0,24.0,40.0,38,13312.5,350.0,213000.0,8400.0,4.375,4.375,0.6666666666666666,4,13,No
PRV55971,101.0,519.0,620.0,317,10510.89108910891,289.78805394990366,1061600.0,150400.0,5.99009900990099,5.99009900990099,0.19460500963391136,1,5,Yes
PRV55972,19.0,91.0,110.0,107,6705.263157894737,276.04395604395603,127400.0,25120.0,4.052631578947368,4.052631578947368,0.2087912087912088,10,31,No
PRV55974,0.0,175.0,175.0,51,0.0,394.9142857142857,0.0,69110.0,0.0,0.0,0.0,1,4,No
PRV55977,0.0,1302.0,1302.0,762,0.0,285.0230414746544,0.0,371100.0,0.0,0.0,0.0,6,15,Yes
PRV55978,92.0,309.0,401.0,342,9683.695652173914,215.50161812297733,890900.0,66590.0,6.065217391304348,6.065217391304348,0.2977346278317152,13,53,No
PRV55980,0.0,17.0,17.0,17,0.0,511.7647058823529,0.0,8700.0,0.0,0.0,0.0,4,9,No
PRV55981,15.0,39.0,54.0,54,6800.0,208.71794871794873,102000.0,8140.0,3.533333333333333,3.533333333333333,0.38461538461538464,4,11,No
PRV55982,0.0,4.0,4.0,4,0.0,187.5,0.0,750.0,0.0,0.0,0.0,2,3,No
PRV55983,8.0,14.0,22.0,21,14250.0,405.0,114000.0,5670.0,4.875,4.875,0.5714285714285714,2,9,No
PRV55984,0.0,392.0,392.0,282,0.0,321.734693877551,0.0,126120.0,0.0,0.0,0.0,6,13,No
PRV55985,0.0,58.0,58.0,52,0.0,332.2413793103448,0.0,19270.0,0.0,0.0,0.0,4,12,No
PRV55986,0.0,232.0,232.0,212,0.0,281.8534482758621,0.0,65390.0,0.0,0.0,0.0,17,46,No
PRV55989,0.0,2.0,2.0,2,0.0,75.0,0.0,150.0,0.0,0.0,0.0,1,1,No
PRV55990,22.0,209.0,231.0,131,8631.818181818182,292.82296650717706,189900.0,61200.0,6.2727272727272725,6.2727272727272725,0.10526315789473684,2,9,No
PRV55991,0.0,32.0,32.0,31,0.0,205.3125,0.0,6570.0,0.0,0.0,0.0,5,14,No
PRV55993,0.0,32.0,32.0,28,0.0,167.5,0.0,5360.0,0.0,0.0,0.0,2,7,No
PRV55995,0.0,46.0,46.0,42,0.0,431.30434782608694,0.0,19840.0,0.0,0.0,0.0,4,17,No
PRV55996,29.0,69.0,98.0,90,8155.172413793103,400.4347826086956,236500.0,27630.0,4.379310344827586,4.379310344827586,0.42028985507246375,4,8,Yes
PRV55997,0.0,326.0,326.0,243,0.0,244.29447852760737,0.0,79640.0,0.0,0.0,0.0,2,7,No
PRV55999,0.0,306.0,306.0,120,0.0,242.45098039215685,0.0,74190.0,0.0,0.0,0.0,2,3,No
PRV56001,57.0,13.0,70.0,67,9210.526315789473,274.61538461538464,525000.0,3570.0,6.543859649122807,6.543859649122807,4.384615384615385,3,9,No
PRV56002,11.0,21.0,32.0,31,15727.272727272728,229.04761904761904,173000.0,4810.0,5.7272727272727275,5.7272727272727275,0.5238095238095238,2,9,No
PRV56003,8.0,4.0,12.0,12,9625.0,45.0,77000.0,180.0,7.125,7.125,2.0,1,6,No
PRV56004,0.0,5.0,5.0,5,0.0,694.0,0.0,3470.0,0.0,0.0,0.0,2,4,No
PRV56005,2.0,72.0,74.0,55,6000.0,273.05555555555554,12000.0,19660.0,2.0,2.0,0.027777777777777776,2,15,No
PRV56006,0.0,1090.0,1090.0,531,0.0,265.48623853211006,0.0,289380.0,0.0,0.0,0.0,2,7,No
PRV56007,69.0,12.0,81.0,67,12084.057971014492,260.8333333333333,833800.0,3130.0,5.811594202898551,5.811594202898551,5.75,3,8,Yes
PRV56008,0.0,1370.0,1370.0,686,0.0,347.88321167883214,0.0,476600.0,0.0,0.0,0.0,3,10,Yes
PRV56010,0.0,83.0,83.0,82,0.0,260.2409638554217,0.0,21600.0,0.0,0.0,0.0,6,23,No
PRV56011,0.0,2833.0,2833.0,1164,0.0,261.7860924814684,0.0,741640.0,0.0,0.0,0.0,7,43,Yes
PRV56012,29.0,15.0,44.0,41,11068.965517241379,324.6666666666667,321000.0,4870.0,6.862068965517241,6.862068965517241,1.9333333333333333,3,8,Yes
PRV56013,0.0,90.0,90.0,86,0.0,304.0,0.0,27360.0,0.0,0.0,0.0,5,14,No
PRV56014,19.0,15.0,34.0,34,7473.684210526316,203.33333333333334,142000.0,3050.0,5.421052631578948,5.421052631578948,1.2666666666666666,2,6,No
PRV56015,6.0,143.0,149.0,115,8666.666666666666,283.9160839160839,52000.0,40600.0,4.666666666666667,4.666666666666667,0.04195804195804196,7,18,No
PRV56016,0.0,12.0,12.0,12,0.0,529.1666666666666,0.0,6350.0,0.0,0.0,0.0,3,7,No
PRV56017,11.0,2.0,13.0,12,19090.909090909092,30.0,210000.0,60.0,12.272727272727273,12.272727272727273,5.5,2,4,No
PRV56018,25.0,47.0,72.0,71,8840.0,422.1276595744681,221000.0,19840.0,6.6,6.6,0.5319148936170213,7,23,No
PRV56019,0.0,659.0,659.0,268,0.0,283.49013657056145,0.0,186820.0,0.0,0.0,0.0,3,16,No
PRV56020,15.0,140.0,155.0,148,9066.666666666666,426.92857142857144,136000.0,59770.0,6.466666666666667,6.466666666666667,0.10714285714285714,6,28,No
PRV56021,0.0,128.0,128.0,124,0.0,311.875,0.0,39920.0,0.0,0.0,0.0,6,30,No
PRV56023,7.0,35.0,42.0,40,10714.285714285714,373.42857142857144,75000.0,13070.0,7.142857142857143,7.142857142857143,0.2,5,22,Yes
PRV56025,0.0,153.0,153.0,148,0.0,291.8954248366013,0.0,44660.0,0.0,0.0,0.0,11,28,No
PRV56026,0.0,44.0,44.0,43,0.0,673.8636363636364,0.0,29650.0,0.0,0.0,0.0,4,15,No
PRV56027,0.0,25.0,25.0,24,0.0,353.6,0.0,8840.0,0.0,0.0,0.0,2,5,No
PRV56028,4.0,197.0,201.0,180,3000.0,278.02030456852793,12000.0,54770.0,12.25,12.25,0.02030456852791878,2,4,No
PRV56029,0.0,1.0,1.0,1,0.0,100.0,0.0,100.0,0.0,0.0,0.0,1,1,No
PRV56030,0.0,204.0,204.0,102,0.0,295.9313725490196,0.0,60370.0,0.0,0.0,0.0,1,5,No
PRV56031,9.0,10.0,19.0,19,6600.0,217.0,59400.0,2170.0,5.333333333333333,5.333333333333333,0.9,1,4,No
PRV56032,0.0,9.0,9.0,9,0.0,333.3333333333333,0.0,3000.0,0.0,0.0,0.0,1,2,No
PRV56033,4.0,4.0,8.0,8,12500.0,40.0,50000.0,160.0,12.0,12.0,1.0,1,6,No
PRV56034,0.0,13.0,13.0,13,0.0,117.6923076923077,0.0,1530.0,0.0,0.0,0.0,2,4,No
PRV56036,0.0,49.0,49.0,48,0.0,268.16326530612247,0.0,13140.0,0.0,0.0,0.0,5,7,No
PRV56037,0.0,5.0,5.0,5,0.0,368.0,0.0,1840.0,0.0,0.0,0.0,2,3,No
PRV56038,1.0,6.0,7.0,7,1000.0,75.0,1000.0,450.0,18.0,18.0,0.16666666666666666,3,3,No
PRV56039,0.0,97.0,97.0,34,0.0,268.2474226804124,0.0,26020.0,0.0,0.0,0.0,2,5,No
PRV56040,0.0,13.0,13.0,11,0.0,1757.6923076923076,0.0,22850.0,0.0,0.0,0.0,3,5,No
PRV56041,0.0,55.0,55.0,19,0.0,582.5454545454545,0.0,32040.0,0.0,0.0,0.0,1,1,No
PRV56044,16.0,244.0,260.0,76,17750.0,273.6475409836066,284000.0,66770.0,4.8125,4.8125,0.06557377049180328,1,4,No
PRV56045,0.0,120.0,120.0,49,0.0,233.16666666666666,0.0,27980.0,0.0,0.0,0.0,1,6,No
PRV56046,14.0,6.0,20.0,17,8642.857142857143,113.33333333333333,121000.0,680.0,5.142857142857143,5.142857142857143,2.3333333333333335,1,5,No
PRV56047,0.0,3.0,3.0,3,0.0,20.0,0.0,60.0,0.0,0.0,0.0,1,2,No
PRV56048,0.0,16.0,16.0,16,0.0,461.25,0.0,7380.0,0.0,0.0,0.0,1,6,No
PRV56049,0.0,149.0,149.0,101,0.0,218.65771812080536,0.0,32580.0,0.0,0.0,0.0,1,1,No
PRV56050,0.0,1.0,1.0,1,0.0,40.0,0.0,40.0,0.0,0.0,0.0,1,1,No
PRV56051,0.0,4.0,4.0,4,0.0,320.0,0.0,1280.0,0.0,0.0,0.0,1,1,No
PRV56052,0.0,12.0,12.0,10,0.0,245.83333333333334,0.0,2950.0,0.0,0.0,0.0,2,2,No
PRV56054,0.0,45.0,45.0,26,0.0,418.44444444444446,0.0,18830.0,0.0,0.0,0.0,2,5,No
PRV56055,0.0,9.0,9.0,8,0.0,496.6666666666667,0.0,4470.0,0.0,0.0,0.0,1,2,No
PRV56056,0.0,1.0,1.0,1,0.0,40.0,0.0,40.0,0.0,0.0,0.0,1,1,No
PRV56057,9.0,0.0,9.0,9,10777.777777777777,0.0,97000.0,0.0,6.222222222222222,6.222222222222222,9.0,1,2,No
PRV56058,11.0,0.0,11.0,11,8181.818181818182,0.0,90000.0,0.0,7.7272727272727275,7.7272727272727275,11.0,1,2,No
PRV56060,0.0,1.0,1.0,1,0.0,50.0,0.0,50.0,0.0,0.0,0.0,1,1,No
PRV56062,0.0,25.0,25.0,24,0.0,251.6,0.0,6290.0,0.0,0.0,0.0,1,2,No
PRV56063,0.0,11.0,11.0,11,0.0,151.8181818181818,0.0,1670.0,0.0,0.0,0.0,1,1,No
PRV56065,0.0,1.0,1.0,1,0.0,70.0,0.0,70.0,0.0,0.0,0.0,1,1,No
PRV56066,0.0,8.0,8.0,8,0.0,501.25,0.0,4010.0,0.0,0.0,0.0,1,1,No
PRV56067,0.0,3.0,3.0,3,0.0,436.6666666666667,0.0,1310.0,0.0,0.0,0.0,1,2,No
PRV56068,0.0,41.0,41.0,38,0.0,384.8780487804878,0.0,15780.0,0.0,0.0,0.0,1,3,No
PRV56071,0.0,3.0,3.0,3,0.0,90.0,0.0,270.0,0.0,0.0,0.0,1,1,No
PRV56072,0.0,1.0,1.0,1,0.0,80.0,0.0,80.0,0.0,0.0,0.0,1,1,No
PRV56073,0.0,12.0,12.0,12,0.0,203.33333333333334,0.0,2440.0,0.0,0.0,0.0,1,1,No
PRV56075,0.0,12.0,12.0,12,0.0,251.66666666666666,0.0,3020.0,0.0,0.0,0.0,1,2,No
PRV56076,0.0,3.0,3.0,3,0.0,173.33333333333334,0.0,520.0,0.0,0.0,0.0,1,1,No
PRV56077,0.0,7.0,7.0,7,0.0,350.0,0.0,2450.0,0.0,0.0,0.0,1,1,No
PRV56078,0.0,4.0,4.0,4,0.0,127.5,0.0,510.0,0.0,0.0,0.0,1,1,No
PRV56080,0.0,5.0,5.0,5,0.0,50.0,0.0,250.0,0.0,0.0,0.0,1,1,No
PRV56083,0.0,3.0,3.0,3,0.0,1190.0,0.0,3570.0,0.0,0.0,0.0,1,1,No
PRV56084,0.0,1.0,1.0,1,0.0,50.0,0.0,50.0,0.0,0.0,0.0,1,1,No
PRV56086,0.0,16.0,16.0,14,0.0,267.5,0.0,4280.0,0.0,0.0,0.0,1,2,No
PRV56087,0.0,1.0,1.0,1,0.0,300.0,0.0,300.0,0.0,0.0,0.0,1,1,No
PRV56088,0.0,85.0,85.0,74,0.0,295.88235294117646,0.0,25150.0,0.0,0.0,0.0,1,2,No
PRV56089,0.0,1.0,1.0,1,0.0,10.0,0.0,10.0,0.0,0.0,0.0,1,1,No
PRV56090,0.0,12.0,12.0,11,0.0,131.66666666666666,0.0,1580.0,0.0,0.0,0.0,1,1,No
PRV56091,0.0,1.0,1.0,1,0.0,200.0,0.0,200.0,0.0,0.0,0.0,1,1,No
PRV56092,0.0,5.0,5.0,4,0.0,866.0,0.0,4330.0,0.0,0.0,0.0,1,1,No
PRV56093,0.0,7.0,7.0,7,0.0,295.7142857142857,0.0,2070.0,0.0,0.0,0.0,1,1,No
PRV56094,0.0,25.0,25.0,24,0.0,300.4,0.0,7510.0,0.0,0.0,0.0,1,1,No
PRV56095,0.0,11.0,11.0,10,0.0,446.3636363636364,0.0,4910.0,0.0,0.0,0.0,1,1,No
PRV56098,0.0,21.0,21.0,18,0.0,135.23809523809524,0.0,2840.0,0.0,0.0,0.0,1,1,No
PRV56099,0.0,3.0,3.0,3,0.0,210.0,0.0,630.0,0.0,0.0,0.0,1,2,No
PRV56101,0.0,5.0,5.0,5,0.0,1124.0,0.0,5620.0,0.0,0.0,0.0,1,1,No
PRV56102,8.0,28.0,36.0,35,9875.0,278.2142857142857,79000.0,7790.0,4.0,4.0,0.2857142857142857,3,5,No
PRV56103,68.0,48.0,116.0,89,9955.882352941177,309.5833333333333,677000.0,14860.0,6.367647058823529,6.367647058823529,1.4166666666666667,1,7,Yes
PRV56104,0.0,483.0,483.0,232,0.0,240.703933747412,0.0,116260.0,0.0,0.0,0.0,3,10,Yes
PRV56105,29.0,3.0,32.0,29,9120.689655172413,23.333333333333332,264500.0,70.0,5.862068965517241,5.862068965517241,9.666666666666666,1,7,No
PRV56106,2.0,0.0,2.0,2,5000.0,0.0,10000.0,0.0,3.5,3.5,2.0,1,1,No
PRV56108,0.0,15.0,15.0,11,0.0,490.6666666666667,0.0,7360.0,0.0,0.0,0.0,2,3,No
PRV56109,0.0,12.0,12.0,11,0.0,193.33333333333334,0.0,2320.0,0.0,0.0,0.0,2,2,No
PRV56111,0.0,93.0,93.0,50,0.0,215.69892473118279,0.0,20060.0,0.0,0.0,0.0,1,1,No
PRV56113,0.0,45.0,45.0,30,0.0,361.3333333333333,0.0,16260.0,0.0,0.0,0.0,2,3,No
PRV56114,0.0,41.0,41.0,26,0.0,321.4634146341463,0.0,13180.0,0.0,0.0,0.0,1,3,No
PRV56115,0.0,2.0,2.0,2,0.0,145.0,0.0,290.0,0.0,0.0,0.0,1,1,No
PRV56116,0.0,35.0,35.0,34,0.0,279.7142857142857,0.0,9790.0,0.0,0.0,0.0,2,9,No
PRV56117,0.0,14.0,14.0,12,0.0,101.42857142857143,0.0,1420.0,0.0,0.0,0.0,1,3,No
PRV56118,14.0,0.0,14.0,14,8285.714285714286,0.0,116000.0,0.0,7.5,7.5,14.0,1,1,No
PRV56119,11.0,0.0,11.0,11,10909.09090909091,0.0,120000.0,0.0,5.636363636363637,5.636363636363637,11.0,1,1,No
PRV56120,4.0,0.0,4.0,4,9000.0,0.0,36000.0,0.0,5.0,5.0,4.0,1,2,No
PRV56121,16.0,0.0,16.0,16,14312.5,0.0,229000.0,0.0,8.6875,8.6875,16.0,2,3,No
PRV56122,3.0,0.0,3.0,3,6666.666666666667,0.0,20000.0,0.0,5.666666666666667,5.666666666666667,3.0,1,1,No
PRV56123,40.0,0.0,40.0,38,12450.0,0.0,498000.0,0.0,5.05,5.05,40.0,1,4,No
PRV56124,6.0,0.0,6.0,6,14000.0,0.0,84000.0,0.0,3.6666666666666665,3.6666666666666665,6.0,1,2,No
PRV56125,7.0,0.0,7.0,7,6428.571428571428,0.0,45000.0,0.0,4.285714285714286,4.285714285714286,7.0,1,2,No
PRV56126,6.0,0.0,6.0,6,5166.666666666667,0.0,31000.0,0.0,4.5,4.5,6.0,1,1,No
PRV56129,23.0,0.0,23.0,21,11130.434782608696,0.0,256000.0,0.0,5.565217391304348,5.565217391304348,23.0,1,1,No
PRV56130,17.0,0.0,17.0,16,7058.823529411765,0.0,120000.0,0.0,3.7058823529411766,3.7058823529411766,17.0,1,1,No
PRV56131,15.0,0.0,15.0,13,9400.0,0.0,141000.0,0.0,4.533333333333333,4.533333333333333,15.0,1,2,No
PRV56133,15.0,0.0,15.0,14,9600.0,0.0,144000.0,0.0,4.933333333333334,4.933333333333334,15.0,1,3,No
PRV56134,62.0,0.0,62.0,58,12387.09677419355,0.0,768000.0,0.0,5.919354838709677,5.919354838709677,62.0,1,2,Yes
PRV56135,3.0,19.0,22.0,16,15666.666666666666,538.421052631579,47000.0,10230.0,17.0,17.0,0.15789473684210525,1,6,No
PRV56136,1.0,7.0,8.0,8,6000.0,160.0,6000.0,1120.0,3.0,3.0,0.14285714285714285,1,4,No
PRV56137,0.0,48.0,48.0,30,0.0,336.4583333333333,0.0,16150.0,0.0,0.0,0.0,2,14,No
PRV56138,0.0,36.0,36.0,22,0.0,365.55555555555554,0.0,13160.0,0.0,0.0,0.0,1,8,No
PRV56139,3.0,18.0,21.0,14,12333.333333333334,445.0,37000.0,8010.0,7.333333333333333,7.333333333333333,0.16666666666666666,2,6,No
PRV56140,16.0,15.0,31.0,30,8000.0,173.33333333333334,128000.0,2600.0,5.875,5.875,1.0666666666666667,1,16,No
PRV56141,0.0,39.0,39.0,28,0.0,372.8205128205128,0.0,14540.0,0.0,0.0,0.0,1,5,No
PRV56142,5.0,48.0,53.0,51,22800.0,366.4583333333333,114000.0,17590.0,14.8,14.8,0.10416666666666667,6,22,No
PRV56143,0.0,29.0,29.0,24,0.0,180.0,0.0,5220.0,0.0,0.0,0.0,2,5,No
PRV56145,0.0,52.0,52.0,40,0.0,435.5769230769231,0.0,22650.0,0.0,0.0,0.0,1,12,No
PRV56146,0.0,21.0,21.0,14,0.0,552.3809523809524,0.0,11600.0,0.0,0.0,0.0,1,6,No
PRV56147,2.0,6.0,8.0,8,9000.0,78.33333333333333,18000.0,470.0,11.0,11.0,0.3333333333333333,2,6,No
PRV56148,0.0,143.0,143.0,70,0.0,167.4825174825175,0.0,23950.0,0.0,0.0,0.0,1,11,No
PRV56149,0.0,27.0,27.0,16,0.0,227.03703703703704,0.0,6130.0,0.0,0.0,0.0,1,6,No
PRV56151,0.0,87.0,87.0,42,0.0,204.367816091954,0.0,17780.0,0.0,0.0,0.0,3,9,No
PRV56152,0.0,18.0,18.0,15,0.0,367.77777777777777,0.0,6620.0,0.0,0.0,0.0,1,4,No
PRV56153,0.0,9.0,9.0,9,0.0,156.66666666666666,0.0,1410.0,0.0,0.0,0.0,2,6,No
PRV56154,0.0,19.0,19.0,19,0.0,228.94736842105263,0.0,4350.0,0.0,0.0,0.0,1,4,No
PRV56156,5.0,64.0,69.0,46,6400.0,228.4375,32000.0,14620.0,5.0,5.0,0.078125,1,15,No
PRV56157,0.0,38.0,38.0,32,0.0,364.2105263157895,0.0,13840.0,0.0,0.0,0.0,2,7,No
PRV56158,0.0,38.0,38.0,24,0.0,156.05263157894737,0.0,5930.0,0.0,0.0,0.0,1,10,No
PRV56159,0.0,30.0,30.0,29,0.0,238.66666666666666,0.0,7160.0,0.0,0.0,0.0,1,13,No
PRV56161,13.0,34.0,47.0,37,7769.2307692307695,136.47058823529412,101000.0,4640.0,6.6923076923076925,6.6923076923076925,0.38235294117647056,2,18,Yes
PRV56163,0.0,7.0,7.0,6,0.0,454.2857142857143,0.0,3180.0,0.0,0.0,0.0,1,1,No
PRV56164,0.0,27.0,27.0,27,0.0,206.2962962962963,0.0,5570.0,0.0,0.0,0.0,2,16,No
PRV56165,0.0,19.0,19.0,13,0.0,674.2105263157895,0.0,12810.0,0.0,0.0,0.0,1,4,No
PRV56166,2.0,6.0,8.0,8,4000.0,120.0,8000.0,720.0,2.0,2.0,0.3333333333333333,2,4,No
PRV56168,0.0,1.0,1.0,1,0.0,20.0,0.0,20.0,0.0,0.0,0.0,1,1,No
PRV56169,0.0,22.0,22.0,17,0.0,334.09090909090907,0.0,7350.0,0.0,0.0,0.0,3,10,No
PRV56170,8.0,10.0,18.0,16,9000.0,137.0,72000.0,1370.0,3.75,3.75,0.8,2,11,No
PRV56171,0.0,15.0,15.0,12,0.0,76.0,0.0,1140.0,0.0,0.0,0.0,1,4,No
PRV56172,3.0,8.0,11.0,11,7666.666666666667,1017.5,23000.0,8140.0,2.6666666666666665,2.6666666666666665,0.375,1,6,No
PRV56173,6.0,38.0,44.0,37,16833.333333333332,150.52631578947367,101000.0,5720.0,6.833333333333333,6.833333333333333,0.15789473684210525,1,19,No
PRV56174,1.0,9.0,10.0,10,3000.0,61.111111111111114,3000.0,550.0,3.0,3.0,0.1111111111111111,1,6,No
PRV56176,0.0,21.0,21.0,15,0.0,379.04761904761904,0.0,7960.0,0.0,0.0,0.0,1,7,No
PRV56177,0.0,18.0,18.0,10,0.0,144.44444444444446,0.0,2600.0,0.0,0.0,0.0,1,5,No
PRV56179,1.0,7.0,8.0,8,8000.0,278.57142857142856,8000.0,1950.0,33.0,33.0,0.14285714285714285,1,6,No
PRV56181,0.0,12.0,12.0,9,0.0,379.1666666666667,0.0,4550.0,0.0,0.0,0.0,1,3,No
PRV56182,0.0,51.0,51.0,44,0.0,266.47058823529414,0.0,13590.0,0.0,0.0,0.0,1,4,No
PRV56183,0.0,23.0,23.0,19,0.0,184.34782608695653,0.0,4240.0,0.0,0.0,0.0,1,4,No
PRV56184,0.0,18.0,18.0,9,0.0,151.66666666666666,0.0,2730.0,0.0,0.0,0.0,1,4,No
PRV56185,0.0,7.0,7.0,7,0.0,75.71428571428571,0.0,530.0,0.0,0.0,0.0,1,4,No
PRV56186,0.0,12.0,12.0,10,0.0,221.66666666666666,0.0,2660.0,0.0,0.0,0.0,1,2,No
PRV56187,0.0,18.0,18.0,14,0.0,276.1111111111111,0.0,4970.0,0.0,0.0,0.0,1,4,No
PRV56189,0.0,6.0,6.0,5,0.0,160.0,0.0,960.0,0.0,0.0,0.0,1,2,No
PRV56190,0.0,6.0,6.0,4,0.0,131.66666666666666,0.0,790.0,0.0,0.0,0.0,1,2,No
PRV56191,0.0,62.0,62.0,37,0.0,334.03225806451616,0.0,20710.0,0.0,0.0,0.0,1,6,No
PRV56193,0.0,14.0,14.0,12,0.0,348.57142857142856,0.0,4880.0,0.0,0.0,0.0,1,5,No
PRV56194,0.0,8.0,8.0,5,0.0,271.25,0.0,2170.0,0.0,0.0,0.0,1,2,No
PRV56196,0.0,6.0,6.0,6,0.0,123.33333333333333,0.0,740.0,0.0,0.0,0.0,1,4,No
PRV56198,0.0,21.0,21.0,12,0.0,309.5238095238095,0.0,6500.0,0.0,0.0,0.0,1,5,No
PRV56199,0.0,16.0,16.0,13,0.0,162.5,0.0,2600.0,0.0,0.0,0.0,1,2,No
PRV56200,0.0,58.0,58.0,41,0.0,217.24137931034483,0.0,12600.0,0.0,0.0,0.0,1,3,No
PRV56201,0.0,3.0,3.0,2,0.0,40.0,0.0,120.0,0.0,0.0,0.0,1,1,No
PRV56202,1.0,0.0,1.0,1,10000.0,0.0,10000.0,0.0,3.0,3.0,1.0,1,1,No
PRV56206,0.0,31.0,31.0,30,0.0,201.29032258064515,0.0,6240.0,0.0,0.0,0.0,6,9,No
PRV56207,3.0,92.0,95.0,92,23000.0,223.04347826086956,69000.0,20520.0,9.333333333333334,9.333333333333334,0.03260869565217391,5,15,No
PRV56208,0.0,67.0,67.0,66,0.0,382.23880597014926,0.0,25610.0,0.0,0.0,0.0,6,16,No
PRV56209,0.0,189.0,189.0,186,0.0,303.5449735449736,0.0,57370.0,0.0,0.0,0.0,9,26,No
PRV56210,31.0,119.0,150.0,144,7322.580645161291,232.94117647058823,227000.0,27720.0,4.967741935483871,4.967741935483871,0.2605042016806723,7,18,No
PRV56211,0.0,83.0,83.0,83,0.0,285.5421686746988,0.0,23700.0,0.0,0.0,0.0,6,18,No
PRV56212,0.0,17.0,17.0,17,0.0,315.29411764705884,0.0,5360.0,0.0,0.0,0.0,5,9,No
PRV56213,0.0,643.0,643.0,355,0.0,250.48211508553655,0.0,161060.0,0.0,0.0,0.0,4,11,No
PRV56214,0.0,3.0,3.0,3,0.0,236.66666666666666,0.0,710.0,0.0,0.0,0.0,1,1,No
PRV56216,0.0,481.0,481.0,352,0.0,328.2952182952183,0.0,157910.0,0.0,0.0,0.0,10,32,No
PRV56217,0.0,45.0,45.0,37,0.0,220.44444444444446,0.0,9920.0,0.0,0.0,0.0,3,12,No
PRV56218,6.0,112.0,118.0,103,5833.333333333333,215.71428571428572,35000.0,24160.0,7.666666666666667,7.666666666666667,0.05357142857142857,6,16,No
PRV56219,4.0,273.0,277.0,98,11500.0,259.96336996337,46000.0,70970.0,9.25,9.25,0.014652014652014652,3,9,No
PRV56220,3.0,12.0,15.0,14,5666.666666666667,134.16666666666666,17000.0,1610.0,4.333333333333333,4.333333333333333,0.25,1,7,No
PRV56221,18.0,287.0,305.0,213,7777.777777777777,307.8048780487805,140000.0,88340.0,4.611111111111111,4.611111111111111,0.0627177700348432,15,30,No
PRV56222,0.0,101.0,101.0,72,0.0,245.24752475247524,0.0,24770.0,0.0,0.0,0.0,3,10,No
PRV56224,4.0,107.0,111.0,101,7750.0,354.67289719626166,31000.0,37950.0,2.25,2.25,0.037383177570093455,5,24,No
PRV56225,50.0,538.0,588.0,312,12200.0,280.8550185873606,610000.0,151100.0,6.68,6.68,0.09293680297397769,2,12,Yes
PRV56227,1.0,25.0,26.0,24,4000.0,192.8,4000.0,4820.0,2.0,2.0,0.04,2,7,No
PRV56228,0.0,262.0,262.0,149,0.0,250.64885496183206,0.0,65670.0,0.0,0.0,0.0,9,19,No
PRV56229,0.0,13.0,13.0,12,0.0,341.53846153846155,0.0,4440.0,0.0,0.0,0.0,2,4,No
PRV56231,32.0,238.0,270.0,198,10943.75,245.88235294117646,350200.0,58520.0,4.59375,4.59375,0.13445378151260504,2,24,Yes
PRV56232,0.0,35.0,35.0,34,0.0,279.42857142857144,0.0,9780.0,0.0,0.0,0.0,6,13,No
PRV56233,0.0,98.0,98.0,42,0.0,335.61224489795916,0.0,32890.0,0.0,0.0,0.0,1,4,No
PRV56234,0.0,70.0,70.0,56,0.0,310.2857142857143,0.0,21720.0,0.0,0.0,0.0,5,15,No
PRV56235,14.0,157.0,171.0,153,9714.285714285714,273.2484076433121,136000.0,42900.0,7.357142857142857,7.357142857142857,0.08917197452229299,5,17,No
PRV56236,7.0,29.0,36.0,35,6428.571428571428,382.0689655172414,45000.0,11080.0,4.428571428571429,4.428571428571429,0.2413793103448276,6,19,No
PRV56237,0.0,198.0,198.0,131,0.0,176.91919191919192,0.0,35030.0,0.0,0.0,0.0,4,9,No
PRV56238,4.0,27.0,31.0,30,16750.0,247.77777777777777,67000.0,6690.0,7.25,7.25,0.14814814814814814,2,6,No
PRV56239,0.0,125.0,125.0,55,0.0,438.64,0.0,54830.0,0.0,0.0,0.0,1,7,No
PRV56241,0.0,140.0,140.0,98,0.0,226.0,0.0,31640.0,0.0,0.0,0.0,7,20,No
PRV56242,1.0,135.0,136.0,75,7000.0,321.6296296296296,7000.0,43420.0,0.0,0.0,0.007407407407407408,1,5,No
PRV56243,78.0,831.0,909.0,604,8924.358974358975,272.7797833935018,696100.0,226680.0,4.756410256410256,4.756410256410256,0.09386281588447654,20,63,No
PRV56245,0.0,76.0,76.0,44,0.0,180.52631578947367,0.0,13720.0,0.0,0.0,0.0,1,6,No
PRV56247,2.0,24.0,26.0,21,6000.0,350.4166666666667,12000.0,8410.0,1.0,1.0,0.08333333333333333,2,6,No
PRV56248,0.0,934.0,934.0,477,0.0,303.2012847965739,0.0,283190.0,0.0,0.0,0.0,6,33,No
PRV56249,56.0,1054.0,1110.0,666,10303.57142857143,282.8368121442125,577000.0,298110.0,6.464285714285714,6.464285714285714,0.05313092979127135,7,45,Yes
PRV56251,0.0,30.0,30.0,16,0.0,298.3333333333333,0.0,8950.0,0.0,0.0,0.0,3,3,No
PRV56252,0.0,18.0,18.0,18,0.0,289.44444444444446,0.0,5210.0,0.0,0.0,0.0,3,8,No
PRV56253,63.0,248.0,311.0,228,9119.047619047618,250.7258064516129,574500.0,62180.0,5.809523809523809,5.809523809523809,0.2540322580645161,2,27,Yes
PRV56255,0.0,102.0,102.0,68,0.0,377.54901960784315,0.0,38510.0,0.0,0.0,0.0,2,9,No
PRV56256,11.0,44.0,55.0,53,7636.363636363636,151.13636363636363,84000.0,6650.0,4.090909090909091,4.090909090909091,0.25,3,7,No
PRV56257,17.0,35.0,52.0,48,8705.882352941177,269.7142857142857,148000.0,9440.0,6.823529411764706,6.823529411764706,0.4857142857142857,3,11,Yes
PRV56258,0.0,70.0,70.0,70,0.0,373.2857142857143,0.0,26130.0,0.0,0.0,0.0,4,17,No
PRV56259,16.0,180.0,196.0,188,6750.0,289.0,108000.0,52020.0,5.625,6.125,0.08888888888888889,15,36,Yes
PRV56260,55.0,4.0,59.0,53,10000.0,127.5,550000.0,510.0,4.418181818181818,4.418181818181818,13.75,3,7,No
PRV56261,0.0,69.0,69.0,47,0.0,357.82608695652175,0.0,24690.0,0.0,0.0,0.0,3,7,No
PRV56262,0.0,15.0,15.0,15,0.0,232.0,0.0,3480.0,0.0,0.0,0.0,1,5,No
PRV56263,2.0,16.0,18.0,17,10000.0,183.75,20000.0,2940.0,2.5,2.5,0.125,2,7,No
PRV56264,19.0,32.0,51.0,45,8684.21052631579,220.3125,165000.0,7050.0,7.0,7.0,0.59375,4,11,No
PRV56265,20.0,106.0,126.0,54,8950.0,309.0566037735849,179000.0,32760.0,5.6,5.6,0.18867924528301888,1,6,No
PRV56266,0.0,30.0,30.0,26,0.0,321.3333333333333,0.0,9640.0,0.0,0.0,0.0,5,8,No
PRV56267,0.0,4.0,4.0,4,0.0,87.5,0.0,350.0,0.0,0.0,0.0,1,2,No
PRV56268,61.0,1052.0,1113.0,873,10772.131147540984,269.5532319391635,657100.0,283570.0,6.885245901639344,6.934426229508197,0.05798479087452472,20,62,Yes
PRV56269,8.0,9.0,17.0,16,10125.0,247.77777777777777,81000.0,2230.0,4.625,4.625,0.8888888888888888,2,3,No
PRV56270,0.0,1043.0,1043.0,485,0.0,278.01534036433367,0.0,289970.0,0.0,0.0,0.0,3,15,No
PRV56271,1.0,92.0,93.0,65,6000.0,334.3478260869565,6000.0,30760.0,1.0,1.0,0.010869565217391304,4,9,No
PRV56272,0.0,22.0,22.0,14,0.0,247.72727272727272,0.0,5450.0,0.0,0.0,0.0,1,1,No
PRV56274,4.0,4.0,8.0,8,5500.0,495.0,22000.0,1980.0,5.25,5.25,1.0,1,4,No
PRV56275,0.0,80.0,80.0,34,0.0,308.625,0.0,24690.0,0.0,0.0,0.0,1,5,No
PRV56276,1.0,6.0,7.0,7,13000.0,65.0,13000.0,390.0,15.0,15.0,0.16666666666666666,1,3,No
PRV56277,0.0,19.0,19.0,17,0.0,287.89473684210526,0.0,5470.0,0.0,0.0,0.0,1,2,No
PRV56278,0.0,27.0,27.0,18,0.0,774.4444444444445,0.0,20910.0,0.0,0.0,0.0,1,2,No
PRV56279,0.0,53.0,53.0,29,0.0,335.2830188679245,0.0,17770.0,0.0,0.0,0.0,2,3,No
PRV56280,0.0,39.0,39.0,32,0.0,216.66666666666666,0.0,8450.0,0.0,0.0,0.0,1,6,No
PRV56281,0.0,54.0,54.0,24,0.0,446.85185185185185,0.0,24130.0,0.0,0.0,0.0,1,2,No
PRV56282,0.0,4.0,4.0,4,0.0,125.0,0.0,500.0,0.0,0.0,0.0,1,1,No
PRV56283,0.0,3.0,3.0,3,0.0,773.3333333333334,0.0,2320.0,0.0,0.0,0.0,1,2,No
PRV56284,0.0,67.0,67.0,37,0.0,344.6268656716418,0.0,23090.0,0.0,0.0,0.0,1,4,No
PRV56285,13.0,0.0,13.0,12,10769.23076923077,0.0,140000.0,0.0,7.230769230769231,7.230769230769231,13.0,2,5,No
PRV56286,1.0,0.0,1.0,1,23000.0,0.0,23000.0,0.0,15.0,15.0,1.0,1,1,No
PRV56287,0.0,107.0,107.0,83,0.0,268.0373831775701,0.0,28680.0,0.0,0.0,0.0,1,4,No
PRV56288,2.0,0.0,2.0,2,12000.0,0.0,24000.0,0.0,2.5,2.5,2.0,1,2,No
PRV56289,5.0,0.0,5.0,5,5600.0,0.0,28000.0,0.0,4.0,4.0,5.0,1,3,No
PRV56290,0.0,23.0,23.0,16,0.0,502.60869565217394,0.0,11560.0,0.0,0.0,0.0,1,2,No
PRV56291,0.0,36.0,36.0,26,0.0,365.27777777777777,0.0,13150.0,0.0,0.0,0.0,1,1,No
PRV56293,0.0,3.0,3.0,3,0.0,143.33333333333334,0.0,430.0,0.0,0.0,0.0,1,2,No
PRV56295,0.0,4.0,4.0,4,0.0,300.0,0.0,1200.0,0.0,0.0,0.0,1,1,No
PRV56297,0.0,28.0,28.0,23,0.0,255.0,0.0,7140.0,0.0,0.0,0.0,1,1,No
PRV56299,0.0,5.0,5.0,5,0.0,64.0,0.0,320.0,0.0,0.0,0.0,1,1,No
PRV56300,0.0,8.0,8.0,5,0.0,123.75,0.0,990.0,0.0,0.0,0.0,1,2,No
PRV56301,0.0,3.0,3.0,3,0.0,343.3333333333333,0.0,1030.0,0.0,0.0,0.0,1,1,No
PRV56302,0.0,4.0,4.0,4,0.0,375.0,0.0,1500.0,0.0,0.0,0.0,1,1,No
PRV56303,0.0,2.0,2.0,2,0.0,35.0,0.0,70.0,0.0,0.0,0.0,1,2,No
PRV56304,0.0,15.0,15.0,13,0.0,844.0,0.0,12660.0,0.0,0.0,0.0,1,1,No
PRV56305,0.0,29.0,29.0,12,0.0,144.82758620689654,0.0,4200.0,0.0,0.0,0.0,1,1,No
PRV56306,0.0,7.0,7.0,5,0.0,200.0,0.0,1400.0,0.0,0.0,0.0,1,1,No
PRV56307,0.0,12.0,12.0,12,0.0,110.83333333333333,0.0,1330.0,0.0,0.0,0.0,2,3,No
PRV56308,0.0,15.0,15.0,9,0.0,335.3333333333333,0.0,5030.0,0.0,0.0,0.0,1,2,No
PRV56309,0.0,3.0,3.0,3,0.0,440.0,0.0,1320.0,0.0,0.0,0.0,1,1,No
PRV56310,0.0,1.0,1.0,1,0.0,80.0,0.0,80.0,0.0,0.0,0.0,1,1,No
PRV56311,0.0,19.0,19.0,10,0.0,403.6842105263158,0.0,7670.0,0.0,0.0,0.0,1,1,No
PRV56313,0.0,3.0,3.0,3,0.0,33.333333333333336,0.0,100.0,0.0,0.0,0.0,1,1,No
PRV56314,0.0,8.0,8.0,8,0.0,467.5,0.0,3740.0,0.0,0.0,0.0,1,2,No
PRV56316,0.0,6.0,6.0,5,0.0,741.6666666666666,0.0,4450.0,0.0,0.0,0.0,1,1,No
PRV56317,0.0,2.0,2.0,2,0.0,5.0,0.0,10.0,0.0,0.0,0.0,1,1,No
PRV56318,0.0,1.0,1.0,1,0.0,200.0,0.0,200.0,0.0,0.0,0.0,1,1,No
PRV56319,0.0,13.0,13.0,12,0.0,498.46153846153845,0.0,6480.0,0.0,0.0,0.0,1,2,No
PRV56321,0.0,7.0,7.0,6,0.0,558.5714285714286,0.0,3910.0,0.0,0.0,0.0,1,2,No
PRV56322,0.0,37.0,37.0,27,0.0,183.78378378378378,0.0,6800.0,0.0,0.0,0.0,1,1,No
PRV56324,0.0,1.0,1.0,1,0.0,100.0,0.0,100.0,0.0,0.0,0.0,1,1,No
PRV56328,0.0,15.0,15.0,13,0.0,140.0,0.0,2100.0,0.0,0.0,0.0,1,2,No
PRV56329,14.0,0.0,14.0,13,12642.857142857143,0.0,177000.0,0.0,5.714285714285714,5.714285714285714,14.0,1,6,No
PRV56330,0.0,16.0,16.0,15,0.0,195.625,0.0,3130.0,0.0,0.0,0.0,1,2,No
PRV56331,0.0,1.0,1.0,1,0.0,10.0,0.0,10.0,0.0,0.0,0.0,1,1,No
PRV56333,0.0,42.0,42.0,33,0.0,276.1904761904762,0.0,11600.0,0.0,0.0,0.0,1,2,No
PRV56334,0.0,8.0,8.0,8,0.0,83.75,0.0,670.0,0.0,0.0,0.0,1,1,No
PRV56335,18.0,0.0,18.0,18,8666.666666666666,0.0,156000.0,0.0,5.0,5.0,18.0,2,6,No
PRV56336,21.0,0.0,21.0,21,11285.714285714286,0.0,237000.0,0.0,4.571428571428571,4.571428571428571,21.0,1,4,No
PRV56337,0.0,2.0,2.0,2,0.0,90.0,0.0,180.0,0.0,0.0,0.0,1,2,No
PRV56338,10.0,0.0,10.0,10,9740.0,0.0,97400.0,0.0,5.2,5.2,10.0,1,3,No
PRV56339,1.0,0.0,1.0,1,9000.0,0.0,9000.0,0.0,3.0,3.0,1.0,1,1,No
PRV56340,3.0,0.0,3.0,3,19000.0,0.0,57000.0,0.0,6.0,6.0,3.0,1,2,No
PRV56341,1.0,0.0,1.0,1,18000.0,0.0,18000.0,0.0,5.0,5.0,1.0,1,1,No
PRV56342,5.0,0.0,5.0,5,10400.0,0.0,52000.0,0.0,2.6,2.6,5.0,2,3,No
PRV56344,0.0,11.0,11.0,10,0.0,320.0,0.0,3520.0,0.0,0.0,0.0,2,4,No
PRV56345,0.0,572.0,572.0,243,0.0,235.15734265734267,0.0,134510.0,0.0,0.0,0.0,5,47,No
PRV56346,0.0,42.0,42.0,25,0.0,382.14285714285717,0.0,16050.0,0.0,0.0,0.0,1,9,No
PRV56347,9.0,42.0,51.0,43,10555.555555555555,264.5238095238095,95000.0,11110.0,4.444444444444445,4.444444444444445,0.21428571428571427,3,18,No
PRV56348,0.0,58.0,58.0,36,0.0,193.10344827586206,0.0,11200.0,0.0,0.0,0.0,2,11,No
PRV56349,31.0,30.0,61.0,51,8935.483870967742,376.0,277000.0,11280.0,3.870967741935484,3.870967741935484,1.0333333333333334,7,19,No
PRV56350,66.0,92.0,158.0,119,11818.181818181818,353.5869565217391,780000.0,32530.0,5.287878787878788,5.287878787878788,0.717391304347826,7,44,Yes
PRV56351,0.0,29.0,29.0,17,0.0,376.55172413793105,0.0,10920.0,0.0,0.0,0.0,3,9,No
PRV56352,4.0,20.0,24.0,22,8750.0,136.5,35000.0,2730.0,8.5,8.5,0.2,2,12,No
PRV56353,0.0,96.0,96.0,46,0.0,305.625,0.0,29340.0,0.0,0.0,0.0,2,15,No
PRV56354,3.0,8.0,11.0,9,22333.333333333332,433.75,67000.0,3470.0,5.666666666666667,5.666666666666667,0.375,2,5,No
PRV56355,4.0,111.0,115.0,35,10750.0,298.4684684684685,43000.0,33130.0,4.25,4.25,0.036036036036036036,1,11,No
PRV56357,0.0,16.0,16.0,13,0.0,105.625,0.0,1690.0,0.0,0.0,0.0,2,5,No
PRV56358,0.0,4.0,4.0,4,0.0,60.0,0.0,240.0,0.0,0.0,0.0,1,3,No
PRV56360,0.0,78.0,78.0,34,0.0,321.28205128205127,0.0,25060.0,0.0,0.0,0.0,4,6,No
PRV56361,7.0,107.0,114.0,51,7571.428571428572,491.1214953271028,53000.0,52550.0,4.571428571428571,4.571428571428571,0.06542056074766354,3,12,Yes
PRV56362,0.0,60.0,60.0,51,0.0,220.16666666666666,0.0,13210.0,0.0,0.0,0.0,3,22,No
PRV56363,0.0,19.0,19.0,8,0.0,548.421052631579,0.0,10420.0,0.0,0.0,0.0,1,3,No
PRV56364,0.0,79.0,79.0,28,0.0,395.9493670886076,0.0,31280.0,0.0,0.0,0.0,1,4,No
PRV56366,0.0,9.0,9.0,8,0.0,208.88888888888889,0.0,1880.0,0.0,0.0,0.0,1,4,No
PRV56367,0.0,45.0,45.0,14,0.0,234.44444444444446,0.0,10550.0,0.0,0.0,0.0,1,5,No
PRV56368,1.0,33.0,34.0,12,4000.0,153.03030303030303,4000.0,5050.0,4.0,4.0,0.030303030303030304,1,3,No
PRV56369,0.0,1.0,1.0,1,0.0,80.0,0.0,80.0,0.0,0.0,0.0,1,1,No
PRV56370,0.0,9.0,9.0,3,0.0,180.0,0.0,1620.0,0.0,0.0,0.0,1,1,No
PRV56373,0.0,1.0,1.0,1,0.0,10.0,0.0,10.0,0.0,0.0,0.0,1,1,No
PRV56374,0.0,25.0,25.0,11,0.0,302.8,0.0,7570.0,0.0,0.0,0.0,2,2,No
PRV56375,0.0,54.0,54.0,29,0.0,281.85185185185185,0.0,15220.0,0.0,0.0,0.0,1,3,No
PRV56376,0.0,20.0,20.0,10,0.0,539.0,0.0,10780.0,0.0,0.0,0.0,1,3,No
PRV56377,0.0,1.0,1.0,1,0.0,60.0,0.0,60.0,0.0,0.0,0.0,1,1,No
PRV56378,0.0,31.0,31.0,19,0.0,144.51612903225808,0.0,4480.0,0.0,0.0,0.0,1,3,No
PRV56379,0.0,53.0,53.0,26,0.0,311.6981132075472,0.0,16520.0,0.0,0.0,0.0,2,3,No
PRV56380,0.0,21.0,21.0,10,0.0,287.6190476190476,0.0,6040.0,0.0,0.0,0.0,1,3,No
PRV56381,0.0,8.0,8.0,1,0.0,590.0,0.0,4720.0,0.0,0.0,0.0,1,1,No
PRV56384,2.0,47.0,49.0,23,9000.0,250.85106382978722,18000.0,11790.0,8.0,8.0,0.0425531914893617,1,5,No
PRV56385,0.0,22.0,22.0,11,0.0,125.9090909090909,0.0,2770.0,0.0,0.0,0.0,1,3,No
PRV56387,0.0,1.0,1.0,1,0.0,90.0,0.0,90.0,0.0,0.0,0.0,1,1,No
PRV56388,0.0,7.0,7.0,6,0.0,757.1428571428571,0.0,5300.0,0.0,0.0,0.0,3,3,No
PRV56389,0.0,15.0,15.0,13,0.0,434.6666666666667,0.0,6520.0,0.0,0.0,0.0,2,3,No
PRV56390,2.0,3.0,5.0,5,20000.0,73.33333333333333,40000.0,220.0,15.5,15.5,0.6666666666666666,1,5,No
PRV56391,0.0,2.0,2.0,2,0.0,75.0,0.0,150.0,0.0,0.0,0.0,1,1,No
PRV56392,6.0,14.0,20.0,10,6333.333333333333,275.7142857142857,38000.0,3860.0,9.5,9.5,0.42857142857142855,1,4,Yes
PRV56393,0.0,10.0,10.0,8,0.0,258.0,0.0,2580.0,0.0,0.0,0.0,1,4,No
PRV56394,0.0,32.0,32.0,14,0.0,497.5,0.0,15920.0,0.0,0.0,0.0,2,4,No
PRV56395,7.0,0.0,7.0,7,15285.714285714286,0.0,107000.0,0.0,5.0,5.0,7.0,1,4,No
PRV56396,32.0,51.0,83.0,71,8406.25,399.6078431372549,269000.0,20380.0,6.625,6.625,0.6274509803921569,5,16,Yes
PRV56397,0.0,47.0,47.0,43,0.0,204.25531914893617,0.0,9600.0,0.0,0.0,0.0,2,10,No
PRV56398,1.0,18.0,19.0,19,4000.0,112.77777777777777,4000.0,2030.0,6.0,6.0,0.05555555555555555,1,7,No
PRV56400,3.0,6.0,9.0,9,16333.333333333334,133.33333333333334,49000.0,800.0,9.0,9.0,0.5,2,6,Yes
PRV56401,0.0,143.0,143.0,39,0.0,191.53846153846155,0.0,27390.0,0.0,0.0,0.0,2,4,No
PRV56403,10.0,24.0,34.0,31,6700.0,485.8333333333333,67000.0,11660.0,3.6,3.6,0.4166666666666667,3,9,Yes
PRV56404,0.0,363.0,363.0,143,0.0,362.69972451790636,0.0,131660.0,0.0,0.0,0.0,2,16,No
PRV56405,0.0,60.0,60.0,53,0.0,401.5,0.0,24090.0,0.0,0.0,0.0,3,10,No
PRV56406,0.0,201.0,201.0,72,0.0,222.7363184079602,0.0,44770.0,0.0,0.0,0.0,1,7,No
PRV56407,5.0,35.0,40.0,39,6600.0,185.71428571428572,33000.0,6500.0,6.2,6.2,0.14285714285714285,2,8,No
PRV56408,3.0,65.0,68.0,25,21000.0,254.92307692307693,63000.0,16570.0,17.0,17.0,0.046153846153846156,1,4,No
PRV56410,0.0,350.0,350.0,172,0.0,264.37142857142857,0.0,92530.0,0.0,0.0,0.0,3,11,No
PRV56411,4.0,71.0,75.0,35,24500.0,178.16901408450704,98000.0,12650.0,2.25,2.25,0.056338028169014086,1,5,No
PRV56412,9.0,103.0,112.0,77,9666.666666666666,236.50485436893203,87000.0,24360.0,5.777777777777778,5.777777777777778,0.08737864077669903,1,11,No
PRV56413,0.0,12.0,12.0,12,0.0,720.8333333333334,0.0,8650.0,0.0,0.0,0.0,1,3,No
PRV56414,0.0,27.0,27.0,26,0.0,218.5185185185185,0.0,5900.0,0.0,0.0,0.0,3,12,No
PRV56415,0.0,41.0,41.0,41,0.0,390.0,0.0,15990.0,0.0,0.0,0.0,2,11,No
PRV56416,214.0,1378.0,1592.0,695,10920.794392523365,295.95065312046444,2337050.0,407820.0,6.411214953271028,6.411214953271028,0.15529753265602322,9,50,Yes
PRV56417,0.0,119.0,119.0,44,0.0,170.0,0.0,20230.0,0.0,0.0,0.0,2,7,No
PRV56418,0.0,29.0,29.0,27,0.0,337.58620689655174,0.0,9790.0,0.0,0.0,0.0,3,10,No
PRV56421,46.0,87.0,133.0,100,10586.95652173913,272.98850574712645,487000.0,23750.0,5.913043478260869,5.913043478260869,0.5287356321839081,2,20,Yes
PRV56423,2.0,10.0,12.0,10,7000.0,149.0,14000.0,1490.0,1.5,1.5,0.2,3,5,No
PRV56425,8.0,373.0,381.0,138,5500.0,245.17426273458446,44000.0,91450.0,6.0,6.0,0.021447721179624665,2,16,Yes
PRV56426,0.0,436.0,436.0,262,0.0,291.8119266055046,0.0,127230.0,0.0,0.0,0.0,4,27,No
PRV56427,0.0,23.0,23.0,20,0.0,454.7826086956522,0.0,10460.0,0.0,0.0,0.0,2,10,No
PRV56428,8.0,303.0,311.0,151,12375.0,243.993399339934,99000.0,73930.0,5.375,5.375,0.026402640264026403,1,10,Yes
PRV56430,0.0,38.0,38.0,36,0.0,292.89473684210526,0.0,11130.0,0.0,0.0,0.0,2,6,No
PRV56432,6.0,19.0,25.0,18,8000.0,320.0,48000.0,6080.0,4.166666666666667,4.166666666666667,0.3157894736842105,2,7,No
PRV56433,0.0,121.0,121.0,114,0.0,326.5289256198347,0.0,39510.0,0.0,0.0,0.0,11,35,No
PRV56435,4.0,256.0,260.0,115,7500.0,273.5546875,30000.0,70030.0,5.5,5.5,0.015625,2,16,Yes
PRV56437,39.0,680.0,719.0,329,7338.461538461538,269.2647058823529,286200.0,183100.0,5.564102564102564,5.564102564102564,0.057352941176470586,5,18,Yes
PRV56438,64.0,69.0,133.0,126,12484.375,410.1449275362319,799000.0,28300.0,5.890625,5.890625,0.927536231884058,7,34,Yes
PRV56439,0.0,443.0,443.0,237,0.0,304.65011286681715,0.0,134960.0,0.0,0.0,0.0,9,33,No
PRV56440,0.0,89.0,89.0,72,0.0,327.5280898876405,0.0,29150.0,0.0,0.0,0.0,1,8,No
PRV56441,0.0,35.0,35.0,34,0.0,113.71428571428571,0.0,3980.0,0.0,0.0,0.0,3,11,No
PRV56442,81.0,1249.0,1330.0,611,10938.271604938273,278.7429943955164,886000.0,348150.0,5.703703703703703,5.703703703703703,0.06485188150520416,8,56,Yes
PRV56444,0.0,1317.0,1317.0,790,0.0,290.91875474563403,0.0,383140.0,0.0,0.0,0.0,20,87,Yes
PRV56445,32.0,23.0,55.0,50,6562.5,250.0,210000.0,5750.0,4.40625,4.40625,1.391304347826087,3,15,No
PRV56447,0.0,170.0,170.0,101,0.0,299.2352941176471,0.0,50870.0,0.0,0.0,0.0,3,11,Yes
PRV56448,0.0,584.0,584.0,315,0.0,340.6678082191781,0.0,198950.0,0.0,0.0,0.0,4,14,No
PRV56449,13.0,122.0,135.0,109,13307.692307692309,318.6885245901639,173000.0,38880.0,6.0,8.0,0.10655737704918032,6,31,No
PRV56451,0.0,259.0,259.0,86,0.0,281.66023166023166,0.0,72950.0,0.0,0.0,0.0,3,9,No
PRV56452,4.0,106.0,110.0,82,6750.0,341.0377358490566,27000.0,36150.0,3.25,3.25,0.03773584905660377,3,17,No
PRV56453,0.0,115.0,115.0,57,0.0,378.69565217391306,0.0,43550.0,0.0,0.0,0.0,2,8,No
PRV56454,0.0,159.0,159.0,86,0.0,276.1635220125786,0.0,43910.0,0.0,0.0,0.0,4,13,No
PRV56455,0.0,13.0,13.0,12,0.0,373.84615384615387,0.0,4860.0,0.0,0.0,0.0,1,3,No
PRV56456,14.0,32.0,46.0,37,7071.428571428572,490.9375,99000.0,15710.0,5.428571428571429,5.428571428571429,0.4375,2,7,No
PRV56458,7.0,47.0,54.0,48,5714.285714285715,285.3191489361702,40000.0,13410.0,2.5714285714285716,2.5714285714285716,0.14893617021276595,1,9,No
PRV56461,10.0,105.0,115.0,103,10000.0,335.04761904761904,100000.0,35180.0,5.5,5.5,0.09523809523809523,8,36,No
PRV56463,0.0,18.0,18.0,17,0.0,92.22222222222223,0.0,1660.0,0.0,0.0,0.0,2,4,No
PRV56464,0.0,84.0,84.0,78,0.0,177.61904761904762,0.0,14920.0,0.0,0.0,0.0,6,21,No
PRV56466,0.0,56.0,56.0,45,0.0,146.25,0.0,8190.0,0.0,0.0,0.0,2,7,No
PRV56467,0.0,349.0,349.0,188,0.0,274.269340974212,0.0,95720.0,0.0,0.0,0.0,3,11,No
PRV56468,5.0,29.0,34.0,32,8000.0,250.68965517241378,40000.0,7270.0,7.2,7.2,0.1724137931034483,1,10,No
PRV56469,36.0,95.0,131.0,121,11138.888888888889,311.1578947368421,401000.0,29560.0,5.944444444444445,5.944444444444445,0.37894736842105264,6,42,No
PRV56470,5.0,32.0,37.0,26,5600.0,237.8125,28000.0,7610.0,4.6,4.6,0.15625,1,5,No
PRV56471,0.0,43.0,43.0,21,0.0,243.95348837209303,0.0,10490.0,0.0,0.0,0.0,1,4,No
PRV56473,7.0,48.0,55.0,50,9000.0,173.125,63000.0,8310.0,7.857142857142857,7.857142857142857,0.14583333333333334,4,17,No
PRV56474,1.0,30.0,31.0,27,7000.0,232.33333333333334,7000.0,6970.0,12.0,12.0,0.03333333333333333,2,5,No
PRV56475,0.0,34.0,34.0,18,0.0,328.8235294117647,0.0,11180.0,0.0,0.0,0.0,1,4,No
PRV56476,1.0,3.0,4.0,4,6000.0,233.33333333333334,6000.0,700.0,6.0,6.0,0.3333333333333333,1,4,No
PRV56477,0.0,9.0,9.0,8,0.0,495.55555555555554,0.0,4460.0,0.0,0.0,0.0,1,4,No
PRV56478,67.0,85.0,152.0,127,9156.716417910447,298.2352941176471,613500.0,25350.0,6.029850746268656,6.029850746268656,0.788235294117647,6,24,No
PRV56479,0.0,140.0,140.0,118,0.0,278.5,0.0,38990.0,0.0,0.0,0.0,6,24,No
PRV56480,0.0,21.0,21.0,19,0.0,148.57142857142858,0.0,3120.0,0.0,0.0,0.0,1,2,No
PRV56481,78.0,50.0,128.0,85,8448.71794871795,198.2,659000.0,9910.0,5.384615384615385,5.384615384615385,1.56,1,16,Yes
PRV56482,0.0,28.0,28.0,21,0.0,527.8571428571429,0.0,14780.0,0.0,0.0,0.0,1,7,No
PRV56483,2.0,30.0,32.0,29,6000.0,461.6666666666667,12000.0,13850.0,3.5,3.5,0.06666666666666667,3,10,No
PRV56484,0.0,9.0,9.0,9,0.0,775.5555555555555,0.0,6980.0,0.0,0.0,0.0,4,9,No
PRV56485,1.0,47.0,48.0,22,10000.0,357.2340425531915,10000.0,16790.0,0.0,0.0,0.02127659574468085,1,4,No
PRV56486,0.0,77.0,77.0,37,0.0,340.5194805194805,0.0,26220.0,0.0,0.0,0.0,1,9,No
PRV56487,1.0,26.0,27.0,27,9000.0,124.23076923076923,9000.0,3230.0,1.0,1.0,0.038461538461538464,3,11,No
PRV56489,0.0,21.0,21.0,20,0.0,445.23809523809524,0.0,9350.0,0.0,0.0,0.0,2,4,No
PRV56490,11.0,3.0,14.0,14,7090.909090909091,56.666666666666664,78000.0,170.0,2.909090909090909,2.909090909090909,3.6666666666666665,1,7,No
PRV56494,0.0,560.0,560.0,257,0.0,331.125,0.0,185430.0,0.0,0.0,0.0,2,15,No
PRV56495,0.0,36.0,36.0,23,0.0,326.3888888888889,0.0,11750.0,0.0,0.0,0.0,1,5,No
PRV56496,0.0,41.0,41.0,28,0.0,332.1951219512195,0.0,13620.0,0.0,0.0,0.0,1,6,No
PRV56497,0.0,30.0,30.0,23,0.0,418.0,0.0,12540.0,0.0,0.0,0.0,1,4,No
PRV56498,0.0,7.0,7.0,6,0.0,358.57142857142856,0.0,2510.0,0.0,0.0,0.0,2,2,No
PRV56500,3.0,148.0,151.0,74,6333.333333333333,310.8783783783784,19000.0,46010.0,3.6666666666666665,3.6666666666666665,0.02027027027027027,3,7,No
PRV56501,6.0,226.0,232.0,126,15666.666666666666,359.24778761061947,94000.0,81190.0,10.0,10.0,0.02654867256637168,1,9,Yes
PRV56502,0.0,7.0,7.0,6,0.0,201.42857142857142,0.0,1410.0,0.0,0.0,0.0,1,1,No
PRV56504,0.0,66.0,66.0,38,0.0,258.93939393939394,0.0,17090.0,0.0,0.0,0.0,2,9,No
PRV56507,7.0,35.0,42.0,26,23285.714285714286,2780.0,163000.0,97300.0,5.714285714285714,5.714285714285714,0.2,1,6,No
PRV56508,0.0,177.0,177.0,84,0.0,274.4632768361582,0.0,48580.0,0.0,0.0,0.0,1,7,No
PRV56509,0.0,117.0,117.0,55,0.0,362.13675213675214,0.0,42370.0,0.0,0.0,0.0,1,6,No
PRV56510,0.0,9.0,9.0,7,0.0,88.88888888888889,0.0,800.0,0.0,0.0,0.0,1,2,No
PRV56511,0.0,23.0,23.0,19,0.0,263.4782608695652,0.0,6060.0,0.0,0.0,0.0,3,3,No
PRV56512,0.0,27.0,27.0,17,0.0,372.22222222222223,0.0,10050.0,0.0,0.0,0.0,1,3,No
PRV56514,0.0,6.0,6.0,6,0.0,205.0,0.0,1230.0,0.0,0.0,0.0,1,1,No
PRV56515,0.0,7.0,7.0,6,0.0,377.14285714285717,0.0,2640.0,0.0,0.0,0.0,1,4,No
PRV56517,0.0,123.0,123.0,96,0.0,310.3252032520325,0.0,38170.0,0.0,0.0,0.0,1,12,No
PRV56518,0.0,2.0,2.0,2,0.0,450.0,0.0,900.0,0.0,0.0,0.0,1,1,No
PRV56519,7.0,0.0,7.0,7,9857.142857142857,0.0,69000.0,0.0,3.857142857142857,3.857142857142857,7.0,1,3,No
PRV56521,0.0,32.0,32.0,22,0.0,370.0,0.0,11840.0,0.0,0.0,0.0,1,1,No
PRV56522,0.0,3.0,3.0,3,0.0,566.6666666666666,0.0,1700.0,0.0,0.0,0.0,1,1,No
PRV56523,0.0,21.0,21.0,20,0.0,317.6190476190476,0.0,6670.0,0.0,0.0,0.0,2,2,Yes
PRV56524,0.0,3.0,3.0,3,0.0,40.0,0.0,120.0,0.0,0.0,0.0,1,1,No
PRV56525,0.0,66.0,66.0,45,0.0,285.3030303030303,0.0,18830.0,0.0,0.0,0.0,1,1,No
PRV56526,0.0,32.0,32.0,26,0.0,281.875,0.0,9020.0,0.0,0.0,0.0,1,1,No
PRV56527,0.0,57.0,57.0,30,0.0,350.70175438596493,0.0,19990.0,0.0,0.0,0.0,1,1,No
PRV56528,0.0,21.0,21.0,13,0.0,114.28571428571429,0.0,2400.0,0.0,0.0,0.0,1,2,No
PRV56529,0.0,34.0,34.0,30,0.0,146.1764705882353,0.0,4970.0,0.0,0.0,0.0,2,2,No
PRV56530,0.0,3.0,3.0,3,0.0,126.66666666666667,0.0,380.0,0.0,0.0,0.0,1,1,No
PRV56531,0.0,5.0,5.0,5,0.0,60.0,0.0,300.0,0.0,0.0,0.0,1,1,No
PRV56533,15.0,0.0,15.0,15,6200.0,0.0,93000.0,0.0,4.2,4.2,15.0,3,3,No
PRV56535,0.0,67.0,67.0,50,0.0,267.46268656716416,0.0,17920.0,0.0,0.0,0.0,1,3,No
PRV56536,0.0,65.0,65.0,34,0.0,269.2307692307692,0.0,17500.0,0.0,0.0,0.0,2,3,No
PRV56537,0.0,104.0,104.0,74,0.0,218.3653846153846,0.0,22710.0,0.0,0.0,0.0,1,7,No
PRV56538,0.0,23.0,23.0,11,0.0,194.7826086956522,0.0,4480.0,0.0,0.0,0.0,1,1,No
PRV56539,0.0,1.0,1.0,1,0.0,900.0,0.0,900.0,0.0,0.0,0.0,1,1,No
PRV56540,1.0,0.0,1.0,1,0.0,0.0,0.0,0.0,5.0,5.0,1.0,1,1,No
PRV56541,54.0,0.0,54.0,53,10814.814814814816,0.0,584000.0,0.0,6.0,6.0,54.0,2,15,Yes
PRV56543,4.0,0.0,4.0,4,5500.0,0.0,22000.0,0.0,3.0,3.0,4.0,1,1,No
PRV56544,18.0,2.0,20.0,20,5500.0,315.0,99000.0,630.0,3.111111111111111,3.111111111111111,9.0,2,2,No
PRV56545,1.0,0.0,1.0,1,7000.0,0.0,7000.0,0.0,6.0,6.0,1.0,1,1,No
PRV56546,9.0,0.0,9.0,9,8888.888888888889,0.0,80000.0,0.0,5.555555555555555,5.555555555555555,9.0,1,1,No
PRV56547,7.0,0.0,7.0,7,8571.42857142857,0.0,60000.0,0.0,4.714285714285714,4.714285714285714,7.0,1,3,No
PRV56548,8.0,0.0,8.0,7,15500.0,0.0,124000.0,0.0,6.375,6.375,8.0,2,4,No
PRV56549,2.0,0.0,2.0,2,7000.0,0.0,14000.0,0.0,3.5,3.5,2.0,2,2,No
PRV56550,55.0,25.0,80.0,65,9818.181818181818,595.6,540000.0,14890.0,5.836363636363636,5.836363636363636,2.2,2,22,Yes
PRV56551,0.0,36.0,36.0,30,0.0,390.8333333333333,0.0,14070.0,0.0,0.0,0.0,1,4,No
PRV56552,0.0,24.0,24.0,16,0.0,307.9166666666667,0.0,7390.0,0.0,0.0,0.0,1,5,No
PRV56553,0.0,65.0,65.0,38,0.0,224.92307692307693,0.0,14620.0,0.0,0.0,0.0,1,6,No
PRV56554,0.0,48.0,48.0,46,0.0,287.7083333333333,0.0,13810.0,0.0,0.0,0.0,3,18,No
PRV56555,59.0,10.0,69.0,67,8322.033898305084,380.0,491000.0,3800.0,7.169491525423729,7.169491525423729,5.9,2,7,No
PRV56556,74.0,806.0,880.0,384,8364.864864864865,289.7394540942928,619000.0,233530.0,5.364864864864865,5.364864864864865,0.09181141439205956,4,50,No
PRV56557,0.0,65.0,65.0,57,0.0,349.0769230769231,0.0,22690.0,0.0,0.0,0.0,5,13,No
PRV56559,0.0,1113.0,1113.0,807,0.0,310.26954177897574,0.0,345330.0,0.0,0.0,0.0,8,48,No
PRV56560,248.0,2065.0,2313.0,919,10507.661290322581,293.51089588377727,2605900.0,606100.0,5.810483870967742,5.810483870967742,0.12009685230024213,12,52,Yes
PRV56562,2.0,35.0,37.0,23,19000.0,304.2857142857143,38000.0,10650.0,1.5,1.5,0.05714285714285714,2,7,No
PRV56563,8.0,22.0,30.0,27,11375.0,267.72727272727275,91000.0,5890.0,3.5,3.5,0.36363636363636365,1,11,No
PRV56566,1.0,175.0,176.0,63,12000.0,320.62857142857143,12000.0,56110.0,8.0,8.0,0.005714285714285714,2,9,Yes
PRV56568,0.0,131.0,131.0,55,0.0,474.6564885496183,0.0,62180.0,0.0,0.0,0.0,2,7,No
PRV56570,13.0,17.0,30.0,27,11384.615384615385,172.94117647058823,148000.0,2940.0,4.615384615384615,4.615384615384615,0.7647058823529411,4,18,No
PRV56571,3.0,8.0,11.0,8,9000.0,565.0,27000.0,4520.0,8.333333333333334,8.333333333333334,0.375,1,5,No
PRV56572,0.0,20.0,20.0,19,0.0,194.5,0.0,3890.0,0.0,0.0,0.0,1,7,No
PRV56574,12.0,50.0,62.0,50,8666.666666666666,343.6,104000.0,17180.0,4.083333333333333,4.083333333333333,0.24,5,13,No
PRV56575,113.0,717.0,830.0,510,8477.87610619469,274.10041841004187,958000.0,196530.0,5.460176991150442,5.460176991150442,0.15760111576011157,3,14,Yes
PRV56576,1.0,233.0,234.0,107,4000.0,271.0300429184549,4000.0,63150.0,2.0,2.0,0.004291845493562232,1,7,No
PRV56577,8.0,285.0,293.0,247,6375.0,215.5438596491228,51000.0,61430.0,3.75,3.75,0.028070175438596492,5,21,No
PRV56578,7.0,74.0,81.0,73,16428.571428571428,320.6756756756757,115000.0,23730.0,6.142857142857143,6.142857142857143,0.0945945945945946,2,14,No
PRV56579,0.0,39.0,39.0,17,0.0,175.64102564102564,0.0,6850.0,0.0,0.0,0.0,1,5,No
PRV56580,0.0,185.0,185.0,163,0.0,339.94594594594594,0.0,62890.0,0.0,0.0,0.0,8,42,No
PRV56581,0.0,7.0,7.0,7,0.0,301.42857142857144,0.0,2110.0,0.0,0.0,0.0,1,1,No
PRV56582,0.0,1.0,1.0,1,0.0,30.0,0.0,30.0,0.0,0.0,0.0,1,1,No
PRV56583,13.0,11.0,24.0,24,8076.923076923077,370.0,105000.0,4070.0,4.076923076923077,4.153846153846154,1.1818181818181819,4,11,No
PRV56584,4.0,51.0,55.0,37,5250.0,307.05882352941177,21000.0,15660.0,3.25,3.25,0.0784313725490196,1,8,No
PRV56585,4.0,3.0,7.0,7,6250.0,30.0,25000.0,90.0,5.5,5.5,1.3333333333333333,2,5,No
PRV56586,0.0,4.0,4.0,4,0.0,92.5,0.0,370.0,0.0,0.0,0.0,1,1,No
PRV56587,18.0,455.0,473.0,338,13388.888888888889,301.032967032967,241000.0,136970.0,7.388888888888889,7.388888888888889,0.03956043956043956,5,53,Yes
PRV56588,100.0,169.0,269.0,251,9620.0,405.91715976331363,962000.0,68600.0,6.15,6.15,0.591715976331361,5,40,Yes
PRV56589,4.0,20.0,24.0,24,7750.0,582.5,31000.0,11650.0,4.5,4.5,0.2,5,14,No
PRV56590,0.0,33.0,33.0,31,0.0,315.45454545454544,0.0,10410.0,0.0,0.0,0.0,2,15,No
PRV56591,16.0,127.0,143.0,87,6125.0,294.96062992125985,98000.0,37460.0,4.8125,4.8125,0.12598425196850394,1,20,Yes
PRV56592,63.0,55.0,118.0,99,11530.15873015873,106.18181818181819,726400.0,5840.0,5.26984126984127,5.26984126984127,1.1454545454545455,4,27,Yes
PRV56593,0.0,46.0,46.0,46,0.0,293.2608695652174,0.0,13490.0,0.0,0.0,0.0,2,12,No
PRV56594,0.0,70.0,70.0,64,0.0,424.7142857142857,0.0,29730.0,0.0,0.0,0.0,2,16,No
PRV56595,0.0,56.0,56.0,46,0.0,281.42857142857144,0.0,15760.0,0.0,0.0,0.0,3,16,No
PRV56596,0.0,18.0,18.0,18,0.0,230.0,0.0,4140.0,0.0,0.0,0.0,2,11,No
PRV56597,0.0,191.0,191.0,110,0.0,272.87958115183244,0.0,52120.0,0.0,0.0,0.0,2,10,No
PRV56598,0.0,280.0,280.0,194,0.0,311.0,0.0,87080.0,0.0,0.0,0.0,7,13,No
PRV56601,1.0,32.0,33.0,31,3000.0,265.9375,3000.0,8510.0,9.0,9.0,0.03125,1,8,No
PRV56602,0.0,145.0,145.0,49,0.0,384.8965517241379,0.0,55810.0,0.0,0.0,0.0,1,10,No
PRV56603,1.0,3.0,4.0,4,6000.0,40.0,6000.0,120.0,3.0,3.0,0.3333333333333333,1,4,No
PRV56604,0.0,29.0,29.0,27,0.0,337.2413793103448,0.0,9780.0,0.0,0.0,0.0,1,12,No
PRV56605,4.0,104.0,108.0,33,6500.0,242.69230769230768,26000.0,25240.0,2.75,2.75,0.038461538461538464,2,5,Yes
PRV56606,9.0,55.0,64.0,26,9000.0,246.36363636363637,81000.0,13550.0,8.777777777777779,8.777777777777779,0.16363636363636364,1,8,No
PRV56607,4.0,68.0,72.0,46,6500.0,335.5882352941176,26000.0,22820.0,9.25,9.25,0.058823529411764705,1,11,No
PRV56608,0.0,856.0,856.0,421,0.0,274.8247663551402,0.0,235250.0,0.0,0.0,0.0,5,41,Yes
PRV56610,12.0,18.0,30.0,28,6166.666666666667,143.88888888888889,74000.0,2590.0,4.166666666666667,4.166666666666667,0.6666666666666666,2,15,No
PRV56611,0.0,123.0,123.0,59,0.0,219.26829268292684,0.0,26970.0,0.0,0.0,0.0,1,9,No
PRV56613,0.0,304.0,304.0,128,0.0,267.73026315789474,0.0,81390.0,0.0,0.0,0.0,1,7,No
PRV56614,15.0,11.0,26.0,25,8333.333333333334,100.0,125000.0,1100.0,6.8,6.8,1.3636363636363635,1,7,No
PRV56615,3.0,126.0,129.0,98,12000.0,227.38095238095238,36000.0,28650.0,6.666666666666667,6.666666666666667,0.023809523809523808,3,21,No
PRV56616,0.0,176.0,176.0,138,0.0,216.76136363636363,0.0,38150.0,0.0,0.0,0.0,8,13,Yes
PRV56618,0.0,135.0,135.0,98,0.0,238.59259259259258,0.0,32210.0,0.0,0.0,0.0,1,5,No
PRV56621,0.0,91.0,91.0,81,0.0,350.989010989011,0.0,31940.0,0.0,0.0,0.0,7,36,No
PRV56622,0.0,26.0,26.0,21,0.0,343.46153846153845,0.0,8930.0,0.0,0.0,0.0,3,8,No
PRV56624,7.0,15.0,22.0,21,26142.85714285714,297.3333333333333,183000.0,4460.0,11.285714285714286,11.285714285714286,0.4666666666666667,1,14,Yes
PRV56625,0.0,36.0,36.0,32,0.0,278.3333333333333,0.0,10020.0,0.0,0.0,0.0,6,12,No
PRV56626,4.0,90.0,94.0,67,11050.0,238.55555555555554,44200.0,21470.0,4.5,4.5,0.044444444444444446,2,10,No
PRV56628,9.0,92.0,101.0,85,9311.111111111111,289.3478260869565,83800.0,26620.0,7.0,7.0,0.09782608695652174,3,14,No
PRV56630,63.0,96.0,159.0,116,9000.0,314.8958333333333,567000.0,30230.0,4.571428571428571,4.571428571428571,0.65625,5,26,Yes
PRV56632,7.0,66.0,73.0,22,5571.428571428572,392.72727272727275,39000.0,25920.0,4.285714285714286,4.285714285714286,0.10606060606060606,1,3,No
PRV56633,0.0,5.0,5.0,3,0.0,120.0,0.0,600.0,0.0,0.0,0.0,1,3,No
PRV56634,0.0,206.0,206.0,123,0.0,271.0194174757282,0.0,55830.0,0.0,0.0,0.0,2,8,No
PRV56635,0.0,10.0,10.0,10,0.0,227.0,0.0,2270.0,0.0,0.0,0.0,1,5,No
PRV56637,0.0,161.0,161.0,137,0.0,250.0,0.0,40250.0,0.0,0.0,0.0,3,29,No
PRV56638,0.0,26.0,26.0,24,0.0,278.0769230769231,0.0,7230.0,0.0,0.0,0.0,1,8,No
PRV56639,0.0,96.0,96.0,39,0.0,483.3333333333333,0.0,46400.0,0.0,0.0,0.0,1,6,No
PRV56640,0.0,23.0,23.0,23,0.0,318.2608695652174,0.0,7320.0,0.0,0.0,0.0,1,7,No
PRV56641,0.0,1.0,1.0,1,0.0,100.0,0.0,100.0,0.0,0.0,0.0,1,1,No
PRV56642,0.0,141.0,141.0,103,0.0,322.1985815602837,0.0,45430.0,0.0,0.0,0.0,1,6,No
PRV56643,8.0,16.0,24.0,22,8375.0,355.625,67000.0,5690.0,6.0,6.0,0.5,1,7,No
PRV56645,0.0,64.0,64.0,52,0.0,355.0,0.0,22720.0,0.0,0.0,0.0,5,20,No
PRV56647,121.0,62.0,183.0,157,10533.88429752066,230.80645161290323,1274600.0,14310.0,6.198347107438017,6.223140495867769,1.9516129032258065,5,29,Yes
PRV56648,0.0,49.0,49.0,48,0.0,304.8979591836735,0.0,14940.0,0.0,0.0,0.0,4,23,No
PRV56649,7.0,259.0,266.0,123,17142.85714285714,279.34362934362935,120000.0,72350.0,5.428571428571429,5.428571428571429,0.02702702702702703,4,18,Yes
PRV56651,0.0,71.0,71.0,38,0.0,262.3943661971831,0.0,18630.0,0.0,0.0,0.0,2,7,No
PRV56653,0.0,72.0,72.0,39,0.0,292.5,0.0,21060.0,0.0,0.0,0.0,1,6,No
PRV56654,0.0,49.0,49.0,34,0.0,359.59183673469386,0.0,17620.0,0.0,0.0,0.0,1,6,No
PRV56655,0.0,251.0,251.0,104,0.0,276.41434262948206,0.0,69380.0,0.0,0.0,0.0,2,9,No
PRV56656,0.0,42.0,42.0,29,0.0,334.76190476190476,0.0,14060.0,0.0,0.0,0.0,1,2,No
PRV56657,0.0,20.0,20.0,18,0.0,260.0,0.0,5200.0,0.0,0.0,0.0,1,10,No
PRV56658,1.0,69.0,70.0,69,20000.0,219.71014492753622,20000.0,15160.0,16.0,16.0,0.014492753623188406,2,17,No
PRV56659,2.0,139.0,141.0,66,4500.0,183.81294964028777,9000.0,25550.0,3.5,3.5,0.014388489208633094,1,10,No
PRV56660,0.0,4.0,4.0,4,0.0,45.0,0.0,180.0,0.0,0.0,0.0,1,1,No
PRV56662,3.0,6.0,9.0,7,4666.666666666667,215.0,14000.0,1290.0,1.6666666666666667,1.6666666666666667,0.5,1,4,No
PRV56663,13.0,238.0,251.0,133,7693.846153846154,250.50420168067228,100020.0,59620.0,5.923076923076923,5.923076923076923,0.0546218487394958,1,16,No
PRV56664,1.0,14.0,15.0,11,57000.0,185.71428571428572,57000.0,2600.0,8.0,8.0,0.07142857142857142,1,3,No
PRV56667,0.0,32.0,32.0,28,0.0,196.875,0.0,6300.0,0.0,0.0,0.0,1,6,No
PRV56668,52.0,21.0,73.0,65,11903.846153846154,212.85714285714286,619000.0,4470.0,6.384615384615385,6.384615384615385,2.4761904761904763,2,14,Yes
PRV56669,29.0,11.0,40.0,32,9600.0,473.6363636363636,278400.0,5210.0,6.275862068965517,6.275862068965517,2.6363636363636362,1,8,Yes
PRV56671,3.0,40.0,43.0,30,8333.333333333334,258.5,25000.0,10340.0,5.666666666666667,5.666666666666667,0.075,1,9,No
PRV56672,0.0,161.0,161.0,70,0.0,254.53416149068323,0.0,40980.0,0.0,0.0,0.0,1,10,No
PRV56673,2.0,2.0,4.0,4,21000.0,320.0,42000.0,640.0,3.0,3.0,1.0,1,3,No
PRV56674,0.0,46.0,46.0,21,0.0,344.7826086956522,0.0,15860.0,0.0,0.0,0.0,1,6,No
PRV56675,0.0,323.0,323.0,172,0.0,305.54179566563465,0.0,98690.0,0.0,0.0,0.0,1,13,No
PRV56677,0.0,1.0,1.0,1,0.0,20.0,0.0,20.0,0.0,0.0,0.0,1,1,No
PRV56679,0.0,25.0,25.0,19,0.0,166.8,0.0,4170.0,0.0,0.0,0.0,1,8,No
PRV56680,8.0,25.0,33.0,32,7625.0,136.0,61000.0,3400.0,5.625,5.625,0.32,2,13,No
PRV56681,0.0,5.0,5.0,5,0.0,158.0,0.0,790.0,0.0,0.0,0.0,1,3,No
PRV56682,3.0,16.0,19.0,19,4666.666666666667,150.625,14000.0,2410.0,3.6666666666666665,3.6666666666666665,0.1875,1,9,No
PRV56683,0.0,167.0,167.0,143,0.0,328.622754491018,0.0,54880.0,0.0,0.0,0.0,1,5,No
PRV56684,16.0,76.0,92.0,88,9875.0,185.1315789473684,158000.0,14070.0,4.75,4.75,0.21052631578947367,4,35,No
PRV56685,35.0,370.0,405.0,121,9368.57142857143,290.2432432432432,327900.0,107390.0,5.9714285714285715,5.9714285714285715,0.0945945945945946,2,9,Yes
PRV56686,15.0,5.0,20.0,18,9466.666666666666,200.0,142000.0,1000.0,5.4,5.4,3.0,1,5,No
PRV56687,0.0,9.0,9.0,7,0.0,457.77777777777777,0.0,4120.0,0.0,0.0,0.0,1,5,No
PRV56688,0.0,37.0,37.0,19,0.0,212.43243243243242,0.0,7860.0,0.0,0.0,0.0,1,4,No
PRV56689,0.0,1794.0,1794.0,796,0.0,281.7892976588629,0.0,505530.0,0.0,0.0,0.0,5,28,Yes
PRV56691,0.0,4.0,4.0,4,0.0,85.0,0.0,340.0,0.0,0.0,0.0,1,2,No
PRV56693,0.0,373.0,373.0,302,0.0,244.58445040214477,0.0,91230.0,0.0,0.0,0.0,2,13,No
PRV56694,0.0,8.0,8.0,8,0.0,493.75,0.0,3950.0,0.0,0.0,0.0,2,6,No
PRV56696,7.0,27.0,34.0,33,9285.714285714286,156.2962962962963,65000.0,4220.0,5.142857142857143,5.142857142857143,0.25925925925925924,2,13,No
PRV56697,0.0,78.0,78.0,36,0.0,276.53846153846155,0.0,21570.0,0.0,0.0,0.0,1,5,No
PRV56699,0.0,3.0,3.0,3,0.0,183.33333333333334,0.0,550.0,0.0,0.0,0.0,1,3,No
PRV56700,0.0,5.0,5.0,5,0.0,128.0,0.0,640.0,0.0,0.0,0.0,1,2,No
PRV56701,4.0,19.0,23.0,22,8000.0,246.31578947368422,32000.0,4680.0,7.0,7.0,0.21052631578947367,1,9,No
PRV56702,0.0,224.0,224.0,82,0.0,211.38392857142858,0.0,47350.0,0.0,0.0,0.0,1,14,No
PRV56703,21.0,27.0,48.0,46,8580.952380952382,217.40740740740742,180200.0,5870.0,6.714285714285714,6.714285714285714,0.7777777777777778,1,14,No
PRV56705,4.0,12.0,16.0,16,14000.0,426.6666666666667,56000.0,5120.0,7.75,7.75,0.3333333333333333,2,9,No
PRV56706,31.0,316.0,347.0,144,8000.0,311.26582278481015,248000.0,98360.0,5.161290322580645,5.161290322580645,0.0981012658227848,2,9,Yes
PRV56707,0.0,18.0,18.0,6,0.0,158.88888888888889,0.0,2860.0,0.0,0.0,0.0,1,2,No
PRV56708,0.0,7.0,7.0,5,0.0,504.2857142857143,0.0,3530.0,0.0,0.0,0.0,1,2,No
PRV56710,10.0,57.0,67.0,53,5000.0,257.719298245614,50000.0,14690.0,3.1,3.1,0.17543859649122806,1,14,No
PRV56711,8.0,55.0,63.0,39,11625.0,271.8181818181818,93000.0,14950.0,7.5,7.5,0.14545454545454545,1,7,Yes
PRV56712,2.0,2.0,4.0,2,2500.0,155.0,5000.0,310.0,5.5,5.5,1.0,1,2,No
PRV56713,55.0,118.0,173.0,141,8509.09090909091,270.50847457627117,468000.0,31920.0,4.763636363636364,4.763636363636364,0.4661016949152542,1,28,No
PRV56715,3.0,10.0,13.0,13,5333.333333333333,267.0,16000.0,2670.0,11.0,11.0,0.3,1,6,No
PRV56716,0.0,124.0,124.0,65,0.0,381.93548387096774,0.0,47360.0,0.0,0.0,0.0,2,10,No
PRV56717,1.0,7.0,8.0,7,11000.0,57.142857142857146,11000.0,400.0,10.0,10.0,0.14285714285714285,1,5,No
PRV56718,0.0,142.0,142.0,77,0.0,229.71830985915494,0.0,32620.0,0.0,0.0,0.0,1,7,No
PRV56719,10.0,57.0,67.0,57,10800.0,273.6842105263158,108000.0,15600.0,6.1,6.1,0.17543859649122806,5,19,Yes
PRV56720,2.0,10.0,12.0,12,8000.0,275.0,16000.0,2750.0,3.5,3.5,0.2,1,3,No
PRV56721,0.0,202.0,202.0,182,0.0,297.6237623762376,0.0,60120.0,0.0,0.0,0.0,1,10,No
PRV56722,2.0,23.0,25.0,25,8500.0,337.82608695652175,17000.0,7770.0,7.0,7.0,0.08695652173913043,4,13,No
PRV56723,0.0,18.0,18.0,11,0.0,157.22222222222223,0.0,2830.0,0.0,0.0,0.0,1,3,No
PRV56724,6.0,20.0,26.0,26,13500.0,243.0,81000.0,4860.0,8.166666666666666,8.166666666666666,0.3,2,12,No
PRV56725,0.0,291.0,291.0,132,0.0,341.27147766323026,0.0,99310.0,0.0,0.0,0.0,3,9,No
PRV56726,3.0,13.0,16.0,16,22333.333333333332,418.46153846153845,67000.0,5440.0,2.3333333333333335,2.3333333333333335,0.23076923076923078,1,7,No
PRV56728,0.0,42.0,42.0,17,0.0,253.33333333333334,0.0,10640.0,0.0,0.0,0.0,1,4,No
PRV56729,0.0,219.0,219.0,179,0.0,320.0,0.0,70080.0,0.0,0.0,0.0,1,10,No
PRV56730,23.0,31.0,54.0,51,12856.521739130434,266.1290322580645,295700.0,8250.0,5.565217391304348,5.565217391304348,0.7419354838709677,3,17,Yes
PRV56731,4.0,16.0,20.0,20,26000.0,356.25,104000.0,5700.0,13.25,13.25,0.25,3,8,Yes
PRV56732,13.0,15.0,28.0,26,13161.538461538461,121.33333333333333,171100.0,1820.0,6.230769230769231,6.230769230769231,0.8666666666666667,1,10,Yes
PRV56733,12.0,186.0,198.0,89,6583.333333333333,238.1720430107527,79000.0,44300.0,4.833333333333333,4.833333333333333,0.06451612903225806,1,10,No
PRV56734,10.0,12.0,22.0,22,10700.0,225.0,107000.0,2700.0,6.7,6.7,0.8333333333333334,1,11,No
PRV56735,0.0,412.0,412.0,285,0.0,324.34466019417476,0.0,133630.0,0.0,0.0,0.0,1,8,No
PRV56738,19.0,493.0,512.0,300,7526.315789473684,254.9290060851927,143000.0,125680.0,5.842105263157895,5.842105263157895,0.038539553752535496,2,32,No
PRV56739,1.0,4.0,5.0,5,11000.0,37.5,11000.0,150.0,3.0,3.0,0.25,1,5,No
PRV56740,0.0,45.0,45.0,38,0.0,193.77777777777777,0.0,8720.0,0.0,0.0,0.0,3,6,No
PRV56741,0.0,25.0,25.0,25,0.0,224.8,0.0,5620.0,0.0,0.0,0.0,2,8,No
PRV56742,9.0,26.0,35.0,32,12888.888888888889,182.69230769230768,116000.0,4750.0,6.111111111111111,6.111111111111111,0.34615384615384615,1,5,No
PRV56743,0.0,393.0,393.0,328,0.0,323.0534351145038,0.0,126960.0,0.0,0.0,0.0,2,17,No
PRV56745,0.0,132.0,132.0,53,0.0,208.03030303030303,0.0,27460.0,0.0,0.0,0.0,2,7,No
PRV56746,15.0,28.0,43.0,42,10666.666666666666,393.92857142857144,160000.0,11030.0,4.466666666666667,4.466666666666667,0.5357142857142857,2,18,No
PRV56747,1.0,15.0,16.0,16,12000.0,435.3333333333333,12000.0,6530.0,6.0,6.0,0.06666666666666667,3,10,No
PRV56748,117.0,346.0,463.0,361,11273.504273504273,279.71098265895955,1319000.0,96780.0,5.435897435897436,5.435897435897436,0.33815028901734107,3,17,Yes
PRV56749,11.0,17.0,28.0,26,9818.181818181818,130.0,108000.0,2210.0,6.636363636363637,6.636363636363637,0.6470588235294118,4,10,No
PRV56750,1.0,10.0,11.0,11,25000.0,135.0,25000.0,1350.0,10.0,10.0,0.1,2,6,No
PRV56751,5.0,79.0,84.0,51,13200.0,258.3544303797468,66000.0,20410.0,4.4,4.4,0.06329113924050633,1,6,No
PRV56752,1.0,24.0,25.0,24,12000.0,171.66666666666666,12000.0,4120.0,2.0,2.0,0.041666666666666664,2,9,No
PRV56753,9.0,15.0,24.0,21,10333.333333333334,472.0,93000.0,7080.0,6.0,6.0,0.6,1,9,No
PRV56754,9.0,100.0,109.0,70,6000.0,200.5,54000.0,20050.0,4.0,4.0,0.09,1,22,No
PRV56755,3.0,15.0,18.0,17,17000.0,210.66666666666666,51000.0,3160.0,4.666666666666667,4.666666666666667,0.2,1,4,No
PRV56758,0.0,531.0,531.0,347,0.0,310.52730696798494,0.0,164890.0,0.0,0.0,0.0,1,8,No
PRV56759,2.0,9.0,11.0,11,13500.0,140.0,27000.0,1260.0,8.5,8.5,0.2222222222222222,1,7,No
PRV56760,0.0,643.0,643.0,403,0.0,292.84603421461895,0.0,188300.0,0.0,0.0,0.0,2,13,No
PRV56761,92.0,25.0,117.0,107,8967.391304347826,288.8,825000.0,7220.0,5.260869565217392,5.260869565217392,3.68,3,15,No
PRV56762,1.0,38.0,39.0,35,3000.0,202.89473684210526,3000.0,7710.0,4.0,4.0,0.02631578947368421,3,13,No
PRV56763,13.0,13.0,26.0,25,8846.153846153846,114.61538461538461,115000.0,1490.0,9.692307692307692,9.692307692307692,1.0,2,14,No
PRV56764,5.0,196.0,201.0,139,10000.0,233.0612244897959,50000.0,45680.0,5.8,5.8,0.025510204081632654,2,9,No
PRV56765,0.0,22.0,22.0,21,0.0,271.3636363636364,0.0,5970.0,0.0,0.0,0.0,1,6,No
PRV56766,2.0,27.0,29.0,27,8000.0,325.18518518518516,16000.0,8780.0,3.0,3.0,0.07407407407407407,2,9,No
PRV56767,6.0,12.0,18.0,18,8333.333333333334,130.83333333333334,50000.0,1570.0,3.3333333333333335,3.3333333333333335,0.5,2,12,No
PRV56768,4.0,0.0,4.0,4,4250.0,0.0,17000.0,0.0,2.5,2.5,4.0,1,1,No
PRV56769,4.0,19.0,23.0,21,8000.0,164.21052631578948,32000.0,3120.0,6.5,6.5,0.21052631578947367,2,8,No
PRV56771,0.0,2.0,2.0,2,0.0,230.0,0.0,460.0,0.0,0.0,0.0,2,2,No
PRV56772,5.0,65.0,70.0,54,7200.0,184.0,36000.0,11960.0,8.4,8.4,0.07692307692307693,1,8,No
PRV56773,7.0,36.0,43.0,33,6857.142857142857,464.72222222222223,48000.0,16730.0,6.285714285714286,6.285714285714286,0.19444444444444445,1,11,No
PRV56774,1.0,0.0,1.0,1,4000.0,0.0,4000.0,0.0,4.0,4.0,1.0,1,1,No
PRV56775,3.0,15.0,18.0,18,9333.333333333334,423.3333333333333,28000.0,6350.0,10.666666666666666,10.666666666666666,0.2,4,8,No
PRV56777,13.0,31.0,44.0,44,8384.615384615385,133.8709677419355,109000.0,4150.0,4.769230769230769,4.769230769230769,0.41935483870967744,3,16,No
PRV56778,15.0,23.0,38.0,38,7600.0,355.6521739130435,114000.0,8180.0,5.266666666666667,5.6,0.6521739130434783,4,12,No
PRV56780,0.0,7.0,7.0,7,0.0,125.71428571428571,0.0,880.0,0.0,0.0,0.0,1,4,No
PRV56782,0.0,288.0,288.0,109,0.0,312.53472222222223,0.0,90010.0,0.0,0.0,0.0,1,14,No
PRV56783,0.0,85.0,85.0,69,0.0,299.1764705882353,0.0,25430.0,0.0,0.0,0.0,1,10,No
PRV56784,0.0,19.0,19.0,18,0.0,364.2105263157895,0.0,6920.0,0.0,0.0,0.0,1,5,No
PRV56788,0.0,177.0,177.0,116,0.0,282.8813559322034,0.0,50070.0,0.0,0.0,0.0,5,9,No
PRV56789,7.0,60.0,67.0,49,6857.142857142857,258.5,48000.0,15510.0,4.571428571428571,4.571428571428571,0.11666666666666667,1,9,No
PRV56790,0.0,91.0,91.0,64,0.0,384.5054945054945,0.0,34990.0,0.0,0.0,0.0,1,2,No
PRV56791,0.0,233.0,233.0,162,0.0,287.6824034334764,0.0,67030.0,0.0,0.0,0.0,3,13,No
PRV56792,0.0,8.0,8.0,8,0.0,307.5,0.0,2460.0,0.0,0.0,0.0,1,4,No
PRV56793,3.0,28.0,31.0,29,14666.666666666666,440.35714285714283,44000.0,12330.0,4.0,4.0,0.10714285714285714,2,6,No
PRV56796,3.0,89.0,92.0,87,16333.333333333334,252.69662921348313,49000.0,22490.0,4.0,4.0,0.033707865168539325,7,18,No
PRV56797,0.0,5.0,5.0,5,0.0,252.0,0.0,1260.0,0.0,0.0,0.0,1,2,No
PRV56798,0.0,24.0,24.0,22,0.0,420.8333333333333,0.0,10100.0,0.0,0.0,0.0,1,7,No
PRV56800,7.0,50.0,57.0,48,13142.857142857143,176.6,92000.0,8830.0,8.285714285714286,8.285714285714286,0.14,2,19,No
PRV56801,0.0,25.0,25.0,24,0.0,328.4,0.0,8210.0,0.0,0.0,0.0,1,7,No
PRV56802,13.0,0.0,13.0,11,14230.76923076923,0.0,185000.0,0.0,4.384615384615385,4.384615384615385,13.0,1,2,No
PRV56803,8.0,787.0,795.0,416,12500.0,278.80559085133416,100000.0,219420.0,6.625,6.625,0.010165184243964422,15,43,No
PRV56805,0.0,1.0,1.0,1,0.0,70.0,0.0,70.0,0.0,0.0,0.0,1,1,No
PRV56807,0.0,91.0,91.0,85,0.0,249.8901098901099,0.0,22740.0,0.0,0.0,0.0,1,5,No
PRV56808,47.0,15.0,62.0,62,9170.212765957447,174.0,431000.0,2610.0,4.404255319148936,4.404255319148936,3.1333333333333333,2,10,Yes
PRV56809,4.0,40.0,44.0,41,7750.0,356.75,31000.0,14270.0,4.5,4.5,0.1,1,8,No
PRV56810,0.0,14.0,14.0,14,0.0,563.5714285714286,0.0,7890.0,0.0,0.0,0.0,1,8,No
PRV56811,8.0,54.0,62.0,60,11375.0,278.7037037037037,91000.0,15050.0,5.375,5.375,0.14814814814814814,2,16,No
PRV56813,0.0,106.0,106.0,83,0.0,320.188679245283,0.0,33940.0,0.0,0.0,0.0,1,6,No
PRV56816,0.0,15.0,15.0,15,0.0,469.3333333333333,0.0,7040.0,0.0,0.0,0.0,1,9,No
PRV56818,4.0,16.0,20.0,17,11000.0,96.25,44000.0,1540.0,4.75,4.75,0.25,1,7,No
PRV56819,24.0,1.0,25.0,23,9125.0,1900.0,219000.0,1900.0,6.708333333333333,6.708333333333333,24.0,2,2,No
PRV56820,0.0,5.0,5.0,4,0.0,164.0,0.0,820.0,0.0,0.0,0.0,1,1,No
PRV56821,0.0,12.0,12.0,11,0.0,263.3333333333333,0.0,3160.0,0.0,0.0,0.0,3,7,No
PRV56823,0.0,18.0,18.0,15,0.0,351.1111111111111,0.0,6320.0,0.0,0.0,0.0,1,2,No
PRV56824,0.0,136.0,136.0,125,0.0,349.55882352941177,0.0,47540.0,0.0,0.0,0.0,2,5,No
PRV56826,4.0,20.0,24.0,24,4500.0,143.5,18000.0,2870.0,3.75,3.75,0.2,2,8,No
PRV56828,0.0,142.0,142.0,131,0.0,285.28169014084506,0.0,40510.0,0.0,0.0,0.0,3,4,No
PRV56829,0.0,193.0,193.0,95,0.0,291.55440414507774,0.0,56270.0,0.0,0.0,0.0,2,11,No
PRV56830,0.0,7.0,7.0,7,0.0,940.0,0.0,6580.0,0.0,0.0,0.0,1,1,No
PRV56831,0.0,5.0,5.0,5,0.0,152.0,0.0,760.0,0.0,0.0,0.0,2,3,No
PRV56832,0.0,11.0,11.0,11,0.0,683.6363636363636,0.0,7520.0,0.0,0.0,0.0,1,8,No
PRV56833,0.0,8.0,8.0,7,0.0,88.75,0.0,710.0,0.0,0.0,0.0,1,2,No
PRV56834,1.0,15.0,16.0,6,3000.0,256.6666666666667,3000.0,3850.0,2.0,2.0,0.06666666666666667,2,3,No
PRV56835,0.0,103.0,103.0,52,0.0,239.2233009708738,0.0,24640.0,0.0,0.0,0.0,1,9,No
PRV56836,0.0,3.0,3.0,3,0.0,246.66666666666666,0.0,740.0,0.0,0.0,0.0,1,2,No
PRV56837,0.0,42.0,42.0,27,0.0,408.8095238095238,0.0,17170.0,0.0,0.0,0.0,2,7,No
PRV56839,2.0,10.0,12.0,12,7500.0,287.0,15000.0,2870.0,3.0,3.0,0.2,1,6,No
PRV56840,0.0,89.0,89.0,33,0.0,214.4943820224719,0.0,19090.0,0.0,0.0,0.0,1,4,No
PRV56843,0.0,2.0,2.0,2,0.0,430.0,0.0,860.0,0.0,0.0,0.0,1,2,No
PRV56845,0.0,9.0,9.0,9,0.0,66.66666666666667,0.0,600.0,0.0,0.0,0.0,1,4,No
PRV56846,0.0,21.0,21.0,9,0.0,334.2857142857143,0.0,7020.0,0.0,0.0,0.0,1,3,No
PRV56850,0.0,17.0,17.0,6,0.0,273.52941176470586,0.0,4650.0,0.0,0.0,0.0,1,3,No
PRV56851,0.0,20.0,20.0,7,0.0,369.0,0.0,7380.0,0.0,0.0,0.0,1,3,No
PRV56852,0.0,20.0,20.0,9,0.0,98.0,0.0,1960.0,0.0,0.0,0.0,1,3,No
PRV56853,0.0,27.0,27.0,6,0.0,197.77777777777777,0.0,5340.0,0.0,0.0,0.0,1,3,No
PRV56854,0.0,3.0,3.0,3,0.0,200.0,0.0,600.0,0.0,0.0,0.0,1,3,No
PRV56855,0.0,4.0,4.0,3,0.0,72.5,0.0,290.0,0.0,0.0,0.0,1,3,No
PRV56856,0.0,90.0,90.0,31,0.0,263.0,0.0,23670.0,0.0,0.0,0.0,1,6,No
PRV56857,0.0,46.0,46.0,20,0.0,358.2608695652174,0.0,16480.0,0.0,0.0,0.0,1,3,No
PRV56858,0.0,40.0,40.0,23,0.0,196.75,0.0,7870.0,0.0,0.0,0.0,1,4,No
PRV56860,0.0,3.0,3.0,3,0.0,856.6666666666666,0.0,2570.0,0.0,0.0,0.0,1,2,No
PRV56861,0.0,31.0,31.0,22,0.0,179.3548387096774,0.0,5560.0,0.0,0.0,0.0,1,5,No
PRV56862,0.0,14.0,14.0,8,0.0,213.57142857142858,0.0,2990.0,0.0,0.0,0.0,1,3,No
PRV56863,0.0,52.0,52.0,29,0.0,270.5769230769231,0.0,14070.0,0.0,0.0,0.0,1,3,No
PRV56864,0.0,24.0,24.0,12,0.0,158.33333333333334,0.0,3800.0,0.0,0.0,0.0,1,4,No
PRV56866,0.0,68.0,68.0,23,0.0,399.70588235294116,0.0,27180.0,0.0,0.0,0.0,1,6,No
PRV56867,0.0,9.0,9.0,8,0.0,381.1111111111111,0.0,3430.0,0.0,0.0,0.0,1,1,No
PRV56868,0.0,18.0,18.0,7,0.0,421.6666666666667,0.0,7590.0,0.0,0.0,0.0,1,3,No
PRV56869,0.0,36.0,36.0,24,0.0,311.6666666666667,0.0,11220.0,0.0,0.0,0.0,1,3,No
PRV56870,13.0,0.0,13.0,13,9153.846153846154,0.0,119000.0,0.0,4.538461538461538,4.538461538461538,13.0,1,2,No
PRV56871,0.0,11.0,11.0,11,0.0,395.45454545454544,0.0,4350.0,0.0,0.0,0.0,1,1,No
PRV56873,1.0,1.0,2.0,2,6000.0,70.0,6000.0,70.0,3.0,3.0,1.0,1,1,No
PRV56877,15.0,29.0,44.0,34,10866.666666666666,255.51724137931035,163000.0,7410.0,5.6,5.6,0.5172413793103449,1,9,Yes
PRV56878,0.0,26.0,26.0,8,0.0,256.15384615384613,0.0,6660.0,0.0,0.0,0.0,1,2,No
PRV56879,0.0,7.0,7.0,6,0.0,1162.857142857143,0.0,8140.0,0.0,0.0,0.0,1,2,No
PRV56880,0.0,2.0,2.0,2,0.0,130.0,0.0,260.0,0.0,0.0,0.0,1,2,No
PRV56881,0.0,78.0,78.0,31,0.0,220.51282051282053,0.0,17200.0,0.0,0.0,0.0,1,5,No
PRV56882,0.0,21.0,21.0,10,0.0,192.85714285714286,0.0,4050.0,0.0,0.0,0.0,1,3,No
PRV56884,0.0,8.0,8.0,8,0.0,180.0,0.0,1440.0,0.0,0.0,0.0,1,4,No
PRV56885,9.0,1.0,10.0,6,7333.333333333333,50.0,66000.0,50.0,5.555555555555555,5.555555555555555,9.0,1,3,No
PRV56886,0.0,11.0,11.0,3,0.0,123.63636363636364,0.0,1360.0,0.0,0.0,0.0,1,1,No
PRV56887,0.0,36.0,36.0,11,0.0,253.33333333333334,0.0,9120.0,0.0,0.0,0.0,1,4,No
PRV56888,0.0,10.0,10.0,10,0.0,605.0,0.0,6050.0,0.0,0.0,0.0,1,5,No
PRV56889,5.0,45.0,50.0,29,22000.0,367.77777777777777,110000.0,16550.0,9.2,9.2,0.1111111111111111,2,8,No
PRV56890,0.0,12.0,12.0,5,0.0,355.8333333333333,0.0,4270.0,0.0,0.0,0.0,2,2,No
PRV56891,0.0,1.0,1.0,1,0.0,10.0,0.0,10.0,0.0,0.0,0.0,1,1,No
PRV56892,0.0,13.0,13.0,5,0.0,244.6153846153846,0.0,3180.0,0.0,0.0,0.0,1,2,No
PRV56893,0.0,7.0,7.0,7,0.0,431.42857142857144,0.0,3020.0,0.0,0.0,0.0,1,2,No
PRV56894,0.0,26.0,26.0,23,0.0,167.69230769230768,0.0,4360.0,0.0,0.0,0.0,2,2,No
PRV56895,13.0,1.0,14.0,14,11153.846153846154,0.0,145000.0,0.0,7.846153846153846,7.846153846153846,13.0,1,4,No
PRV56896,3.0,0.0,3.0,3,20000.0,0.0,60000.0,0.0,9.333333333333334,9.333333333333334,3.0,1,2,No
PRV56897,8.0,0.0,8.0,8,7750.0,0.0,62000.0,0.0,5.25,5.25,8.0,1,1,No
PRV56900,2.0,0.0,2.0,2,9500.0,0.0,19000.0,0.0,5.0,5.0,2.0,2,2,No
PRV56901,0.0,66.0,66.0,48,0.0,154.3939393939394,0.0,10190.0,0.0,0.0,0.0,1,6,No
PRV56902,1.0,0.0,1.0,1,4000.0,0.0,4000.0,0.0,3.0,3.0,1.0,1,1,No
PRV56903,2.0,0.0,2.0,2,28500.0,0.0,57000.0,0.0,10.0,10.0,2.0,1,2,No
PRV56904,4.0,0.0,4.0,4,7000.0,0.0,28000.0,0.0,5.5,5.5,4.0,1,2,No
PRV56905,0.0,15.0,15.0,13,0.0,405.3333333333333,0.0,6080.0,0.0,0.0,0.0,1,5,No
PRV56906,6.0,1.0,7.0,7,8500.0,1100.0,51000.0,1100.0,8.333333333333334,8.333333333333334,6.0,1,4,No
PRV56907,0.0,15.0,15.0,15,0.0,388.0,0.0,5820.0,0.0,0.0,0.0,1,1,No
PRV56908,1.0,1.0,2.0,2,5000.0,60.0,5000.0,60.0,0.0,0.0,1.0,1,1,No
PRV56909,3.0,4.0,7.0,6,5666.666666666667,397.5,17000.0,1590.0,5.0,5.0,0.75,1,2,No
PRV56910,4.0,1.0,5.0,5,9300.0,60.0,37200.0,60.0,3.25,3.25,4.0,1,1,No
PRV56912,7.0,0.0,7.0,7,12857.142857142857,0.0,90000.0,0.0,5.285714285714286,5.285714285714286,7.0,1,3,No
PRV56914,6.0,0.0,6.0,6,11666.666666666666,0.0,70000.0,0.0,7.333333333333333,7.333333333333333,6.0,1,2,No
PRV56915,4.0,0.0,4.0,4,7725.0,0.0,30900.0,0.0,5.75,5.75,4.0,1,1,No
PRV56916,11.0,0.0,11.0,10,10336.363636363636,0.0,113700.0,0.0,4.2727272727272725,4.2727272727272725,11.0,1,3,No
PRV56917,2.0,6.0,8.0,7,6500.0,313.3333333333333,13000.0,1880.0,3.5,3.5,0.3333333333333333,1,3,No
PRV56918,7.0,0.0,7.0,7,20285.714285714286,0.0,142000.0,0.0,11.571428571428571,11.571428571428571,7.0,1,5,Yes
PRV56919,0.0,2.0,2.0,2,0.0,15.0,0.0,30.0,0.0,0.0,0.0,2,2,No
PRV56920,0.0,1.0,1.0,1,0.0,80.0,0.0,80.0,0.0,0.0,0.0,1,1,No
PRV56923,0.0,41.0,41.0,27,0.0,147.0731707317073,0.0,6030.0,0.0,0.0,0.0,1,2,No
PRV56926,0.0,1.0,1.0,1,0.0,20.0,0.0,20.0,0.0,0.0,0.0,1,1,No
PRV56928,0.0,32.0,32.0,28,0.0,204.0625,0.0,6530.0,0.0,0.0,0.0,1,3,No
PRV56929,0.0,45.0,45.0,32,0.0,170.44444444444446,0.0,7670.0,0.0,0.0,0.0,1,2,No
PRV56930,0.0,24.0,24.0,19,0.0,278.3333333333333,0.0,6680.0,0.0,0.0,0.0,1,1,No
PRV56931,0.0,21.0,21.0,17,0.0,314.76190476190476,0.0,6610.0,0.0,0.0,0.0,1,2,No
PRV56932,0.0,9.0,9.0,8,0.0,90.0,0.0,810.0,0.0,0.0,0.0,1,1,No
PRV56933,0.0,12.0,12.0,12,0.0,388.3333333333333,0.0,4660.0,0.0,0.0,0.0,1,2,No
PRV56934,0.0,6.0,6.0,6,0.0,75.0,0.0,450.0,0.0,0.0,0.0,1,1,No
PRV56935,0.0,24.0,24.0,15,0.0,549.5833333333334,0.0,13190.0,0.0,0.0,0.0,1,2,No
PRV56937,0.0,5.0,5.0,5,0.0,62.0,0.0,310.0,0.0,0.0,0.0,1,1,No
PRV56938,0.0,22.0,22.0,21,0.0,174.54545454545453,0.0,3840.0,0.0,0.0,0.0,1,2,No
PRV56939,0.0,16.0,16.0,15,0.0,317.5,0.0,5080.0,0.0,0.0,0.0,1,1,No
PRV56941,0.0,21.0,21.0,20,0.0,203.8095238095238,0.0,4280.0,0.0,0.0,0.0,1,1,No
PRV56942,0.0,24.0,24.0,23,0.0,290.0,0.0,6960.0,0.0,0.0,0.0,1,2,No
PRV56944,0.0,3.0,3.0,3,0.0,60.0,0.0,180.0,0.0,0.0,0.0,1,1,No
PRV56945,0.0,57.0,57.0,41,0.0,375.43859649122805,0.0,21400.0,0.0,0.0,0.0,1,2,No
PRV56946,0.0,2.0,2.0,1,0.0,60.0,0.0,120.0,0.0,0.0,0.0,1,1,No
PRV56947,0.0,3.0,3.0,3,0.0,193.33333333333334,0.0,580.0,0.0,0.0,0.0,1,1,No
PRV56948,0.0,3.0,3.0,3,0.0,223.33333333333334,0.0,670.0,0.0,0.0,0.0,1,2,No
PRV56949,0.0,104.0,104.0,43,0.0,307.3076923076923,0.0,31960.0,0.0,0.0,0.0,1,1,No
PRV56950,0.0,3.0,3.0,3,0.0,380.0,0.0,1140.0,0.0,0.0,0.0,1,1,No
PRV56951,0.0,19.0,19.0,8,0.0,272.10526315789474,0.0,5170.0,0.0,0.0,0.0,1,2,No
PRV56953,0.0,20.0,20.0,19,0.0,143.5,0.0,2870.0,0.0,0.0,0.0,1,1,No
PRV56954,0.0,20.0,20.0,19,0.0,145.5,0.0,2910.0,0.0,0.0,0.0,1,1,No
PRV56956,0.0,5.0,5.0,5,0.0,562.0,0.0,2810.0,0.0,0.0,0.0,1,1,No
PRV56957,0.0,138.0,138.0,108,0.0,321.7391304347826,0.0,44400.0,0.0,0.0,0.0,1,1,No
PRV56958,0.0,13.0,13.0,12,0.0,383.0769230769231,0.0,4980.0,0.0,0.0,0.0,1,1,No
PRV56960,0.0,8.0,8.0,8,0.0,317.5,0.0,2540.0,0.0,0.0,0.0,1,1,No
PRV56963,0.0,6.0,6.0,6,0.0,240.0,0.0,1440.0,0.0,0.0,0.0,1,1,No
PRV56964,0.0,5.0,5.0,5,0.0,200.0,0.0,1000.0,0.0,0.0,0.0,1,2,No
PRV56965,0.0,3.0,3.0,3,0.0,216.66666666666666,0.0,650.0,0.0,0.0,0.0,1,2,No
PRV56966,0.0,2.0,2.0,2,0.0,120.0,0.0,240.0,0.0,0.0,0.0,1,1,No
PRV56967,0.0,91.0,91.0,79,0.0,279.56043956043953,0.0,25440.0,0.0,0.0,0.0,1,1,No
PRV56969,0.0,1.0,1.0,1,0.0,10.0,0.0,10.0,0.0,0.0,0.0,1,1,No
PRV56970,0.0,2.0,2.0,2,0.0,105.0,0.0,210.0,0.0,0.0,0.0,1,1,No
PRV56971,0.0,4.0,4.0,4,0.0,100.0,0.0,400.0,0.0,0.0,0.0,1,1,No
PRV56972,0.0,48.0,48.0,45,0.0,495.0,0.0,23760.0,0.0,0.0,0.0,1,1,No
PRV56973,0.0,17.0,17.0,17,0.0,307.05882352941177,0.0,5220.0,0.0,0.0,0.0,1,1,No
PRV56974,0.0,1.0,1.0,1,0.0,80.0,0.0,80.0,0.0,0.0,0.0,1,1,No
PRV56976,0.0,6.0,6.0,6,0.0,323.3333333333333,0.0,1940.0,0.0,0.0,0.0,1,1,No
PRV56977,0.0,8.0,8.0,8,0.0,130.0,0.0,1040.0,0.0,0.0,0.0,1,2,No
PRV56978,0.0,120.0,120.0,97,0.0,200.25,0.0,24030.0,0.0,0.0,0.0,2,2,No
PRV56980,0.0,17.0,17.0,17,0.0,180.58823529411765,0.0,3070.0,0.0,0.0,0.0,2,6,No
PRV56981,0.0,7.0,7.0,7,0.0,101.42857142857143,0.0,710.0,0.0,0.0,0.0,1,1,No
PRV56982,0.0,24.0,24.0,21,0.0,394.5833333333333,0.0,9470.0,0.0,0.0,0.0,1,2,No
PRV56984,0.0,3.0,3.0,3,0.0,260.0,0.0,780.0,0.0,0.0,0.0,1,1,No
PRV56985,0.0,17.0,17.0,17,0.0,114.11764705882354,0.0,1940.0,0.0,0.0,0.0,1,1,No
PRV56986,0.0,2.0,2.0,2,0.0,155.0,0.0,310.0,0.0,0.0,0.0,1,1,No
PRV56987,0.0,7.0,7.0,7,0.0,172.85714285714286,0.0,1210.0,0.0,0.0,0.0,1,1,No
PRV56988,0.0,1.0,1.0,1,0.0,0.0,0.0,0.0,0.0,0.0,0.0,1,1,No
PRV56989,0.0,2.0,2.0,2,0.0,55.0,0.0,110.0,0.0,0.0,0.0,1,1,No
PRV56990,0.0,55.0,55.0,11,0.0,151.27272727272728,0.0,8320.0,0.0,0.0,0.0,1,1,No
PRV56991,0.0,15.0,15.0,15,0.0,442.6666666666667,0.0,6640.0,0.0,0.0,0.0,1,2,No
PRV56992,0.0,2.0,2.0,2,0.0,50.0,0.0,100.0,0.0,0.0,0.0,1,1,No
PRV56993,0.0,24.0,24.0,24,0.0,225.0,0.0,5400.0,0.0,0.0,0.0,1,2,No
PRV56995,0.0,10.0,10.0,10,0.0,433.0,0.0,4330.0,0.0,0.0,0.0,1,1,No
PRV56996,0.0,11.0,11.0,11,0.0,185.45454545454547,0.0,2040.0,0.0,0.0,0.0,1,1,No
PRV56997,0.0,25.0,25.0,24,0.0,87.2,0.0,2180.0,0.0,0.0,0.0,1,1,No
PRV56998,0.0,2.0,2.0,2,0.0,165.0,0.0,330.0,0.0,0.0,0.0,1,1,No
PRV56999,0.0,8.0,8.0,8,0.0,293.75,0.0,2350.0,0.0,0.0,0.0,1,1,No
PRV57000,0.0,61.0,61.0,55,0.0,310.0,0.0,18910.0,0.0,0.0,0.0,1,1,No
PRV57002,0.0,50.0,50.0,49,0.0,209.0,0.0,10450.0,0.0,0.0,0.0,1,1,No
PRV57004,0.0,123.0,123.0,93,0.0,271.869918699187,0.0,33440.0,0.0,0.0,0.0,1,1,No
PRV57005,0.0,2.0,2.0,2,0.0,155.0,0.0,310.0,0.0,0.0,0.0,1,1,No
PRV57006,0.0,105.0,105.0,61,0.0,386.2857142857143,0.0,40560.0,0.0,0.0,0.0,1,3,No
PRV57010,0.0,57.0,57.0,56,0.0,423.3333333333333,0.0,24130.0,0.0,0.0,0.0,1,1,No
PRV57011,0.0,17.0,17.0,16,0.0,221.1764705882353,0.0,3760.0,0.0,0.0,0.0,1,3,No
PRV57013,0.0,41.0,41.0,31,0.0,381.7073170731707,0.0,15650.0,0.0,0.0,0.0,1,1,No
PRV57014,0.0,76.0,76.0,46,0.0,225.92105263157896,0.0,17170.0,0.0,0.0,0.0,1,2,No
PRV57015,0.0,44.0,44.0,39,0.0,521.1363636363636,0.0,22930.0,0.0,0.0,0.0,1,1,No
PRV57016,16.0,0.0,16.0,15,12350.0,0.0,197600.0,0.0,7.625,7.625,16.0,1,2,No
PRV57017,23.0,0.0,23.0,21,11569.565217391304,0.0,266100.0,0.0,5.3478260869565215,5.3478260869565215,23.0,1,7,Yes
PRV57018,24.0,9.0,33.0,31,13833.333333333334,76.66666666666667,332000.0,690.0,5.458333333333333,5.458333333333333,2.6666666666666665,1,11,Yes
PRV57020,6.0,0.0,6.0,6,8833.333333333334,0.0,53000.0,0.0,4.5,4.5,6.0,2,4,No
PRV57021,14.0,0.0,14.0,12,9785.714285714286,0.0,137000.0,0.0,6.428571428571429,6.428571428571429,14.0,1,1,Yes
PRV57023,15.0,0.0,15.0,15,11533.333333333334,0.0,173000.0,0.0,5.933333333333334,5.933333333333334,15.0,1,3,No
PRV57024,9.0,0.0,9.0,9,14744.444444444445,0.0,132700.0,0.0,7.0,7.0,9.0,1,2,No
PRV57025,17.0,32.0,49.0,45,8117.64705882353,207.5,138000.0,6640.0,5.705882352941177,5.705882352941177,0.53125,1,5,Yes
PRV57030,16.0,41.0,57.0,53,11812.5,385.609756097561,189000.0,15810.0,5.375,5.375,0.3902439024390244,2,6,Yes
PRV57031,15.0,137.0,152.0,145,10733.333333333334,310.94890510948903,161000.0,42600.0,3.2666666666666666,3.2666666666666666,0.10948905109489052,1,8,No
PRV57033,17.0,36.0,53.0,49,11882.35294117647,425.8333333333333,202000.0,15330.0,7.235294117647059,7.235294117647059,0.4722222222222222,1,3,No
PRV57034,21.0,43.0,64.0,63,8761.904761904761,282.09302325581393,184000.0,12130.0,4.809523809523809,4.809523809523809,0.4883720930232558,1,4,No
PRV57036,0.0,20.0,20.0,20,0.0,435.0,0.0,8700.0,0.0,0.0,0.0,1,2,No
PRV57038,0.0,33.0,33.0,33,0.0,191.21212121212122,0.0,6310.0,0.0,0.0,0.0,1,2,No
PRV57039,0.0,5.0,5.0,4,0.0,182.0,0.0,910.0,0.0,0.0,0.0,1,2,No
PRV57041,0.0,26.0,26.0,21,0.0,198.84615384615384,0.0,5170.0,0.0,0.0,0.0,1,5,No
PRV57043,0.0,1.0,1.0,1,0.0,50.0,0.0,50.0,0.0,0.0,0.0,1,1,No
PRV57046,0.0,97.0,97.0,56,0.0,296.8041237113402,0.0,28790.0,0.0,0.0,0.0,2,9,No
PRV57047,0.0,16.0,16.0,16,0.0,258.125,0.0,4130.0,0.0,0.0,0.0,1,2,No
PRV57048,0.0,5.0,5.0,5,0.0,44.0,0.0,220.0,0.0,0.0,0.0,1,1,No
PRV57049,18.0,4.0,22.0,22,14777.777777777777,140.0,266000.0,560.0,4.888888888888889,4.888888888888889,4.5,1,5,Yes
PRV57051,0.0,3.0,3.0,3,0.0,490.0,0.0,1470.0,0.0,0.0,0.0,1,1,No
PRV57052,0.0,13.0,13.0,13,0.0,593.8461538461538,0.0,7720.0,0.0,0.0,0.0,1,1,No
PRV57053,0.0,23.0,23.0,16,0.0,495.6521739130435,0.0,11400.0,0.0,0.0,0.0,1,2,No
PRV57054,0.0,27.0,27.0,18,0.0,192.22222222222223,0.0,5190.0,0.0,0.0,0.0,1,7,No
PRV57056,0.0,10.0,10.0,10,0.0,125.0,0.0,1250.0,0.0,0.0,0.0,1,2,No
PRV57057,0.0,26.0,26.0,10,0.0,406.15384615384613,0.0,10560.0,0.0,0.0,0.0,1,3,No
PRV57058,0.0,29.0,29.0,8,0.0,362.7586206896552,0.0,10520.0,0.0,0.0,0.0,1,3,No
PRV57059,0.0,9.0,9.0,9,0.0,472.22222222222223,0.0,4250.0,0.0,0.0,0.0,1,2,No
PRV57061,0.0,1.0,1.0,1,0.0,100.0,0.0,100.0,0.0,0.0,0.0,1,1,No
PRV57062,0.0,58.0,58.0,42,0.0,276.2068965517241,0.0,16020.0,0.0,0.0,0.0,1,6,No
PRV57063,0.0,1.0,1.0,1,0.0,40.0,0.0,40.0,0.0,0.0,0.0,1,1,No
PRV57067,0.0,18.0,18.0,13,0.0,169.44444444444446,0.0,3050.0,0.0,0.0,0.0,1,3,No
PRV57069,2.0,0.0,2.0,2,2000.0,0.0,4000.0,0.0,4.5,4.5,2.0,1,2,No
PRV57072,4.0,0.0,4.0,4,7500.0,0.0,30000.0,0.0,5.5,5.5,4.0,1,3,No
PRV57073,10.0,0.0,10.0,9,10800.0,0.0,108000.0,0.0,5.7,5.7,10.0,1,2,No
PRV57074,7.0,0.0,7.0,7,8428.57142857143,0.0,59000.0,0.0,4.857142857142857,4.857142857142857,7.0,1,3,No
PRV57075,2.0,0.0,2.0,2,8000.0,0.0,16000.0,0.0,3.5,3.5,2.0,1,2,No
PRV57076,2.0,0.0,2.0,2,5000.0,0.0,10000.0,0.0,6.0,6.0,2.0,1,1,No
PRV57077,3.0,0.0,3.0,2,9666.666666666666,0.0,29000.0,0.0,3.0,3.0,3.0,1,1,No
PRV57078,10.0,0.0,10.0,9,7500.0,0.0,75000.0,0.0,6.2,6.2,10.0,1,3,No
PRV57080,1.0,0.0,1.0,1,57000.0,0.0,57000.0,0.0,35.0,35.0,1.0,1,1,No
PRV57081,37.0,0.0,37.0,34,11189.18918918919,0.0,414000.0,0.0,7.72972972972973,7.72972972972973,37.0,2,2,No
PRV57082,5.0,0.0,5.0,5,20000.0,0.0,100000.0,0.0,4.2,4.2,5.0,2,3,No
PRV57084,7.0,1.0,8.0,8,8857.142857142857,40.0,62000.0,40.0,5.428571428571429,5.428571428571429,7.0,1,2,No
PRV57085,5.0,0.0,5.0,5,8400.0,0.0,42000.0,0.0,4.6,4.6,5.0,1,2,No
PRV57086,6.0,0.0,6.0,6,8833.333333333334,0.0,53000.0,0.0,6.0,6.0,6.0,1,2,No
PRV57087,4.0,0.0,4.0,4,7750.0,0.0,31000.0,0.0,3.5,3.5,4.0,1,1,No
PRV57088,6.0,4.0,10.0,10,8333.333333333334,147.5,50000.0,590.0,11.333333333333334,11.333333333333334,1.5,1,1,No
PRV57089,3.0,0.0,3.0,3,7000.0,0.0,21000.0,0.0,8.666666666666666,8.666666666666666,3.0,2,2,No
PRV57091,4.0,0.0,4.0,3,11500.0,0.0,46000.0,0.0,5.75,5.75,4.0,1,1,No
PRV57092,2.0,0.0,2.0,2,3500.0,0.0,7000.0,0.0,9.5,9.5,2.0,1,2,No
PRV57093,1.0,0.0,1.0,1,5000.0,0.0,5000.0,0.0,7.0,7.0,1.0,1,1,No
PRV57094,3.0,0.0,3.0,3,16000.0,0.0,48000.0,0.0,20.0,20.0,3.0,1,1,No
PRV57096,11.0,0.0,11.0,11,14545.454545454546,0.0,160000.0,0.0,5.909090909090909,5.909090909090909,11.0,1,1,Yes
PRV57097,3.0,0.0,3.0,3,7000.0,0.0,21000.0,0.0,2.6666666666666665,2.6666666666666665,3.0,1,3,No
PRV57098,49.0,0.0,49.0,47,10000.0,0.0,490000.0,0.0,6.224489795918367,6.224489795918367,49.0,1,3,No
PRV57099,0.0,14.0,14.0,13,0.0,460.0,0.0,6440.0,0.0,0.0,0.0,2,7,No
PRV57100,0.0,25.0,25.0,18,0.0,303.2,0.0,7580.0,0.0,0.0,0.0,4,5,No
PRV57101,30.0,233.0,263.0,211,9886.666666666666,313.6480686695279,296600.0,73080.0,7.5,7.5,0.12875536480686695,12,31,No
PRV57102,4.0,12.0,16.0,16,15500.0,120.83333333333333,62000.0,1450.0,9.0,9.0,0.3333333333333333,3,9,No
PRV57103,29.0,2020.0,2049.0,804,10517.241379310344,290.9752475247525,305000.0,587770.0,4.172413793103448,4.172413793103448,0.014356435643564357,18,38,Yes
PRV57104,10.0,125.0,135.0,61,13300.0,229.04,133000.0,28630.0,7.9,7.9,0.08,2,5,Yes
PRV57105,0.0,4.0,4.0,3,0.0,135.0,0.0,540.0,0.0,0.0,0.0,3,3,No
PRV57107,0.0,13.0,13.0,12,0.0,416.15384615384613,0.0,5410.0,0.0,0.0,0.0,4,6,No
PRV57108,5.0,44.0,49.0,45,12000.0,299.3181818181818,60000.0,13170.0,4.0,4.0,0.11363636363636363,4,12,No
PRV57109,6.0,80.0,86.0,78,11666.666666666666,209.875,70000.0,16790.0,4.333333333333333,4.333333333333333,0.075,5,15,No
PRV57110,1.0,18.0,19.0,19,15000.0,101.66666666666667,15000.0,1830.0,11.0,11.0,0.05555555555555555,5,12,No
PRV57112,30.0,130.0,160.0,134,8300.333333333334,286.2307692307692,249010.0,37210.0,6.3,6.3,0.23076923076923078,3,13,No
PRV57113,2.0,5.0,7.0,7,14000.0,70.0,28000.0,350.0,6.0,6.0,0.4,2,4,No
PRV57115,1.0,11.0,12.0,12,10000.0,368.1818181818182,10000.0,4050.0,2.0,2.0,0.09090909090909091,1,6,No
PRV57116,0.0,7.0,7.0,7,0.0,84.28571428571429,0.0,590.0,0.0,0.0,0.0,2,5,No
PRV57117,67.0,123.0,190.0,140,7731.3432835820895,279.4308943089431,518000.0,34370.0,5.835820895522388,5.835820895522388,0.5447154471544715,3,9,Yes
PRV57118,0.0,13.0,13.0,10,0.0,190.76923076923077,0.0,2480.0,0.0,0.0,0.0,1,4,No
PRV57119,0.0,5.0,5.0,4,0.0,266.0,0.0,1330.0,0.0,0.0,0.0,2,3,No
PRV57120,13.0,35.0,48.0,46,13692.307692307691,258.57142857142856,178000.0,9050.0,4.153846153846154,4.153846153846154,0.37142857142857144,7,15,No
PRV57121,3.0,35.0,38.0,16,8333.333333333334,299.14285714285717,25000.0,10470.0,9.0,9.0,0.08571428571428572,1,4,No
PRV57122,1.0,13.0,14.0,13,8000.0,164.6153846153846,8000.0,2140.0,3.0,3.0,0.07692307692307693,2,4,No
PRV57124,9.0,49.0,58.0,55,11111.111111111111,141.6326530612245,100000.0,6940.0,7.666666666666667,7.666666666666667,0.1836734693877551,7,17,No
PRV57125,0.0,370.0,370.0,154,0.0,259.3243243243243,0.0,95950.0,0.0,0.0,0.0,5,9,No
PRV57126,10.0,33.0,43.0,42,7700.0,170.3030303030303,77000.0,5620.0,4.3,4.3,0.30303030303030304,7,19,No
PRV57127,8.0,14.0,22.0,22,9625.0,323.57142857142856,77000.0,4530.0,4.125,4.125,0.5714285714285714,5,13,No
PRV57128,0.0,60.0,60.0,56,0.0,335.5,0.0,20130.0,0.0,0.0,0.0,2,8,No
PRV57129,32.0,250.0,282.0,244,10568.75,237.16,338200.0,59290.0,5.5625,5.5625,0.128,11,35,No
PRV57130,0.0,3.0,3.0,2,0.0,86.66666666666667,0.0,260.0,0.0,0.0,0.0,2,2,No
PRV57131,0.0,2.0,2.0,1,0.0,440.0,0.0,880.0,0.0,0.0,0.0,1,1,No
PRV57132,0.0,9.0,9.0,4,0.0,437.77777777777777,0.0,3940.0,0.0,0.0,0.0,2,3,No
PRV57133,0.0,14.0,14.0,4,0.0,117.85714285714286,0.0,1650.0,0.0,0.0,0.0,1,1,No
PRV57134,0.0,16.0,16.0,15,0.0,179.375,0.0,2870.0,0.0,0.0,0.0,2,5,No
PRV57136,0.0,43.0,43.0,26,0.0,191.62790697674419,0.0,8240.0,0.0,0.0,0.0,1,6,No
PRV57137,0.0,43.0,43.0,21,0.0,232.32558139534885,0.0,9990.0,0.0,0.0,0.0,1,5,No
PRV57138,0.0,6.0,6.0,6,0.0,580.0,0.0,3480.0,0.0,0.0,0.0,1,4,No
PRV57139,0.0,16.0,16.0,13,0.0,359.375,0.0,5750.0,0.0,0.0,0.0,2,2,No
PRV57140,0.0,2.0,2.0,2,0.0,225.0,0.0,450.0,0.0,0.0,0.0,1,2,No
PRV57141,15.0,2.0,17.0,14,11666.666666666666,265.0,175000.0,530.0,7.066666666666666,7.066666666666666,7.5,1,3,No
PRV57142,0.0,12.0,12.0,7,0.0,564.1666666666666,0.0,6770.0,0.0,0.0,0.0,2,3,No
PRV57143,0.0,1.0,1.0,1,0.0,100.0,0.0,100.0,0.0,0.0,0.0,1,1,No
PRV57144,8.0,0.0,8.0,8,8750.0,0.0,70000.0,0.0,6.125,6.125,8.0,1,2,No
PRV57145,4.0,0.0,4.0,4,17500.0,0.0,70000.0,0.0,4.5,4.5,4.0,1,1,No
PRV57146,9.0,0.0,9.0,9,11444.444444444445,0.0,103000.0,0.0,5.222222222222222,5.222222222222222,9.0,1,2,No
PRV57147,0.0,12.0,12.0,12,0.0,346.6666666666667,0.0,4160.0,0.0,0.0,0.0,1,4,No
PRV57148,15.0,68.0,83.0,66,11738.666666666666,363.97058823529414,176080.0,24750.0,3.466666666666667,3.466666666666667,0.22058823529411764,6,9,No
PRV57149,0.0,143.0,143.0,129,0.0,191.53846153846155,0.0,27390.0,0.0,0.0,0.0,8,14,No
PRV57150,0.0,166.0,166.0,123,0.0,223.85542168674698,0.0,37160.0,0.0,0.0,0.0,7,12,No
PRV57151,0.0,515.0,515.0,231,0.0,328.2135922330097,0.0,169030.0,0.0,0.0,0.0,8,26,No
PRV57152,0.0,400.0,400.0,383,0.0,256.2,0.0,102480.0,0.0,0.0,0.0,15,40,No
PRV57153,0.0,94.0,94.0,92,0.0,315.8510638297872,0.0,29690.0,0.0,0.0,0.0,6,18,No
PRV57154,0.0,52.0,52.0,39,0.0,281.34615384615387,0.0,14630.0,0.0,0.0,0.0,5,9,No
PRV57156,0.0,215.0,215.0,105,0.0,328.2325581395349,0.0,70570.0,0.0,0.0,0.0,5,11,No
PRV57157,16.0,140.0,156.0,90,9687.5,253.28571428571428,155000.0,35460.0,5.75,5.75,0.11428571428571428,5,10,No
PRV57158,30.0,241.0,271.0,138,11233.333333333334,309.5850622406639,337000.0,74610.0,6.033333333333333,6.033333333333333,0.12448132780082988,6,14,Yes
PRV57159,0.0,228.0,228.0,118,0.0,273.2894736842105,0.0,62310.0,0.0,0.0,0.0,4,8,No
PRV57160,0.0,101.0,101.0,97,0.0,363.86138613861385,0.0,36750.0,0.0,0.0,0.0,4,12,No
PRV57161,0.0,6.0,6.0,6,0.0,246.66666666666666,0.0,1480.0,0.0,0.0,0.0,2,4,No
PRV57162,7.0,97.0,104.0,51,23285.714285714286,336.9072164948454,163000.0,32680.0,9.571428571428571,9.571428571428571,0.07216494845360824,1,1,Yes
PRV57165,3.0,34.0,37.0,32,11333.333333333334,168.23529411764707,34000.0,5720.0,6.333333333333333,6.333333333333333,0.08823529411764706,3,15,No
PRV57166,29.0,122.0,151.0,128,8206.896551724138,464.75409836065575,238000.0,56700.0,5.379310344827586,6.344827586206897,0.23770491803278687,8,32,Yes
PRV57167,0.0,238.0,238.0,102,0.0,273.52941176470586,0.0,65100.0,0.0,0.0,0.0,1,17,Yes
PRV57168,0.0,75.0,75.0,67,0.0,495.2,0.0,37140.0,0.0,0.0,0.0,4,12,No
PRV57169,17.0,14.0,31.0,26,9294.117647058823,277.14285714285717,158000.0,3880.0,5.0588235294117645,5.0588235294117645,1.2142857142857142,3,15,No
PRV57170,0.0,579.0,579.0,232,0.0,290.77720207253884,0.0,168360.0,0.0,0.0,0.0,5,31,Yes
PRV57171,3.0,188.0,191.0,66,2333.3333333333335,253.67021276595744,7000.0,47690.0,2.6666666666666665,2.6666666666666665,0.015957446808510637,2,17,No
PRV57172,88.0,1672.0,1760.0,605,10172.727272727272,293.6004784688995,895200.0,490900.0,5.863636363636363,5.863636363636363,0.05263157894736842,4,55,Yes
PRV57173,96.0,1129.0,1225.0,938,10541.666666666666,278.48538529672277,1012000.0,314410.0,5.770833333333333,5.770833333333333,0.08503100088573959,18,103,Yes
PRV57174,12.0,42.0,54.0,48,6083.333333333333,545.952380952381,73000.0,22930.0,3.8333333333333335,3.8333333333333335,0.2857142857142857,2,14,No
PRV57175,0.0,78.0,78.0,76,0.0,417.94871794871796,0.0,32600.0,0.0,0.0,0.0,10,28,No
PRV57176,4.0,127.0,131.0,105,7300.0,254.48818897637796,29200.0,32320.0,2.5,2.5,0.031496062992125984,7,18,No
PRV57177,73.0,491.0,564.0,257,9986.301369863013,243.11608961303463,729000.0,119370.0,5.027397260273973,5.027397260273973,0.14867617107942974,2,20,Yes
PRV57179,26.0,180.0,206.0,140,11153.846153846154,263.6666666666667,290000.0,47460.0,5.961538461538462,5.961538461538462,0.14444444444444443,3,32,Yes
PRV57181,0.0,121.0,121.0,48,0.0,263.7190082644628,0.0,31910.0,0.0,0.0,0.0,1,12,No
PRV57182,5.0,71.0,76.0,63,11400.0,281.6901408450704,57000.0,20000.0,5.6,5.6,0.07042253521126761,1,7,No
PRV57183,0.0,52.0,52.0,45,0.0,253.26923076923077,0.0,13170.0,0.0,0.0,0.0,3,12,No
PRV57184,2.0,113.0,115.0,75,16000.0,309.3805309734513,32000.0,34960.0,7.5,7.5,0.017699115044247787,2,8,No
PRV57185,7.0,179.0,186.0,102,16571.428571428572,231.2849162011173,116000.0,41400.0,7.142857142857143,7.142857142857143,0.03910614525139665,1,9,Yes
PRV57186,0.0,42.0,42.0,36,0.0,282.3809523809524,0.0,11860.0,0.0,0.0,0.0,4,9,No
PRV57187,0.0,114.0,114.0,98,0.0,307.10526315789474,0.0,35010.0,0.0,0.0,0.0,8,23,No
PRV57188,5.0,16.0,21.0,18,8200.0,423.75,41000.0,6780.0,3.2,3.2,0.3125,2,8,No
PRV57189,4.0,252.0,256.0,127,14250.0,219.484126984127,57000.0,55310.0,11.75,11.75,0.015873015873015872,6,38,Yes
PRV57190,0.0,83.0,83.0,63,0.0,287.34939759036143,0.0,23850.0,0.0,0.0,0.0,6,17,No
PRV57191,185.0,1315.0,1500.0,784,11135.135135135135,277.13307984790873,2060000.0,364430.0,6.097297297297297,6.091891891891892,0.14068441064638784,16,44,Yes
PRV57192,0.0,407.0,407.0,185,0.0,341.2776412776413,0.0,138900.0,0.0,0.0,0.0,2,14,No
PRV57193,0.0,393.0,393.0,171,0.0,263.40966921119593,0.0,103520.0,0.0,0.0,0.0,10,25,No
PRV57194,2.0,28.0,30.0,26,11000.0,80.71428571428571,22000.0,2260.0,4.0,4.0,0.07142857142857142,1,9,No
PRV57196,10.0,58.0,68.0,42,8700.0,135.0,87000.0,7830.0,5.0,5.0,0.1724137931034483,2,6,No
PRV57197,8.0,92.0,100.0,50,12250.0,190.65217391304347,98000.0,17540.0,8.75,8.75,0.08695652173913043,1,5,No
PRV57198,3.0,51.0,54.0,43,5333.333333333333,258.8235294117647,16000.0,13200.0,5.0,5.0,0.058823529411764705,1,8,No
PRV57199,0.0,7.0,7.0,7,0.0,281.42857142857144,0.0,1970.0,0.0,0.0,0.0,3,5,No
PRV57200,0.0,25.0,25.0,24,0.0,486.0,0.0,12150.0,0.0,0.0,0.0,2,8,No
PRV57202,0.0,165.0,165.0,85,0.0,247.33333333333334,0.0,40810.0,0.0,0.0,0.0,3,14,No
PRV57203,2.0,45.0,47.0,47,19000.0,169.11111111111111,38000.0,7610.0,3.0,3.0,0.044444444444444446,3,17,No
PRV57204,21.0,112.0,133.0,81,8809.52380952381,330.0892857142857,185000.0,36970.0,5.0,5.0,0.1875,2,9,Yes
PRV57205,12.0,81.0,93.0,87,9958.333333333334,199.7530864197531,119500.0,16180.0,5.166666666666667,5.166666666666667,0.14814814814814814,9,25,No
PRV57206,7.0,483.0,490.0,228,13328.57142857143,293.9958592132505,93300.0,142000.0,3.4285714285714284,3.4285714285714284,0.014492753623188406,6,25,Yes
PRV57207,0.0,73.0,73.0,49,0.0,256.3013698630137,0.0,18710.0,0.0,0.0,0.0,3,6,No
PRV57208,10.0,103.0,113.0,109,19600.0,277.4757281553398,196000.0,28580.0,5.6,5.6,0.0970873786407767,10,34,No
PRV57209,15.0,1093.0,1108.0,564,9866.666666666666,308.3623055809698,148000.0,337040.0,5.4,5.4,0.013723696248856358,13,53,Yes
PRV57210,10.0,33.0,43.0,35,13200.0,152.12121212121212,132000.0,5020.0,10.7,10.7,0.30303030303030304,4,6,Yes
PRV57211,8.0,103.0,111.0,104,6250.0,310.0,50000.0,31930.0,2.625,2.625,0.07766990291262135,7,23,No
PRV57212,0.0,101.0,101.0,60,0.0,343.26732673267327,0.0,34670.0,0.0,0.0,0.0,2,5,No
PRV57213,0.0,82.0,82.0,76,0.0,415.1219512195122,0.0,34040.0,0.0,0.0,0.0,11,23,No
PRV57215,8.0,3.0,11.0,9,5875.0,656.6666666666666,47000.0,1970.0,5.75,5.75,2.6666666666666665,1,3,No
PRV57216,10.0,72.0,82.0,62,8900.0,239.72222222222223,89000.0,17260.0,7.4,7.4,0.1388888888888889,2,12,No
PRV57217,9.0,53.0,62.0,59,11888.888888888889,227.54716981132074,107000.0,12060.0,5.333333333333333,5.333333333333333,0.16981132075471697,6,16,No
PRV57218,0.0,413.0,413.0,285,0.0,298.3777239709443,0.0,123230.0,0.0,0.0,0.0,6,27,No
PRV57219,0.0,46.0,46.0,36,0.0,257.17391304347825,0.0,11830.0,0.0,0.0,0.0,2,4,No
PRV57223,34.0,20.0,54.0,49,8097.058823529412,261.5,275300.0,5230.0,4.794117647058823,4.794117647058823,1.7,3,11,Yes
PRV57224,2.0,212.0,214.0,144,11000.0,268.6792452830189,22000.0,56960.0,4.5,4.5,0.009433962264150943,4,14,No
PRV57225,47.0,131.0,178.0,145,8880.851063829787,153.58778625954199,417400.0,20120.0,5.574468085106383,5.574468085106383,0.35877862595419846,5,50,No
PRV57227,21.0,31.0,52.0,50,8857.142857142857,187.09677419354838,186000.0,5800.0,7.380952380952381,7.380952380952381,0.6774193548387096,13,21,No
PRV57228,34.0,495.0,529.0,337,7382.35294117647,259.3333333333333,251000.0,128370.0,3.3823529411764706,3.3823529411764706,0.06868686868686869,5,18,No
PRV57230,27.0,154.0,181.0,160,9292.592592592593,316.038961038961,250900.0,48670.0,5.407407407407407,5.407407407407407,0.17532467532467533,7,47,Yes
PRV57231,18.0,30.0,48.0,42,9572.222222222223,233.33333333333334,172300.0,7000.0,7.5,7.5,0.6,3,15,No
PRV57232,0.0,7.0,7.0,7,0.0,130.0,0.0,910.0,0.0,0.0,0.0,2,6,No
PRV57233,0.0,140.0,140.0,58,0.0,299.42857142857144,0.0,41920.0,0.0,0.0,0.0,3,6,No
PRV57234,9.0,15.0,24.0,23,9333.333333333334,340.0,84000.0,5100.0,5.777777777777778,5.777777777777778,0.6,1,11,No
PRV57235,3.0,12.0,15.0,13,8666.666666666666,117.5,26000.0,1410.0,3.6666666666666665,3.6666666666666665,0.25,2,2,No
PRV57236,0.0,87.0,87.0,39,0.0,220.3448275862069,0.0,19170.0,0.0,0.0,0.0,1,4,No
PRV57238,1.0,44.0,45.0,29,10000.0,157.72727272727272,10000.0,6940.0,10.0,10.0,0.022727272727272728,1,8,No
PRV57239,0.0,28.0,28.0,19,0.0,220.71428571428572,0.0,6180.0,0.0,0.0,0.0,1,5,No
PRV57240,0.0,72.0,72.0,31,0.0,344.30555555555554,0.0,24790.0,0.0,0.0,0.0,1,8,No
PRV57241,0.0,59.0,59.0,44,0.0,443.728813559322,0.0,26180.0,0.0,0.0,0.0,4,10,No
PRV57242,0.0,103.0,103.0,44,0.0,309.70873786407765,0.0,31900.0,0.0,0.0,0.0,1,3,No
PRV57244,0.0,4.0,4.0,4,0.0,152.5,0.0,610.0,0.0,0.0,0.0,1,2,No
PRV57245,0.0,92.0,92.0,27,0.0,356.4130434782609,0.0,32790.0,0.0,0.0,0.0,1,1,No
PRV57246,0.0,6.0,6.0,6,0.0,683.3333333333334,0.0,4100.0,0.0,0.0,0.0,1,2,No
PRV57247,0.0,11.0,11.0,9,0.0,87.27272727272727,0.0,960.0,0.0,0.0,0.0,1,2,No
PRV57248,0.0,6.0,6.0,6,0.0,36.666666666666664,0.0,220.0,0.0,0.0,0.0,1,1,No
PRV57250,0.0,23.0,23.0,16,0.0,554.7826086956521,0.0,12760.0,0.0,0.0,0.0,2,3,No
PRV57251,15.0,0.0,15.0,14,10400.0,0.0,156000.0,0.0,5.066666666666666,5.066666666666666,15.0,1,3,No
PRV57252,3.0,0.0,3.0,3,6000.0,0.0,18000.0,0.0,2.6666666666666665,2.6666666666666665,3.0,1,1,No
PRV57253,0.0,44.0,44.0,36,0.0,247.95454545454547,0.0,10910.0,0.0,0.0,0.0,1,6,No
PRV57255,0.0,34.0,34.0,23,0.0,202.64705882352942,0.0,6890.0,0.0,0.0,0.0,1,3,No
PRV57256,0.0,8.0,8.0,8,0.0,236.25,0.0,1890.0,0.0,0.0,0.0,1,2,No
PRV57257,0.0,17.0,17.0,11,0.0,289.4117647058824,0.0,4920.0,0.0,0.0,0.0,1,2,No
PRV57259,0.0,48.0,48.0,38,0.0,342.7083333333333,0.0,16450.0,0.0,0.0,0.0,1,1,No
PRV57261,0.0,10.0,10.0,9,0.0,160.0,0.0,1600.0,0.0,0.0,0.0,1,1,No
PRV57262,0.0,24.0,24.0,16,0.0,173.33333333333334,0.0,4160.0,0.0,0.0,0.0,1,2,No
PRV57263,0.0,52.0,52.0,22,0.0,579.4230769230769,0.0,30130.0,0.0,0.0,0.0,1,2,No
PRV57264,0.0,8.0,8.0,6,0.0,345.0,0.0,2760.0,0.0,0.0,0.0,1,1,No
PRV57265,0.0,1.0,1.0,1,0.0,200.0,0.0,200.0,0.0,0.0,0.0,1,1,No
PRV57266,0.0,34.0,34.0,32,0.0,290.0,0.0,9860.0,0.0,0.0,0.0,1,3,No
PRV57269,0.0,37.0,37.0,17,0.0,143.78378378378378,0.0,5320.0,0.0,0.0,0.0,1,2,No
PRV57270,0.0,9.0,9.0,9,0.0,111.11111111111111,0.0,1000.0,0.0,0.0,0.0,1,2,No
PRV57272,0.0,25.0,25.0,18,0.0,350.8,0.0,8770.0,0.0,0.0,0.0,1,1,No
PRV57273,0.0,9.0,9.0,6,0.0,121.11111111111111,0.0,1090.0,0.0,0.0,0.0,1,2,No
PRV57274,0.0,4.0,4.0,4,0.0,32.5,0.0,130.0,0.0,0.0,0.0,1,1,No
PRV57275,0.0,61.0,61.0,41,0.0,185.7377049180328,0.0,11330.0,0.0,0.0,0.0,1,3,No
PRV57276,0.0,13.0,13.0,9,0.0,346.15384615384613,0.0,4500.0,0.0,0.0,0.0,1,2,No
PRV57277,0.0,7.0,7.0,7,0.0,178.57142857142858,0.0,1250.0,0.0,0.0,0.0,1,1,No
PRV57278,0.0,7.0,7.0,7,0.0,135.71428571428572,0.0,950.0,0.0,0.0,0.0,2,2,No
PRV57280,0.0,3.0,3.0,3,0.0,56.666666666666664,0.0,170.0,0.0,0.0,0.0,1,1,No
PRV57282,0.0,41.0,41.0,25,0.0,203.65853658536585,0.0,8350.0,0.0,0.0,0.0,1,2,Yes
PRV57283,0.0,1.0,1.0,1,0.0,900.0,0.0,900.0,0.0,0.0,0.0,1,1,No
PRV57284,19.0,4.0,23.0,22,8421.052631578947,392.5,160000.0,1570.0,4.7368421052631575,4.7368421052631575,4.75,1,4,Yes
PRV57285,8.0,0.0,8.0,8,10375.0,0.0,83000.0,0.0,5.125,5.125,8.0,1,4,No
PRV57286,0.0,2.0,2.0,2,0.0,10.0,0.0,20.0,0.0,0.0,0.0,1,1,No
PRV57287,0.0,289.0,289.0,107,0.0,278.16608996539793,0.0,80390.0,0.0,0.0,0.0,1,5,No
PRV57288,0.0,93.0,93.0,47,0.0,297.31182795698925,0.0,27650.0,0.0,0.0,0.0,1,5,No
PRV57289,0.0,10.0,10.0,7,0.0,583.0,0.0,5830.0,0.0,0.0,0.0,1,3,No
PRV57290,2.0,0.0,2.0,2,27500.0,0.0,55000.0,0.0,4.5,4.5,2.0,1,2,No
PRV57291,0.0,3.0,3.0,3,0.0,466.6666666666667,0.0,1400.0,0.0,0.0,0.0,1,2,No
PRV57293,12.0,0.0,12.0,10,8333.333333333334,0.0,100000.0,0.0,8.75,8.75,12.0,1,4,No
PRV57294,2.0,0.0,2.0,2,6000.0,0.0,12000.0,0.0,8.5,8.5,2.0,1,1,No
PRV57295,14.0,0.0,14.0,13,12357.142857142857,0.0,173000.0,0.0,5.214285714285714,5.214285714285714,14.0,1,3,Yes
PRV57297,8.0,0.0,8.0,8,6625.0,0.0,53000.0,0.0,5.5,5.5,8.0,1,4,Yes
PRV57298,3.0,0.0,3.0,3,4666.666666666667,0.0,14000.0,0.0,3.6666666666666665,3.6666666666666665,3.0,1,3,No
PRV57299,6.0,0.0,6.0,6,6666.666666666667,0.0,40000.0,0.0,3.1666666666666665,3.1666666666666665,6.0,1,2,No
PRV57301,4.0,28.0,32.0,32,7000.0,503.2142857142857,28000.0,14090.0,3.75,3.75,0.14285714285714285,4,13,No
PRV57302,2.0,2.0,4.0,4,7000.0,80.0,14000.0,160.0,4.0,4.0,1.0,1,3,No
PRV57303,11.0,94.0,105.0,92,8636.363636363636,232.5531914893617,95000.0,21860.0,5.363636363636363,5.363636363636363,0.11702127659574468,5,19,No
PRV57304,3.0,90.0,93.0,32,14000.0,294.8888888888889,42000.0,26540.0,10.0,10.0,0.03333333333333333,2,7,No
PRV57305,0.0,675.0,675.0,343,0.0,260.3703703703704,0.0,175750.0,0.0,0.0,0.0,3,15,No
PRV57306,0.0,2315.0,2315.0,1407,0.0,271.9049676025918,0.0,629460.0,0.0,0.0,0.0,12,44,Yes
PRV57307,12.0,26.0,38.0,35,11308.333333333334,232.30769230769232,135700.0,6040.0,7.416666666666667,7.416666666666667,0.46153846153846156,4,13,No
PRV57308,0.0,6.0,6.0,6,0.0,516.6666666666666,0.0,3100.0,0.0,0.0,0.0,3,6,No
PRV57309,12.0,23.0,35.0,35,8000.0,533.0434782608696,96000.0,12260.0,4.333333333333333,4.333333333333333,0.5217391304347826,4,13,No
PRV57310,65.0,57.0,122.0,99,10230.76923076923,147.71929824561403,665000.0,8420.0,5.2,5.2,1.1403508771929824,7,28,Yes
PRV57311,0.0,338.0,338.0,158,0.0,252.4852071005917,0.0,85340.0,0.0,0.0,0.0,4,14,No
PRV57312,0.0,334.0,334.0,137,0.0,273.41317365269464,0.0,91320.0,0.0,0.0,0.0,7,17,Yes
PRV57313,0.0,402.0,402.0,328,0.0,253.65671641791045,0.0,101970.0,0.0,0.0,0.0,4,15,No
PRV57314,0.0,48.0,48.0,46,0.0,318.125,0.0,15270.0,0.0,0.0,0.0,5,12,No
PRV57315,0.0,22.0,22.0,22,0.0,270.90909090909093,0.0,5960.0,0.0,0.0,0.0,2,8,No
PRV57316,39.0,46.0,85.0,78,9666.666666666666,172.17391304347825,377000.0,7920.0,4.923076923076923,4.923076923076923,0.8478260869565217,6,14,No
PRV57317,84.0,374.0,458.0,352,9892.857142857143,254.89304812834226,831000.0,95330.0,4.4523809523809526,4.4523809523809526,0.22459893048128343,7,25,Yes
PRV57318,0.0,150.0,150.0,131,0.0,294.53333333333336,0.0,44180.0,0.0,0.0,0.0,5,19,No
PRV57319,16.0,263.0,279.0,254,6687.5,267.90874524714826,107000.0,70460.0,6.0,6.0,0.060836501901140684,5,14,No
PRV57320,10.0,28.0,38.0,38,9300.0,403.92857142857144,93000.0,11310.0,4.9,4.9,0.35714285714285715,6,14,No
PRV57321,15.0,69.0,84.0,60,10800.0,282.0289855072464,162000.0,19460.0,4.733333333333333,4.733333333333333,0.21739130434782608,3,11,No
PRV57322,7.0,26.0,33.0,31,7571.428571428572,299.61538461538464,53000.0,7790.0,4.285714285714286,4.285714285714286,0.2692307692307692,5,12,No
PRV57324,22.0,95.0,117.0,112,8545.454545454546,268.94736842105266,188000.0,25550.0,5.954545454545454,5.954545454545454,0.23157894736842105,9,22,No
PRV57325,0.0,41.0,41.0,39,0.0,282.4390243902439,0.0,11580.0,0.0,0.0,0.0,4,9,No
PRV57326,5.0,0.0,5.0,5,7400.0,0.0,37000.0,0.0,6.6,6.6,5.0,1,1,No
PRV57327,0.0,3.0,3.0,3,0.0,63.333333333333336,0.0,190.0,0.0,0.0,0.0,1,2,No
PRV57328,0.0,38.0,38.0,38,0.0,141.05263157894737,0.0,5360.0,0.0,0.0,0.0,5,14,No
PRV57329,0.0,36.0,36.0,35,0.0,318.6111111111111,0.0,11470.0,0.0,0.0,0.0,4,13,No
PRV57330,12.0,22.0,34.0,28,5000.0,707.7272727272727,60000.0,15570.0,4.833333333333333,4.833333333333333,0.5454545454545454,1,7,No
PRV57331,16.0,125.0,141.0,128,10937.5,337.6,175000.0,42200.0,4.75,4.75,0.128,11,31,No
PRV57332,0.0,98.0,98.0,89,0.0,230.20408163265307,0.0,22560.0,0.0,0.0,0.0,5,14,No
PRV57333,0.0,1004.0,1004.0,723,0.0,289.8605577689243,0.0,291020.0,0.0,0.0,0.0,9,29,No
PRV57334,39.0,29.0,68.0,60,11358.97435897436,244.13793103448276,443000.0,7080.0,7.487179487179487,7.487179487179487,1.3448275862068966,4,10,No
PRV57335,3.0,804.0,807.0,306,13000.0,305.55970149253733,39000.0,245670.0,10.0,10.0,0.0037313432835820895,3,13,Yes
PRV57336,0.0,135.0,135.0,117,0.0,209.03703703703704,0.0,28220.0,0.0,0.0,0.0,8,33,No
PRV57339,0.0,458.0,458.0,187,0.0,229.5414847161572,0.0,105130.0,0.0,0.0,0.0,3,9,No
PRV57340,17.0,24.0,41.0,39,11647.058823529413,265.0,198000.0,6360.0,5.0588235294117645,5.0588235294117645,0.7083333333333334,2,10,No
PRV57341,77.0,100.0,177.0,158,10077.922077922078,403.5,776000.0,40350.0,5.909090909090909,5.909090909090909,0.77,7,27,Yes
PRV57343,0.0,75.0,75.0,55,0.0,494.53333333333336,0.0,37090.0,0.0,0.0,0.0,5,14,No
PRV57344,25.0,455.0,480.0,189,9320.0,430.1098901098901,233000.0,195700.0,5.44,5.44,0.054945054945054944,4,12,Yes
PRV57345,43.0,45.0,88.0,82,10279.06976744186,518.2222222222222,442000.0,23320.0,5.395348837209302,5.395348837209302,0.9555555555555556,6,16,Yes
PRV57346,0.0,532.0,532.0,447,0.0,282.7631578947368,0.0,150430.0,0.0,0.0,0.0,8,26,No
PRV57347,17.0,128.0,145.0,141,6882.35294117647,223.125,117000.0,28560.0,4.176470588235294,4.176470588235294,0.1328125,10,29,No
PRV57348,0.0,920.0,920.0,638,0.0,278.0108695652174,0.0,255770.0,0.0,0.0,0.0,7,29,No
PRV57350,9.0,37.0,46.0,41,7222.222222222223,172.7027027027027,65000.0,6390.0,2.7777777777777777,2.7777777777777777,0.24324324324324326,2,7,No
PRV57351,0.0,34.0,34.0,32,0.0,593.5294117647059,0.0,20180.0,0.0,0.0,0.0,5,9,No
PRV57352,3.0,41.0,44.0,41,5000.0,245.1219512195122,15000.0,10050.0,3.0,3.0,0.07317073170731707,3,8,No
PRV57354,0.0,22.0,22.0,21,0.0,386.8181818181818,0.0,8510.0,0.0,0.0,0.0,2,5,No
PRV57355,0.0,34.0,34.0,21,0.0,477.6470588235294,0.0,16240.0,0.0,0.0,0.0,1,3,No
PRV57356,0.0,67.0,67.0,25,0.0,351.7910447761194,0.0,23570.0,0.0,0.0,0.0,1,3,No
PRV57357,15.0,1.0,16.0,13,7533.333333333333,1700.0,113000.0,1700.0,4.333333333333333,4.333333333333333,15.0,1,2,No
PRV57358,0.0,77.0,77.0,32,0.0,158.44155844155844,0.0,12200.0,0.0,0.0,0.0,1,3,No
PRV57359,0.0,102.0,102.0,67,0.0,337.15686274509807,0.0,34390.0,0.0,0.0,0.0,1,6,No
PRV57361,0.0,60.0,60.0,32,0.0,313.1666666666667,0.0,18790.0,0.0,0.0,0.0,1,3,No
PRV57363,0.0,2.0,2.0,2,0.0,200.0,0.0,400.0,0.0,0.0,0.0,1,1,No
PRV57364,3.0,7.0,10.0,9,14000.0,92.85714285714286,42000.0,650.0,4.666666666666667,4.666666666666667,0.42857142857142855,1,4,No
PRV57365,0.0,183.0,183.0,84,0.0,312.89617486338796,0.0,57260.0,0.0,0.0,0.0,1,5,No
PRV57366,0.0,12.0,12.0,7,0.0,413.3333333333333,0.0,4960.0,0.0,0.0,0.0,1,2,No
PRV57367,0.0,11.0,11.0,8,0.0,733.6363636363636,0.0,8070.0,0.0,0.0,0.0,1,1,No
PRV57368,0.0,22.0,22.0,22,0.0,159.0909090909091,0.0,3500.0,0.0,0.0,0.0,1,3,No
PRV57369,11.0,17.0,28.0,27,10636.363636363636,138.23529411764707,117000.0,2350.0,4.7272727272727275,4.7272727272727275,0.6470588235294118,3,9,No
PRV57371,0.0,1.0,1.0,1,0.0,70.0,0.0,70.0,0.0,0.0,0.0,1,1,No
PRV57372,15.0,17.0,32.0,28,7933.333333333333,279.4117647058824,119000.0,4750.0,6.266666666666667,6.266666666666667,0.8823529411764706,3,5,No
PRV57373,0.0,2.0,2.0,2,0.0,400.0,0.0,800.0,0.0,0.0,0.0,1,2,No
PRV57374,0.0,6.0,6.0,5,0.0,133.33333333333334,0.0,800.0,0.0,0.0,0.0,1,2,No
PRV57375,6.0,75.0,81.0,35,7666.666666666667,349.6,46000.0,26220.0,3.6666666666666665,3.6666666666666665,0.08,1,4,No
PRV57376,0.0,20.0,20.0,18,0.0,253.0,0.0,5060.0,0.0,0.0,0.0,1,3,No
PRV57378,0.0,35.0,35.0,29,0.0,193.71428571428572,0.0,6780.0,0.0,0.0,0.0,2,5,No
PRV57379,3.0,25.0,28.0,26,14666.666666666666,495.2,44000.0,12380.0,7.666666666666667,7.666666666666667,0.12,2,8,No
PRV57380,0.0,87.0,87.0,64,0.0,262.98850574712645,0.0,22880.0,0.0,0.0,0.0,3,5,No
PRV57381,0.0,49.0,49.0,12,0.0,380.40816326530614,0.0,18640.0,0.0,0.0,0.0,1,2,No
PRV57382,5.0,74.0,79.0,45,17000.0,200.13513513513513,85000.0,14810.0,7.6,7.6,0.06756756756756757,2,5,No
PRV57385,0.0,90.0,90.0,41,0.0,243.66666666666666,0.0,21930.0,0.0,0.0,0.0,2,3,No
PRV57386,0.0,1.0,1.0,1,0.0,300.0,0.0,300.0,0.0,0.0,0.0,1,1,No
PRV57388,0.0,9.0,9.0,7,0.0,184.44444444444446,0.0,1660.0,0.0,0.0,0.0,1,2,No
PRV57389,0.0,6.0,6.0,4,0.0,635.0,0.0,3810.0,0.0,0.0,0.0,1,2,No
PRV57390,0.0,55.0,55.0,42,0.0,197.0909090909091,0.0,10840.0,0.0,0.0,0.0,2,4,No
PRV57391,0.0,19.0,19.0,13,0.0,251.57894736842104,0.0,4780.0,0.0,0.0,0.0,1,1,No
PRV57392,0.0,2.0,2.0,2,0.0,35.0,0.0,70.0,0.0,0.0,0.0,1,2,No
PRV57393,0.0,5.0,5.0,5,0.0,560.0,0.0,2800.0,0.0,0.0,0.0,2,3,No
PRV57394,0.0,16.0,16.0,15,0.0,414.375,0.0,6630.0,0.0,0.0,0.0,1,4,No
PRV57396,0.0,1.0,1.0,1,0.0,0.0,0.0,0.0,0.0,0.0,0.0,1,1,No
PRV57397,7.0,0.0,7.0,7,9285.714285714286,0.0,65000.0,0.0,2.7142857142857144,2.7142857142857144,7.0,1,2,No
PRV57398,3.0,0.0,3.0,3,16866.666666666668,0.0,50600.0,0.0,2.6666666666666665,2.6666666666666665,3.0,1,2,No
PRV57399,1.0,0.0,1.0,1,57000.0,0.0,57000.0,0.0,15.0,17.0,1.0,1,1,No
PRV57400,8.0,0.0,8.0,6,8375.0,0.0,67000.0,0.0,4.125,4.125,8.0,1,1,No
PRV57401,8.0,0.0,8.0,8,8125.0,0.0,65000.0,0.0,6.0,6.0,8.0,1,2,No
PRV57402,0.0,1.0,1.0,1,0.0,20.0,0.0,20.0,0.0,0.0,0.0,1,1,No
PRV57403,15.0,0.0,15.0,13,11466.666666666666,0.0,172000.0,0.0,7.466666666666667,7.466666666666667,15.0,2,5,No
PRV57404,9.0,37.0,46.0,43,6888.888888888889,331.0810810810811,62000.0,12250.0,8.11111111111111,8.11111111111111,0.24324324324324326,4,17,No
PRV57405,0.0,32.0,32.0,27,0.0,177.8125,0.0,5690.0,0.0,0.0,0.0,3,6,No
PRV57406,46.0,22.0,68.0,58,10630.434782608696,748.1818181818181,489000.0,16460.0,4.6521739130434785,4.6521739130434785,2.090909090909091,2,12,No
PRV57407,0.0,217.0,217.0,103,0.0,289.6774193548387,0.0,62860.0,0.0,0.0,0.0,3,11,No
PRV57408,0.0,55.0,55.0,50,0.0,157.27272727272728,0.0,8650.0,0.0,0.0,0.0,5,17,No
PRV57409,24.0,47.0,71.0,64,8583.333333333334,268.51063829787233,206000.0,12620.0,6.0,5.958333333333333,0.5106382978723404,3,11,Yes
PRV57410,0.0,241.0,241.0,125,0.0,239.46058091286307,0.0,57710.0,0.0,0.0,0.0,1,7,No
PRV57411,0.0,29.0,29.0,27,0.0,295.17241379310343,0.0,8560.0,0.0,0.0,0.0,3,10,No
PRV57412,9.0,289.0,298.0,107,6555.555555555556,316.1937716262976,59000.0,91380.0,4.888888888888889,4.888888888888889,0.031141868512110725,2,13,No
PRV57413,0.0,52.0,52.0,31,0.0,346.7307692307692,0.0,18030.0,0.0,0.0,0.0,1,3,No
PRV57414,18.0,10.0,28.0,25,11833.333333333334,246.0,213000.0,2460.0,6.0,6.0,1.8,3,10,No
PRV57415,0.0,86.0,86.0,41,0.0,454.5348837209302,0.0,39090.0,0.0,0.0,0.0,2,6,No
PRV57416,0.0,7.0,7.0,6,0.0,171.42857142857142,0.0,1200.0,0.0,0.0,0.0,1,3,No
PRV57417,0.0,9.0,9.0,9,0.0,291.1111111111111,0.0,2620.0,0.0,0.0,0.0,1,6,No
PRV57419,0.0,17.0,17.0,17,0.0,288.2352941176471,0.0,4900.0,0.0,0.0,0.0,2,6,No
PRV57421,0.0,35.0,35.0,33,0.0,230.85714285714286,0.0,8080.0,0.0,0.0,0.0,5,14,No
PRV57422,0.0,104.0,104.0,60,0.0,323.2692307692308,0.0,33620.0,0.0,0.0,0.0,1,9,No
PRV57423,0.0,47.0,47.0,41,0.0,454.8936170212766,0.0,21380.0,0.0,0.0,0.0,1,10,No
PRV57424,0.0,38.0,38.0,28,0.0,312.89473684210526,0.0,11890.0,0.0,0.0,0.0,1,8,No
PRV57425,32.0,92.0,124.0,101,9756.25,364.3478260869565,312200.0,33520.0,5.46875,5.46875,0.34782608695652173,3,19,Yes
PRV57426,0.0,60.0,60.0,33,0.0,270.6666666666667,0.0,16240.0,0.0,0.0,0.0,1,10,No
PRV57427,14.0,16.0,30.0,27,7857.142857142857,224.375,110000.0,3590.0,5.214285714285714,5.214285714285714,0.875,1,10,No
PRV57429,0.0,154.0,154.0,80,0.0,269.4155844155844,0.0,41490.0,0.0,0.0,0.0,4,15,No
PRV57431,0.0,24.0,24.0,19,0.0,566.6666666666666,0.0,13600.0,0.0,0.0,0.0,2,5,No
PRV57432,0.0,48.0,48.0,41,0.0,279.5833333333333,0.0,13420.0,0.0,0.0,0.0,3,14,No
PRV57433,16.0,54.0,70.0,63,7875.0,287.037037037037,126000.0,15500.0,4.9375,4.9375,0.2962962962962963,3,16,No
PRV57434,0.0,316.0,316.0,151,0.0,265.7911392405063,0.0,83990.0,0.0,0.0,0.0,3,17,No
PRV57435,0.0,25.0,25.0,21,0.0,194.4,0.0,4860.0,0.0,0.0,0.0,3,10,No
PRV57436,0.0,41.0,41.0,32,0.0,267.0731707317073,0.0,10950.0,0.0,0.0,0.0,3,9,No
PRV57437,6.0,21.0,27.0,27,9000.0,436.6666666666667,54000.0,9170.0,6.333333333333333,6.333333333333333,0.2857142857142857,3,11,No
PRV57438,4.0,10.0,14.0,11,5500.0,218.0,22000.0,2180.0,4.5,4.5,0.4,2,3,No
PRV57440,0.0,4.0,4.0,3,0.0,82.5,0.0,330.0,0.0,0.0,0.0,1,3,No
PRV57441,0.0,74.0,74.0,39,0.0,360.27027027027026,0.0,26660.0,0.0,0.0,0.0,1,5,No
PRV57443,0.0,52.0,52.0,22,0.0,649.8076923076923,0.0,33790.0,0.0,0.0,0.0,1,6,No
PRV57444,0.0,13.0,13.0,13,0.0,580.7692307692307,0.0,7550.0,0.0,0.0,0.0,1,5,No
PRV57445,2.0,28.0,30.0,20,4000.0,505.35714285714283,8000.0,14150.0,0.5,0.5,0.07142857142857142,1,6,No
PRV57446,0.0,8.0,8.0,7,0.0,700.0,0.0,5600.0,0.0,0.0,0.0,2,5,No
PRV57447,0.0,9.0,9.0,9,0.0,471.1111111111111,0.0,4240.0,0.0,0.0,0.0,1,2,No
PRV57448,0.0,205.0,205.0,113,0.0,253.26829268292684,0.0,51920.0,0.0,0.0,0.0,4,11,No
PRV57449,0.0,103.0,103.0,57,0.0,275.5339805825243,0.0,28380.0,0.0,0.0,0.0,3,5,No
PRV57450,0.0,11.0,11.0,11,0.0,431.8181818181818,0.0,4750.0,0.0,0.0,0.0,2,6,No
PRV57452,0.0,3.0,3.0,3,0.0,40.0,0.0,120.0,0.0,0.0,0.0,2,2,No
PRV57453,0.0,17.0,17.0,15,0.0,167.64705882352942,0.0,2850.0,0.0,0.0,0.0,1,2,No
PRV57454,0.0,42.0,42.0,29,0.0,133.57142857142858,0.0,5610.0,0.0,0.0,0.0,1,2,No
PRV57455,0.0,6.0,6.0,6,0.0,355.0,0.0,2130.0,0.0,0.0,0.0,1,2,No
PRV57456,0.0,16.0,16.0,15,0.0,146.875,0.0,2350.0,0.0,0.0,0.0,1,3,No
PRV57459,0.0,11.0,11.0,9,0.0,418.1818181818182,0.0,4600.0,0.0,0.0,0.0,1,4,No
PRV57460,0.0,36.0,36.0,28,0.0,217.77777777777777,0.0,7840.0,0.0,0.0,0.0,1,3,No
PRV57461,0.0,1.0,1.0,1,0.0,0.0,0.0,0.0,0.0,0.0,0.0,1,1,No
PRV57462,0.0,10.0,10.0,10,0.0,156.0,0.0,1560.0,0.0,0.0,0.0,1,2,No
PRV57463,0.0,28.0,28.0,26,0.0,264.64285714285717,0.0,7410.0,0.0,0.0,0.0,1,4,No
PRV57464,0.0,2.0,2.0,2,0.0,40.0,0.0,80.0,0.0,0.0,0.0,1,1,No
PRV57465,0.0,22.0,22.0,19,0.0,124.0909090909091,0.0,2730.0,0.0,0.0,0.0,1,2,No
PRV57467,0.0,1.0,1.0,1,0.0,40.0,0.0,40.0,0.0,0.0,0.0,1,1,No
PRV57468,0.0,12.0,12.0,8,0.0,191.66666666666666,0.0,2300.0,0.0,0.0,0.0,2,3,No
PRV57469,0.0,58.0,58.0,37,0.0,380.17241379310343,0.0,22050.0,0.0,0.0,0.0,1,2,No
PRV57470,0.0,12.0,12.0,11,0.0,134.16666666666666,0.0,1610.0,0.0,0.0,0.0,1,2,No
PRV57471,0.0,2.0,2.0,2,0.0,175.0,0.0,350.0,0.0,0.0,0.0,1,2,No
PRV57472,0.0,4.0,4.0,4,0.0,425.0,0.0,1700.0,0.0,0.0,0.0,1,1,No
PRV57473,0.0,1.0,1.0,1,0.0,90.0,0.0,90.0,0.0,0.0,0.0,1,1,No
PRV57474,0.0,4.0,4.0,4,0.0,207.5,0.0,830.0,0.0,0.0,0.0,1,1,No
PRV57475,0.0,23.0,23.0,16,0.0,406.0869565217391,0.0,9340.0,0.0,0.0,0.0,1,2,No
PRV57476,0.0,145.0,145.0,56,0.0,324.62068965517244,0.0,47070.0,0.0,0.0,0.0,1,3,No
PRV57477,0.0,85.0,85.0,42,0.0,267.52941176470586,0.0,22740.0,0.0,0.0,0.0,1,3,No
PRV57479,0.0,19.0,19.0,17,0.0,380.0,0.0,7220.0,0.0,0.0,0.0,1,2,No
PRV57481,62.0,0.0,62.0,52,12516.129032258064,0.0,776000.0,0.0,6.435483870967742,6.435483870967742,62.0,3,11,Yes
PRV57484,0.0,9.0,9.0,6,0.0,121.11111111111111,0.0,1090.0,0.0,0.0,0.0,1,3,No
PRV57485,0.0,10.0,10.0,10,0.0,167.0,0.0,1670.0,0.0,0.0,0.0,1,4,No
PRV57486,0.0,35.0,35.0,19,0.0,126.57142857142857,0.0,4430.0,0.0,0.0,0.0,2,2,No
PRV57487,15.0,0.0,15.0,14,9333.333333333334,0.0,140000.0,0.0,7.933333333333334,7.933333333333334,15.0,1,4,No
PRV57488,0.0,5.0,5.0,5,0.0,108.0,0.0,540.0,0.0,0.0,0.0,1,2,No
PRV57489,17.0,0.0,17.0,17,10705.882352941177,0.0,182000.0,0.0,6.176470588235294,6.176470588235294,17.0,3,8,No
PRV57490,21.0,0.0,21.0,19,9580.952380952382,0.0,201200.0,0.0,4.761904761904762,4.761904761904762,21.0,1,6,No
PRV57491,0.0,116.0,116.0,62,0.0,265.7758620689655,0.0,30830.0,0.0,0.0,0.0,4,13,No
PRV57492,36.0,81.0,117.0,95,9222.222222222223,197.90123456790124,332000.0,16030.0,4.638888888888889,4.638888888888889,0.4444444444444444,5,27,No
PRV57495,37.0,76.0,113.0,99,10459.45945945946,178.02631578947367,387000.0,13530.0,6.0,6.0,0.4868421052631579,3,30,Yes
PRV57496,0.0,38.0,38.0,36,0.0,203.94736842105263,0.0,7750.0,0.0,0.0,0.0,2,11,No
PRV57499,0.0,18.0,18.0,18,0.0,496.6666666666667,0.0,8940.0,0.0,0.0,0.0,2,5,No
PRV57500,0.0,79.0,79.0,78,0.0,330.253164556962,0.0,26090.0,0.0,0.0,0.0,6,17,No
PRV57501,0.0,64.0,64.0,63,0.0,183.4375,0.0,11740.0,0.0,0.0,0.0,4,12,No
PRV57502,114.0,146.0,260.0,235,10080.701754385966,331.16438356164383,1149200.0,48350.0,5.157894736842105,5.157894736842105,0.7808219178082192,5,28,Yes
PRV57504,0.0,28.0,28.0,28,0.0,211.07142857142858,0.0,5910.0,0.0,0.0,0.0,1,6,No
PRV57507,0.0,112.0,112.0,96,0.0,238.75,0.0,26740.0,0.0,0.0,0.0,6,24,No
PRV57509,0.0,58.0,58.0,53,0.0,201.55172413793105,0.0,11690.0,0.0,0.0,0.0,2,13,No
PRV57510,43.0,204.0,247.0,214,9814.418604651162,318.48039215686276,422020.0,64970.0,5.4186046511627906,5.4186046511627906,0.2107843137254902,6,27,No
PRV57512,0.0,108.0,108.0,84,0.0,225.27777777777777,0.0,24330.0,0.0,0.0,0.0,7,20,No
PRV57514,0.0,51.0,51.0,44,0.0,294.70588235294116,0.0,15030.0,0.0,0.0,0.0,4,11,No
PRV57515,19.0,69.0,88.0,80,7684.210526315789,318.40579710144925,146000.0,21970.0,5.157894736842105,5.157894736842105,0.2753623188405797,3,26,No
PRV57516,0.0,10.0,10.0,10,0.0,229.0,0.0,2290.0,0.0,0.0,0.0,1,4,No
PRV57517,0.0,60.0,60.0,56,0.0,337.1666666666667,0.0,20230.0,0.0,0.0,0.0,5,11,No
PRV57518,2.0,95.0,97.0,47,17500.0,348.7368421052632,35000.0,33130.0,3.5,3.5,0.021052631578947368,4,13,No
PRV57519,12.0,145.0,157.0,142,9416.666666666666,208.82758620689654,113000.0,30280.0,4.833333333333333,4.833333333333333,0.08275862068965517,3,20,No
PRV57520,0.0,23.0,23.0,23,0.0,249.56521739130434,0.0,5740.0,0.0,0.0,0.0,1,7,No
PRV57521,12.0,99.0,111.0,105,7750.0,284.34343434343435,93000.0,28150.0,9.083333333333334,9.083333333333334,0.12121212121212122,6,27,No
PRV57522,0.0,40.0,40.0,40,0.0,207.75,0.0,8310.0,0.0,0.0,0.0,3,13,No
PRV57523,15.0,136.0,151.0,129,8666.666666666666,293.8235294117647,130000.0,39960.0,7.066666666666666,7.066666666666666,0.11029411764705882,5,22,No
PRV57525,21.0,86.0,107.0,78,9380.952380952382,195.58139534883722,197000.0,16820.0,5.428571428571429,5.428571428571429,0.2441860465116279,4,15,Yes
PRV57526,2.0,200.0,202.0,154,26500.0,281.55,53000.0,56310.0,1.0,1.0,0.01,3,13,No
PRV57527,51.0,114.0,165.0,135,12313.725490196079,328.94736842105266,628000.0,37500.0,6.490196078431373,6.490196078431373,0.4473684210526316,5,22,Yes
PRV57528,13.0,388.0,401.0,345,5815.384615384615,323.2474226804124,75600.0,125420.0,4.615384615384615,4.615384615384615,0.03350515463917526,9,33,Yes
PRV57529,0.0,295.0,295.0,188,0.0,255.38983050847457,0.0,75340.0,0.0,0.0,0.0,4,28,No
PRV57530,52.0,426.0,478.0,391,7501.923076923077,271.1032863849765,390100.0,115490.0,5.653846153846154,5.653846153846154,0.12206572769953052,15,62,No
PRV57531,0.0,68.0,68.0,43,0.0,244.55882352941177,0.0,16630.0,0.0,0.0,0.0,3,8,No
PRV57532,0.0,351.0,351.0,157,0.0,317.83475783475785,0.0,111560.0,0.0,0.0,0.0,5,22,No
PRV57533,22.0,86.0,108.0,83,12681.818181818182,239.06976744186048,279000.0,20560.0,6.590909090909091,6.590909090909091,0.2558139534883721,3,10,No
PRV57534,0.0,152.0,152.0,117,0.0,255.39473684210526,0.0,38820.0,0.0,0.0,0.0,3,10,No
PRV57536,0.0,79.0,79.0,71,0.0,234.9367088607595,0.0,18560.0,0.0,0.0,0.0,4,13,No
PRV57539,0.0,33.0,33.0,32,0.0,322.1212121212121,0.0,10630.0,0.0,0.0,0.0,2,5,No
PRV57540,0.0,39.0,39.0,32,0.0,191.28205128205127,0.0,7460.0,0.0,0.0,0.0,2,9,No
PRV57541,0.0,31.0,31.0,24,0.0,314.51612903225805,0.0,9750.0,0.0,0.0,0.0,1,8,No
PRV57542,0.0,37.0,37.0,35,0.0,144.05405405405406,0.0,5330.0,0.0,0.0,0.0,3,12,No
PRV57543,46.0,308.0,354.0,327,9413.04347826087,270.64935064935065,433000.0,83360.0,5.021739130434782,5.021739130434782,0.14935064935064934,9,41,Yes
PRV57544,0.0,52.0,52.0,47,0.0,198.84615384615384,0.0,10340.0,0.0,0.0,0.0,3,7,No
PRV57545,1.0,60.0,61.0,54,28000.0,207.16666666666666,28000.0,12430.0,4.0,4.0,0.016666666666666666,2,14,No
PRV57546,0.0,18.0,18.0,18,0.0,295.0,0.0,5310.0,0.0,0.0,0.0,3,7,No
PRV57547,18.0,68.0,86.0,79,11944.444444444445,280.5882352941176,215000.0,19080.0,7.777777777777778,7.611111111111111,0.2647058823529412,5,24,Yes
PRV57548,107.0,103.0,210.0,180,9705.607476635514,296.6019417475728,1038500.0,30550.0,5.710280373831775,5.710280373831775,1.0388349514563107,5,20,Yes
PRV57549,0.0,518.0,518.0,324,0.0,311.11969111969114,0.0,161160.0,0.0,0.0,0.0,1,7,No
PRV57550,0.0,29.0,29.0,22,0.0,209.31034482758622,0.0,6070.0,0.0,0.0,0.0,1,4,No
PRV57551,0.0,132.0,132.0,100,0.0,320.6818181818182,0.0,42330.0,0.0,0.0,0.0,5,24,No
PRV57552,0.0,11.0,11.0,11,0.0,212.72727272727272,0.0,2340.0,0.0,0.0,0.0,1,2,No
PRV57553,0.0,21.0,21.0,20,0.0,402.85714285714283,0.0,8460.0,0.0,0.0,0.0,1,5,No
PRV57555,27.0,15.0,42.0,39,12103.703703703704,265.3333333333333,326800.0,3980.0,4.222222222222222,4.222222222222222,1.8,1,13,No
PRV57557,0.0,97.0,97.0,39,0.0,213.4020618556701,0.0,20700.0,0.0,0.0,0.0,3,5,No
PRV57558,8.0,49.0,57.0,40,8875.0,420.2040816326531,71000.0,20590.0,4.125,4.125,0.16326530612244897,4,11,No
PRV57560,1.0,1.0,2.0,2,9000.0,0.0,9000.0,0.0,2.0,2.0,1.0,1,2,No
PRV57561,1.0,16.0,17.0,17,11000.0,363.125,11000.0,5810.0,6.0,6.0,0.0625,2,4,No
PRV57563,0.0,6.0,6.0,6,0.0,138.33333333333334,0.0,830.0,0.0,0.0,0.0,1,3,No
PRV57564,0.0,7.0,7.0,7,0.0,40.0,0.0,280.0,0.0,0.0,0.0,1,3,No
PRV57565,0.0,6.0,6.0,6,0.0,1056.6666666666667,0.0,6340.0,0.0,0.0,0.0,3,3,No
PRV57567,7.0,5.0,12.0,11,16000.0,58.0,112000.0,290.0,8.142857142857142,8.142857142857142,1.4,4,5,No
PRV57568,18.0,29.0,47.0,46,6216.666666666667,291.37931034482756,111900.0,8450.0,3.2222222222222223,3.2222222222222223,0.6206896551724138,3,9,No
PRV57569,5.0,68.0,73.0,62,6200.0,396.1764705882353,31000.0,26940.0,8.2,8.2,0.07352941176470588,4,9,Yes
PRV57570,0.0,4.0,4.0,4,0.0,107.5,0.0,430.0,0.0,0.0,0.0,1,2,No
PRV57571,0.0,1.0,1.0,1,0.0,400.0,0.0,400.0,0.0,0.0,0.0,1,1,No
PRV57572,0.0,265.0,265.0,207,0.0,302.07547169811323,0.0,80050.0,0.0,0.0,0.0,4,15,No
PRV57573,0.0,33.0,33.0,16,0.0,187.27272727272728,0.0,6180.0,0.0,0.0,0.0,1,4,No
PRV57574,0.0,58.0,58.0,48,0.0,338.62068965517244,0.0,19640.0,0.0,0.0,0.0,2,8,No
PRV57575,0.0,24.0,24.0,13,0.0,248.75,0.0,5970.0,0.0,0.0,0.0,2,4,No
PRV57576,0.0,22.0,22.0,21,0.0,196.36363636363637,0.0,4320.0,0.0,0.0,0.0,2,6,No
PRV57577,0.0,73.0,73.0,36,0.0,408.35616438356163,0.0,29810.0,0.0,0.0,0.0,2,7,No
PRV57578,0.0,2.0,2.0,2,0.0,90.0,0.0,180.0,0.0,0.0,0.0,1,1,No
PRV57580,0.0,134.0,134.0,83,0.0,183.955223880597,0.0,24650.0,0.0,0.0,0.0,2,9,No
PRV57581,0.0,15.0,15.0,15,0.0,158.0,0.0,2370.0,0.0,0.0,0.0,1,7,No
PRV57583,0.0,14.0,14.0,12,0.0,220.0,0.0,3080.0,0.0,0.0,0.0,1,4,No
PRV57584,3.0,40.0,43.0,25,7000.0,194.0,21000.0,7760.0,2.6666666666666665,2.6666666666666665,0.075,2,4,No
PRV57585,0.0,140.0,140.0,71,0.0,315.85714285714283,0.0,44220.0,0.0,0.0,0.0,1,3,No
PRV57586,0.0,144.0,144.0,51,0.0,345.2083333333333,0.0,49710.0,0.0,0.0,0.0,2,8,No
PRV57588,0.0,2.0,2.0,2,0.0,265.0,0.0,530.0,0.0,0.0,0.0,1,2,No
PRV57590,3.0,73.0,76.0,60,4666.666666666667,267.3972602739726,14000.0,19520.0,4.666666666666667,4.666666666666667,0.0410958904109589,1,6,No
PRV57592,0.0,79.0,79.0,64,0.0,213.67088607594937,0.0,16880.0,0.0,0.0,0.0,4,16,No
PRV57593,6.0,20.0,26.0,21,12833.333333333334,395.5,77000.0,7910.0,5.166666666666667,5.166666666666667,0.3,2,5,No
PRV57594,1.0,13.0,14.0,14,4000.0,176.92307692307693,4000.0,2300.0,5.0,5.0,0.07692307692307693,1,6,No
PRV57595,0.0,56.0,56.0,24,0.0,183.03571428571428,0.0,10250.0,0.0,0.0,0.0,1,5,No
PRV57596,0.0,160.0,160.0,75,0.0,237.75,0.0,38040.0,0.0,0.0,0.0,4,10,No
PRV57597,0.0,227.0,227.0,107,0.0,207.04845814977975,0.0,47000.0,0.0,0.0,0.0,3,12,No
PRV57598,0.0,23.0,23.0,23,0.0,125.65217391304348,0.0,2890.0,0.0,0.0,0.0,3,11,No
PRV57599,0.0,5.0,5.0,5,0.0,102.0,0.0,510.0,0.0,0.0,0.0,1,2,No
PRV57600,9.0,42.0,51.0,46,6333.333333333333,428.57142857142856,57000.0,18000.0,4.333333333333333,4.333333333333333,0.21428571428571427,2,7,No
PRV57601,0.0,62.0,62.0,48,0.0,339.03225806451616,0.0,21020.0,0.0,0.0,0.0,1,6,No
PRV57602,0.0,38.0,38.0,30,0.0,236.05263157894737,0.0,8970.0,0.0,0.0,0.0,1,5,No
PRV57603,0.0,169.0,169.0,76,0.0,291.9526627218935,0.0,49340.0,0.0,0.0,0.0,3,12,No
PRV57605,0.0,134.0,134.0,91,0.0,265.5970149253731,0.0,35590.0,0.0,0.0,0.0,2,12,No
PRV57609,0.0,2.0,2.0,2,0.0,1500.0,0.0,3000.0,0.0,0.0,0.0,1,2,No
PRV57610,0.0,32.0,32.0,16,0.0,234.375,0.0,7500.0,0.0,0.0,0.0,1,4,No
PRV57611,0.0,134.0,134.0,74,0.0,287.46268656716416,0.0,38520.0,0.0,0.0,0.0,3,10,No
PRV57612,3.0,3.0,6.0,6,10333.333333333334,163.33333333333334,31000.0,490.0,14.333333333333334,14.333333333333334,1.0,1,2,No
PRV57613,0.0,2.0,2.0,2,0.0,125.0,0.0,250.0,0.0,0.0,0.0,1,1,No
PRV57614,0.0,4.0,4.0,2,0.0,425.0,0.0,1700.0,0.0,0.0,0.0,1,1,No
PRV57615,0.0,2.0,2.0,2,0.0,55.0,0.0,110.0,0.0,0.0,0.0,1,1,No
PRV57616,0.0,7.0,7.0,7,0.0,91.42857142857143,0.0,640.0,0.0,0.0,0.0,1,1,No
PRV57617,0.0,3.0,3.0,3,0.0,43.333333333333336,0.0,130.0,0.0,0.0,0.0,1,1,No
PRV57618,0.0,220.0,220.0,95,0.0,251.27272727272728,0.0,55280.0,0.0,0.0,0.0,1,2,No
PRV57619,0.0,21.0,21.0,18,0.0,120.0,0.0,2520.0,0.0,0.0,0.0,1,2,No
PRV57623,0.0,4.0,4.0,4,0.0,235.0,0.0,940.0,0.0,0.0,0.0,1,1,No
PRV57624,0.0,41.0,41.0,26,0.0,169.02439024390245,0.0,6930.0,0.0,0.0,0.0,1,1,No
PRV57625,0.0,44.0,44.0,21,0.0,166.8181818181818,0.0,7340.0,0.0,0.0,0.0,1,2,No
PRV57626,0.0,6.0,6.0,6,0.0,150.0,0.0,900.0,0.0,0.0,0.0,1,3,No
PRV57627,0.0,28.0,28.0,28,0.0,370.0,0.0,10360.0,0.0,0.0,0.0,1,1,No
PRV57629,10.0,0.0,10.0,9,12230.0,0.0,122300.0,0.0,5.9,5.9,10.0,1,1,No
PRV57630,8.0,0.0,8.0,8,6500.0,0.0,52000.0,0.0,6.875,6.875,8.0,1,1,No
PRV57631,18.0,0.0,18.0,17,12611.111111111111,0.0,227000.0,0.0,5.388888888888889,5.388888888888889,18.0,1,2,Yes
PRV57632,1.0,0.0,1.0,1,6000.0,0.0,6000.0,0.0,2.0,2.0,1.0,1,1,No
PRV57633,4.0,0.0,4.0,3,7750.0,0.0,31000.0,0.0,11.25,11.25,4.0,1,1,No
PRV57634,8.0,0.0,8.0,8,7250.0,0.0,58000.0,0.0,4.25,4.25,8.0,1,4,No
PRV57635,18.0,0.0,18.0,16,15277.777777777777,0.0,275000.0,0.0,4.388888888888889,4.388888888888889,18.0,2,4,No
PRV57636,5.0,0.0,5.0,5,5600.0,0.0,28000.0,0.0,4.2,4.2,5.0,1,2,No
PRV57638,9.0,0.0,9.0,8,8044.444444444444,0.0,72400.0,0.0,4.444444444444445,4.444444444444445,9.0,1,3,No
PRV57639,0.0,17.0,17.0,14,0.0,287.6470588235294,0.0,4890.0,0.0,0.0,0.0,1,4,No
PRV57640,5.0,10.0,15.0,14,9200.0,213.0,46000.0,2130.0,9.6,9.6,0.5,3,7,No
PRV57641,3.0,58.0,61.0,25,5333.333333333333,232.24137931034483,16000.0,13470.0,4.0,4.0,0.05172413793103448,2,5,No
PRV57642,23.0,197.0,220.0,108,12521.739130434782,169.89847715736042,288000.0,33470.0,6.3478260869565215,6.3478260869565215,0.116751269035533,5,15,Yes
PRV57643,7.0,102.0,109.0,31,8000.0,224.2156862745098,56000.0,22870.0,3.7142857142857144,3.7142857142857144,0.06862745098039216,1,1,No
PRV57645,0.0,6.0,6.0,6,0.0,65.0,0.0,390.0,0.0,0.0,0.0,2,3,No
PRV57646,0.0,25.0,25.0,11,0.0,342.8,0.0,8570.0,0.0,0.0,0.0,1,1,No
PRV57647,0.0,46.0,46.0,16,0.0,185.43478260869566,0.0,8530.0,0.0,0.0,0.0,2,3,No
PRV57650,1.0,35.0,36.0,10,3000.0,320.2857142857143,3000.0,11210.0,5.0,5.0,0.02857142857142857,2,3,No
PRV57651,0.0,22.0,22.0,14,0.0,144.54545454545453,0.0,3180.0,0.0,0.0,0.0,1,3,No
PRV57652,0.0,15.0,15.0,6,0.0,326.6666666666667,0.0,4900.0,0.0,0.0,0.0,1,3,No
PRV57653,0.0,82.0,82.0,46,0.0,194.14634146341464,0.0,15920.0,0.0,0.0,0.0,5,7,No
PRV57654,0.0,72.0,72.0,24,0.0,231.52777777777777,0.0,16670.0,0.0,0.0,0.0,1,4,No
PRV57655,0.0,1.0,1.0,1,0.0,400.0,0.0,400.0,0.0,0.0,0.0,1,1,No
PRV57657,0.0,54.0,54.0,20,0.0,295.0,0.0,15930.0,0.0,0.0,0.0,1,5,No
PRV57658,0.0,51.0,51.0,37,0.0,317.05882352941177,0.0,16170.0,0.0,0.0,0.0,4,9,No
PRV57659,0.0,1.0,1.0,1,0.0,20.0,0.0,20.0,0.0,0.0,0.0,1,1,No
PRV57660,0.0,6.0,6.0,5,0.0,403.3333333333333,0.0,2420.0,0.0,0.0,0.0,1,1,No
PRV57662,0.0,3.0,3.0,3,0.0,820.0,0.0,2460.0,0.0,0.0,0.0,1,1,No
PRV57663,0.0,3.0,3.0,3,0.0,136.66666666666666,0.0,410.0,0.0,0.0,0.0,1,2,No
PRV57667,3.0,0.0,3.0,2,6666.666666666667,0.0,20000.0,0.0,11.0,11.0,3.0,1,1,Yes
PRV57668,0.0,23.0,23.0,19,0.0,285.6521739130435,0.0,6570.0,0.0,0.0,0.0,1,2,No
PRV57669,0.0,3.0,3.0,3,0.0,83.33333333333333,0.0,250.0,0.0,0.0,0.0,1,1,No
PRV57670,0.0,1.0,1.0,1,0.0,20.0,0.0,20.0,0.0,0.0,0.0,1,1,No
PRV57671,0.0,6.0,6.0,6,0.0,121.66666666666667,0.0,730.0,0.0,0.0,0.0,1,1,No
PRV57672,0.0,425.0,425.0,342,0.0,278.09411764705885,0.0,118190.0,0.0,0.0,0.0,1,5,Yes
PRV57673,0.0,217.0,217.0,125,0.0,238.20276497695852,0.0,51690.0,0.0,0.0,0.0,1,1,No
PRV57674,0.0,413.0,413.0,158,0.0,322.5665859564165,0.0,133220.0,0.0,0.0,0.0,1,4,No
PRV57675,0.0,3.0,3.0,3,0.0,550.0,0.0,1650.0,0.0,0.0,0.0,1,1,No
PRV57676,0.0,15.0,15.0,15,0.0,212.0,0.0,3180.0,0.0,0.0,0.0,1,3,No
PRV57677,0.0,226.0,226.0,206,0.0,326.9911504424779,0.0,73900.0,0.0,0.0,0.0,3,7,No
PRV57678,0.0,9.0,9.0,9,0.0,441.1111111111111,0.0,3970.0,0.0,0.0,0.0,1,1,No
PRV57679,0.0,1.0,1.0,1,0.0,400.0,0.0,400.0,0.0,0.0,0.0,1,1,No
PRV57680,0.0,19.0,19.0,18,0.0,492.63157894736844,0.0,9360.0,0.0,0.0,0.0,1,1,No
PRV57682,0.0,3.0,3.0,3,0.0,1033.3333333333333,0.0,3100.0,0.0,0.0,0.0,1,1,No
PRV57683,0.0,15.0,15.0,14,0.0,476.6666666666667,0.0,7150.0,0.0,0.0,0.0,1,1,No
PRV57684,0.0,65.0,65.0,58,0.0,324.7692307692308,0.0,21110.0,0.0,0.0,0.0,1,1,No
PRV57686,0.0,23.0,23.0,22,0.0,396.0869565217391,0.0,9110.0,0.0,0.0,0.0,2,2,No
PRV57687,0.0,6.0,6.0,6,0.0,180.0,0.0,1080.0,0.0,0.0,0.0,1,1,No
PRV57688,0.0,12.0,12.0,12,0.0,352.5,0.0,4230.0,0.0,0.0,0.0,1,1,No
PRV57689,0.0,53.0,53.0,41,0.0,290.188679245283,0.0,15380.0,0.0,0.0,0.0,1,7,No
PRV57690,0.0,4.0,4.0,3,0.0,1120.0,0.0,4480.0,0.0,0.0,0.0,1,2,No
PRV57691,0.0,51.0,51.0,20,0.0,235.09803921568627,0.0,11990.0,0.0,0.0,0.0,1,3,No
PRV57692,0.0,2.0,2.0,2,0.0,225.0,0.0,450.0,0.0,0.0,0.0,1,1,No
PRV57693,0.0,133.0,133.0,117,0.0,310.1503759398496,0.0,41250.0,0.0,0.0,0.0,1,2,No
PRV57694,0.0,18.0,18.0,18,0.0,175.0,0.0,3150.0,0.0,0.0,0.0,1,2,No
PRV57696,0.0,3.0,3.0,3,0.0,33.333333333333336,0.0,100.0,0.0,0.0,0.0,2,3,No
PRV57697,48.0,18.0,66.0,60,10479.166666666666,258.3333333333333,503000.0,4650.0,5.104166666666667,5.104166666666667,2.6666666666666665,4,6,Yes
PRV57699,3.0,0.0,3.0,3,8666.666666666666,0.0,26000.0,0.0,8.0,8.0,3.0,1,2,No
PRV57700,0.0,1.0,1.0,1,0.0,60.0,0.0,60.0,0.0,0.0,0.0,1,1,No
PRV57701,0.0,4.0,4.0,4,0.0,155.0,0.0,620.0,0.0,0.0,0.0,1,3,No
PRV57702,7.0,8.0,15.0,13,11142.857142857143,353.75,78000.0,2830.0,10.857142857142858,10.857142857142858,0.875,1,2,No
PRV57704,3.0,4.0,7.0,7,8333.333333333334,442.5,25000.0,1770.0,8.333333333333334,8.333333333333334,0.75,1,3,No
PRV57705,0.0,2.0,2.0,2,0.0,200.0,0.0,400.0,0.0,0.0,0.0,1,2,No
PRV57706,0.0,5.0,5.0,5,0.0,608.0,0.0,3040.0,0.0,0.0,0.0,2,3,No
PRV57707,0.0,2.0,2.0,2,0.0,35.0,0.0,70.0,0.0,0.0,0.0,1,1,No
PRV57709,30.0,187.0,217.0,170,13266.666666666666,232.7807486631016,398000.0,43530.0,7.866666666666666,7.866666666666666,0.16042780748663102,3,7,Yes
PRV57710,0.0,409.0,409.0,336,0.0,271.76039119804403,0.0,111150.0,0.0,0.0,0.0,5,15,No
PRV57711,19.0,4.0,23.0,23,8157.894736842105,250.0,155000.0,1000.0,7.368421052631579,7.368421052631579,4.75,1,5,No
PRV57712,2.0,7.0,9.0,9,5500.0,110.0,11000.0,770.0,2.0,2.0,0.2857142857142857,1,5,No
PRV57714,0.0,4.0,4.0,4,0.0,120.0,0.0,480.0,0.0,0.0,0.0,2,3,No
PRV57715,42.0,818.0,860.0,387,11245.238095238095,263.9364303178484,472300.0,215900.0,5.333333333333333,5.333333333333333,0.05134474327628362,4,25,No
PRV57716,0.0,11.0,11.0,11,0.0,321.8181818181818,0.0,3540.0,0.0,0.0,0.0,1,6,No
PRV57717,15.0,99.0,114.0,86,11780.0,213.43434343434345,176700.0,21130.0,4.933333333333334,4.933333333333334,0.15151515151515152,2,11,No
PRV57718,0.0,161.0,161.0,61,0.0,362.0496894409938,0.0,58290.0,0.0,0.0,0.0,1,13,No
PRV57719,4.0,19.0,23.0,23,19000.0,148.94736842105263,76000.0,2830.0,13.75,13.75,0.21052631578947367,1,10,No
PRV57720,0.0,14.0,14.0,14,0.0,333.57142857142856,0.0,4670.0,0.0,0.0,0.0,1,8,No
PRV57721,0.0,3.0,3.0,3,0.0,76.66666666666667,0.0,230.0,0.0,0.0,0.0,2,3,No
PRV57722,0.0,34.0,34.0,32,0.0,220.2941176470588,0.0,7490.0,0.0,0.0,0.0,2,7,No
PRV57723,0.0,20.0,20.0,19,0.0,129.5,0.0,2590.0,0.0,0.0,0.0,1,6,No
PRV57724,0.0,2.0,2.0,2,0.0,40.0,0.0,80.0,0.0,0.0,0.0,1,2,No
PRV57725,0.0,7.0,7.0,6,0.0,248.57142857142858,0.0,1740.0,0.0,0.0,0.0,1,5,No
PRV57727,0.0,16.0,16.0,16,0.0,166.875,0.0,2670.0,0.0,0.0,0.0,1,5,No
PRV57728,1.0,3.0,4.0,4,6000.0,436.6666666666667,6000.0,1310.0,4.0,4.0,0.3333333333333333,1,3,No
PRV57729,11.0,12.0,23.0,22,9727.272727272728,608.3333333333334,107000.0,7300.0,5.545454545454546,5.545454545454546,0.9166666666666666,2,12,No
PRV57730,0.0,40.0,40.0,23,0.0,218.0,0.0,8720.0,0.0,0.0,0.0,1,3,No
PRV57731,0.0,2.0,2.0,2,0.0,75.0,0.0,150.0,0.0,0.0,0.0,1,2,No
PRV57732,11.0,39.0,50.0,46,6909.090909090909,311.28205128205127,76000.0,12140.0,5.2727272727272725,5.2727272727272725,0.28205128205128205,1,8,No
PRV57733,0.0,45.0,45.0,25,0.0,277.3333333333333,0.0,12480.0,0.0,0.0,0.0,1,4,No
PRV57734,0.0,19.0,19.0,19,0.0,579.4736842105264,0.0,11010.0,0.0,0.0,0.0,1,1,No
PRV57735,0.0,6.0,6.0,6,0.0,130.0,0.0,780.0,0.0,0.0,0.0,1,2,No
PRV57736,0.0,12.0,12.0,12,0.0,249.16666666666666,0.0,2990.0,0.0,0.0,0.0,1,1,No
PRV57737,0.0,2.0,2.0,2,0.0,65.0,0.0,130.0,0.0,0.0,0.0,1,1,No
PRV57738,0.0,1.0,1.0,1,0.0,10.0,0.0,10.0,0.0,0.0,0.0,1,1,No
PRV57739,0.0,11.0,11.0,10,0.0,638.1818181818181,0.0,7020.0,0.0,0.0,0.0,1,2,No
PRV57740,0.0,12.0,12.0,12,0.0,458.3333333333333,0.0,5500.0,0.0,0.0,0.0,1,3,No
PRV57741,0.0,15.0,15.0,14,0.0,152.66666666666666,0.0,2290.0,0.0,0.0,0.0,1,1,No
PRV57742,0.0,8.0,8.0,8,0.0,42.5,0.0,340.0,0.0,0.0,0.0,1,1,No
PRV57743,0.0,8.0,8.0,8,0.0,543.75,0.0,4350.0,0.0,0.0,0.0,1,1,No
PRV57744,0.0,19.0,19.0,17,0.0,447.89473684210526,0.0,8510.0,0.0,0.0,0.0,1,2,No
PRV57746,0.0,42.0,42.0,41,0.0,145.23809523809524,0.0,6100.0,0.0,0.0,0.0,1,1,No
PRV57747,0.0,2.0,2.0,2,0.0,55.0,0.0,110.0,0.0,0.0,0.0,1,1,No
PRV57748,0.0,45.0,45.0,44,0.0,355.55555555555554,0.0,16000.0,0.0,0.0,0.0,1,1,No
PRV57751,0.0,4.0,4.0,4,0.0,57.5,0.0,230.0,0.0,0.0,0.0,1,1,No
PRV57752,0.0,1.0,1.0,1,0.0,80.0,0.0,80.0,0.0,0.0,0.0,1,1,No
PRV57753,0.0,1.0,1.0,1,0.0,80.0,0.0,80.0,0.0,0.0,0.0,1,1,No
PRV57754,0.0,6.0,6.0,6,0.0,345.0,0.0,2070.0,0.0,0.0,0.0,1,1,No
PRV57755,0.0,1.0,1.0,1,0.0,300.0,0.0,300.0,0.0,0.0,0.0,1,1,No
PRV57756,0.0,27.0,27.0,27,0.0,140.37037037037038,0.0,3790.0,0.0,0.0,0.0,1,4,No
PRV57757,11.0,0.0,11.0,11,9909.09090909091,0.0,109000.0,0.0,6.2727272727272725,6.2727272727272725,11.0,1,3,No
PRV57758,0.0,2.0,2.0,2,0.0,55.0,0.0,110.0,0.0,0.0,0.0,1,1,No
PRV57759,0.0,28.0,28.0,24,0.0,380.0,0.0,10640.0,0.0,0.0,0.0,1,2,No
PRV57760,0.0,22.0,22.0,9,0.0,216.8181818181818,0.0,4770.0,0.0,0.0,0.0,1,3,No
PRV57761,0.0,82.0,82.0,67,0.0,225.2439024390244,0.0,18470.0,0.0,0.0,0.0,1,2,No
PRV57762,0.0,1.0,1.0,1,0.0,1900.0,0.0,1900.0,0.0,0.0,0.0,1,1,No
PRV57763,0.0,118.0,118.0,70,0.0,369.5762711864407,0.0,43610.0,0.0,0.0,0.0,3,4,No
