symbol,fiscalDateEnding,reportedCurrency,totalRevenue,costOfRevenue,grossProfit,operatingExpenses,operatingIncome,researchAndDevelopment,sellingGeneralAndAdministrative,netIncome,grossMarginPct,revenueGrowthQoQPct,revenueGrowthYoYPct,operatingExpenseGrowthQoQPct,netIncomeGrowthQoQPct,operatingMarginPct,netProfitMarginPct,operatingExpenseRatioPct
AAPL,2005-09-30,USD,3678000000.0,2643000000.0,1035000000.0,617000000.0,418000000.0,147000000.0,470000000.0,430000000.0,28.140293637846657,,,,,11.364872213159325,11.691136487221316,16.77542142468733
AAPL,2005-12-31,USD,5749000000.0,4185000000.0,1564000000.0,814000000.0,750000000.0,182000000.0,632000000.0,565000000.0,27.20473125761002,56.30777596519847,,31.928687196110218,31.39534883720929,13.045747086449818,9.827796138458861,14.158984171160203
AAPL,2006-03-31,USD,4359000000.0,3062000000.0,1297000000.0,768000000.0,529000000.0,176000000.0,592000000.0,410000000.0,29.75453085570085,-24.178117933553665,,-5.651105651105648,-27.43362831858407,12.135810965817848,9.405827024546914,17.618719889883
AAPL,2006-06-30,USD,4370000000.0,3045000000.0,1325000000.0,759000000.0,566000000.0,175000000.0,584000000.0,472000000.0,30.320366132723116,0.252351456756128,,-1.171875,15.121951219512187,12.951945080091534,10.80091533180778,17.36842105263158
AAPL,2006-09-30,USD,4370000000.0,3425000000.0,1412000000.0,804000000.0,608000000.0,179000000.0,584000000.0,542000000.0,32.31121281464531,0.0,18.814573137574776,5.928853754940722,14.830508474576277,13.91304347826087,12.402745995423341,18.39816933638444
AAPL,2006-12-31,USD,7115000000.0,4895000000.0,2220000000.0,898000000.0,1322000000.0,184000000.0,714000000.0,1004000000.0,31.201686577652847,62.81464530892449,23.760654026787265,11.691542288557223,85.23985239852398,18.58046380885453,14.111033028812367,12.621222768798312
AAPL,2007-03-31,USD,5264000000.0,3415000000.0,1849000000.0,863000000.0,986000000.0,183000000.0,680000000.0,770000000.0,35.12537993920973,-26.015460295151094,20.76164257857307,-3.897550111358572,-23.306772908366536,18.731003039513677,14.627659574468085,16.39437689969605
AAPL,2007-06-30,USD,5410000000.0,3415000000.0,1995000000.0,954000000.0,1041000000.0,208000000.0,746000000.0,818000000.0,36.87615526802218,2.773556231003038,23.79862700228832,10.544611819235229,6.233766233766236,19.24214417744917,15.120147874306838,17.63401109057301
AAPL,2007-09-30,USD,6217000000.0,4127000000.0,2090000000.0,1030000000.0,1060000000.0,207000000.0,823000000.0,904000000.0,33.61750040212321,14.916820702402966,42.265446224256294,7.966457023060802,10.513447432762835,17.050024127392632,14.540775293549943,16.567476274730577
AAPL,2007-12-31,USD,9608000000.0,6276000000.0,3332000000.0,1206000000.0,2126000000.0,246000000.0,960000000.0,1581000000.0,34.67943380516236,54.54399227923437,35.03865073787773,17.087378640776695,74.88938053097345,22.127393838467942,16.45503746877602,12.552039966694423
AAPL,2008-03-31,USD,7512000000.0,5038000000.0,2474000000.0,1159000000.0,1315000000.0,273000000.0,886000000.0,1045000000.0,32.93397231096912,-21.815154038301422,42.70516717325228,-3.8971807628524036,-33.902593295382665,17.505324813631525,13.911075612353569,15.428647497337595
AAPL,2008-06-30,USD,7464000000.0,4864000000.0,2600000000.0,1208000000.0,1392000000.0,292000000.0,916000000.0,1072000000.0,34.83386923901393,-0.6389776357827448,37.96672828096119,4.227782571182059,2.583732057416266,18.64951768488746,14.362272240085744,16.184351554126476
AAPL,2008-09-30,USD,7895000000.0,5156000000.0,2739000000.0,1297000000.0,1442000000.0,298000000.0,999000000.0,1136000000.0,34.692843571880935,5.774383708467301,26.990509892230975,7.367549668874163,5.970149253731338,18.26472450918303,14.388853704876503,16.42811906269791
AAPL,2008-12-31,USD,11880000000.0,7373000000.0,4507000000.0,1406000000.0,3101000000.0,315000000.0,1091000000.0,2255000000.0,37.937710437710436,50.47498416719443,23.646960865945044,8.404009252120282,98.50352112676057,26.102693602693606,18.98148148148148,11.835016835016834
AAPL,2009-03-31,USD,9084000000.0,5457000000.0,3627000000.0,1304000000.0,2323000000.0,319000000.0,985000000.0,1620000000.0,39.927344782034346,-23.535353535353533,20.926517571884993,-7.25462304409673,-28.159645232815965,25.572435050638486,17.8335535006605,14.35490973139586
AAPL,2009-06-30,USD,9734000000.0,5751000000.0,3983000000.0,1351000000.0,2632000000.0,341000000.0,1010000000.0,1828000000.0,40.9184302445038,7.1554381329810735,30.412647374062175,3.6042944785276143,12.83950617283951,27.03924388740497,18.77953564824327,13.87918635709883
AAPL,2009-09-30,USD,9870000000.0,6256000000.0,3614000000.0,1421000000.0,2193000000.0,358000000.0,1063000000.0,1665000000.0,36.61600810536981,1.3971645777686392,25.015832805573158,5.181347150259064,-8.916849015317286,22.218844984802434,16.869300911854104,14.397163120567377
AAPL,2009-12-31,USD,15683000000.0,9272000000.0,6411000000.0,1686000000.0,4725000000.0,398000000.0,1288000000.0,3378000000.0,40.87865841994516,58.89564336372848,32.011784511784505,18.648838845883176,102.8828828828829,30.12816425428808,21.539246317668812,10.75049416565708
AAPL,2010-03-31,USD,13499000000.0,7874000000.0,5625000000.0,1646000000.0,3979000000.0,426000000.0,1220000000.0,3074000000.0,41.669753315060376,-13.925907033093154,48.60193747247907,-2.3724792408066464,-8.999407933688575,29.476257500555597,22.77205718942144,12.193495814504777
AAPL,2010-06-30,USD,15700000000.0,9564000000.0,6136000000.0,1902000000.0,4234000000.0,464000000.0,1438000000.0,3253000000.0,39.0828025477707,16.304911474924076,61.29032258064515,15.552855407047383,5.823031880286278,26.96815286624204,20.719745222929937,12.114649681528663
AAPL,2010-09-30,USD,20343000000.0,12831000000.0,7512000000.0,2065000000.0,5447000000.0,494000000.0,1571000000.0,4308000000.0,36.92670697537236,29.573248407643305,106.10942249240121,8.569926393270233,32.43160159852443,26.775795113798356,21.17681757852824,10.150911861574006
AAPL,2010-12-31,USD,26741000000.0,16443000000.0,10298000000.0,2471000000.0,7827000000.0,575000000.0,1896000000.0,6004000000.0,38.51015294865562,31.45062183552081,70.50946885162277,19.661016949152543,39.3686165273909,29.26966082046296,22.452413896264165,9.240492128192663
AAPL,2011-03-31,USD,24667000000.0,14449000000.0,10218000000.0,2344000000.0,7874000000.0,581000000.0,1763000000.0,5987000000.0,41.42376454372238,-7.75588048315321,82.73205422623897,-5.139619587211652,-0.28314457028647544,31.921190254185756,24.271293631167147,9.502574289536629
AAPL,2011-06-30,USD,28571000000.0,16649000000.0,11922000000.0,2543000000.0,9379000000.0,628000000.0,1915000000.0,7308000000.0,41.72762591438872,15.826813151173624,81.98089171974523,8.489761092150161,22.064473024887256,32.82699240488608,25.578383675755134,8.900633509502642
AAPL,2011-09-30,USD,28270000000.0,16890000000.0,11380000000.0,2670000000.0,8710000000.0,645000000.0,2025000000.0,6623000000.0,40.25468694729395,-1.0535158027370373,38.96672073932066,4.994101454974431,-9.373289545703333,30.810045985143265,23.427661832331093,9.44464096215069
AAPL,2011-12-31,USD,46333000000.0,25630000000.0,20703000000.0,3363000000.0,17340000000.0,758000000.0,2605000000.0,13064000000.0,44.68305527377895,63.89458790236999,73.2657716614936,25.95505617977527,97.2520006039559,37.42472967431421,28.195886301340295,7.258325599464745
AAPL,2012-03-31,USD,39186000000.0,20622000000.0,18564000000.0,3180000000.0,15384000000.0,841000000.0,2339000000.0,11622000000.0,47.37406216505895,-15.425290829430427,58.86001540519723,-5.441570026761822,-11.037966932026944,39.25891900168427,29.65855152350329,8.115143163374675
AAPL,2012-06-30,USD,35023000000.0,20029000000.0,14994000000.0,3421000000.0,11573000000.0,876000000.0,2545000000.0,8824000000.0,42.81186648773663,-10.62369213494615,22.58233873508102,7.578616352201251,-24.075030115298567,33.04399965736802,25.19487194129572,9.767866830368616
AAPL,2012-09-30,USD,37472000000.0,23601000000.0,13871000000.0,3841000000.0,10030000000.0,1168000000.0,1573000000.0,7512000000.0,37.01697267292912,6.992547754332867,32.55040679165193,12.277111955568554,-14.868540344514958,26.76665243381725,20.046968403074295,10.25032023911187
AAPL,2012-12-31,USD,54512000000.0,33452000000.0,21060000000.0,3850000000.0,17210000000.0,1010000000.0,2840000000.0,13078000000.0,38.63369533313766,45.473953885567894,17.65264498305743,0.23431398073419096,74.0947816826411,31.571030231875554,23.991047842676842,7.062665101262107
AAPL,2013-03-31,USD,43603000000.0,27254000000.0,16349000000.0,3791000000.0,12558000000.0,1119000000.0,2672000000.0,9547000000.0,37.495126482122785,-20.012107425887883,11.271882815291168,-1.5324675324675296,-26.999541214252943,28.800770589179642,21.89528243469486,8.694355892943147
AAPL,2013-06-30,USD,35323000000.0,22299000000.0,13024000000.0,3823000000.0,9201000000.0,1178000000.0,2645000000.0,6900000000.0,36.87116043371175,-18.989519069788773,0.8565799617394232,0.8441044579266643,-27.725987221116576,26.04818390283951,19.53401466466608,10.822976530872236
AAPL,2013-09-30,USD,37472000000.0,23601000000.0,13871000000.0,3841000000.0,10030000000.0,1168000000.0,9730000000.0,7512000000.0,37.01697267292912,6.083854712227166,0.0,0.4708344232278394,8.869565217391306,26.76665243381725,20.046968403074295,10.25032023911187
AAPL,2013-12-31,USD,57594000000.0,35748000000.0,21846000000.0,4383000000.0,17463000000.0,1330000000.0,3053000000.0,13072000000.0,37.93103448275862,53.69876174210078,5.653800997945413,14.110908617547512,74.01490947816826,30.32086675695385,22.69680869535021,7.6101677258047715
AAPL,2014-03-31,USD,45646000000.0,27699000000.0,17947000000.0,4354000000.0,13593000000.0,1422000000.0,2932000000.0,10223000000.0,39.31779345397187,-20.745216515609265,4.685457422654404,-0.6616472735569201,-21.794675642594864,29.779170135389737,22.396266923717302,9.538623318582133
AAPL,2014-06-30,USD,37432000000.0,22697000000.0,14735000000.0,4453000000.0,10282000000.0,1603000000.0,2850000000.0,7748000000.0,39.36471468262449,-17.995005038776668,5.970614047504452,2.2737712448323455,-24.21011444781376,27.468476170121818,20.698867279333193,11.896238512502672
AAPL,2014-09-30,USD,42123000000.0,26114000000.0,16009000000.0,4844000000.0,11165000000.0,1686000000.0,1958000000.0,8467000000.0,38.0053652398927,12.532058132079493,12.4119342442357,8.780597350101061,9.279814145585963,26.50570946988581,20.10065759798685,11.499655770006886
AAPL,2014-12-31,USD,74599000000.0,44858000000.0,29741000000.0,5495000000.0,24246000000.0,1895000000.0,3600000000.0,18024000000.0,39.86782664646979,77.09802245803957,29.52564503246866,13.439306358381508,112.87350891697176,32.50177616321935,24.161181785278625,7.366050483250445
AAPL,2015-03-31,USD,58010000000.0,34354000000.0,23656000000.0,5378000000.0,18278000000.0,1918000000.0,3460000000.0,13569000000.0,40.77917600413722,-22.23756350621322,27.08671077421898,-2.1292083712465826,-24.717043941411454,31.508360627478023,23.39079469057059,9.270815376659197
AAPL,2015-06-30,USD,49605000000.0,29924000000.0,19681000000.0,5598000000.0,14083000000.0,2034000000.0,3564000000.0,10677000000.0,39.67543594395726,-14.488881227374595,32.52030348365036,4.090740052063957,-21.313287640946278,28.390283237576856,21.524039915331116,11.285152706380405
AAPL,2015-09-30,USD,51501000000.0,30953000000.0,20548000000.0,5925000000.0,14623000000.0,2220000000.0,3705000000.0,11124000000.0,39.89825440282713,3.8221953432113764,22.26337155473257,5.841371918542326,4.186569261028383,28.39362342478787,21.599580590668143,11.50463097803926
AAPL,2015-12-31,USD,75872000000.0,45449000000.0,30423000000.0,6252000000.0,24171000000.0,2404000000.0,3848000000.0,18361000000.0,40.097796288485874,47.321411234733304,1.7064571911151516,5.518987341772141,65.05753326141676,31.857602277520037,24.19996836777731,8.240194010965837
AAPL,2016-03-31,USD,50557000000.0,30636000000.0,19921000000.0,5934000000.0,13987000000.0,2511000000.0,3423000000.0,10516000000.0,39.403050022746605,-33.36540489245044,-12.847784864678502,-5.086372360844527,-42.72643102227548,27.665802955080405,20.80028482702692,11.737247067666198
AAPL,2016-06-30,USD,42358000000.0,26252000000.0,16106000000.0,6001000000.0,10105000000.0,2560000000.0,3441000000.0,7796000000.0,38.023513858066956,-16.21733884526376,-14.609414373551054,1.129086619480968,-25.86534804108026,23.856178289815382,18.405023844374142,14.167335568251572
AAPL,2016-09-30,USD,46852000000.0,29039000000.0,17813000000.0,6052000000.0,11761000000.0,2570000000.0,3482000000.0,9014000000.0,38.0197216767694,10.60956607960717,-9.027009184287682,0.8498583569405138,15.623396613648023,25.102450268931957,19.239306753180227,12.917271407837447
AAPL,2016-12-31,USD,78351000000.0,48175000000.0,30176000000.0,6817000000.0,23359000000.0,2871000000.0,3946000000.0,17891000000.0,38.51386708529566,67.23085460599334,3.2673450021088124,12.64044943820224,98.48014200133126,29.813276154739572,22.834424576584855,8.700590930556087
AAPL,2017-03-31,USD,52896000000.0,32305000000.0,20591000000.0,6494000000.0,14097000000.0,2776000000.0,3718000000.0,11029000000.0,38.927329098608595,-32.48841750583911,4.626461221987066,-4.738154613466339,-38.354479906098035,26.65040834845735,20.850347852389596,12.276920750151241
AAPL,2017-06-30,USD,45408000000.0,27920000000.0,17488000000.0,6720000000.0,10768000000.0,2937000000.0,3783000000.0,8717000000.0,38.513037350246655,-14.156079854809434,7.2005288257235955,3.4801355097012543,-20.962915948862094,23.713883016208598,19.197057787174067,14.799154334038056
AAPL,2017-09-30,USD,52579000000.0,32648000000.0,19931000000.0,6811000000.0,13120000000.0,2997000000.0,3814000000.0,10714000000.0,37.90676886209323,15.792371388301628,12.22359771194399,1.3541666666666563,22.909257772169322,24.952927975047075,20.376956579623045,12.953840887046159
AAPL,2017-12-31,USD,88293000000.0,54381000000.0,33912000000.0,7638000000.0,26274000000.0,3407000000.0,4231000000.0,20065000000.0,38.408480853521795,67.92445653207555,12.689053107171567,12.142123036264874,87.27832742206458,29.757738439060855,22.725470875380836,8.650742414460941
AAPL,2018-03-31,USD,61137000000.0,37715000000.0,23422000000.0,7528000000.0,15894000000.0,3378000000.0,4150000000.0,13822000000.0,38.310679294044526,-30.756685127926332,15.579627949183305,-1.440167583136942,-31.113879890356344,25.99735021345503,22.608240509020725,12.313329080589495
AAPL,2018-06-30,USD,53265000000.0,32844000000.0,20421000000.0,7809000000.0,12612000000.0,3701000000.0,4108000000.0,11519000000.0,38.33849619825401,-12.875999803719518,17.303118393234662,3.7327311370882077,-16.66184343799739,23.677837228949592,21.625833098657655,14.660658969304421
AAPL,2018-09-30,USD,64040000000.0,39727000000.0,24313000000.0,8688000000.0,15625000000.0,4110000000.0,4216000000.0,13686000000.0,37.96533416614616,20.229043461935614,21.797675878202316,11.256242796772952,18.812396909453955,24.39881324172392,21.37101811367895,13.566520924422237
AAPL,2018-12-31,USD,84310000000.0,52279000000.0,32031000000.0,8685000000.0,23346000000.0,3902000000.0,4783000000.0,19965000000.0,37.99193452733958,31.6520924422236,-4.511116396543324,-0.034530386740327934,45.879000438404205,27.690665401494485,23.680464950776894,10.301269125845096
AAPL,2019-03-31,USD,58015000000.0,36194000000.0,21821000000.0,8406000000.0,13415000000.0,3948000000.0,4458000000.0,11561000000.0,37.61268637421357,-31.18847111849128,-5.106563946546283,-3.2124352331606265,-42.093663911845724,23.12333017323106,19.927604929759546,14.489356200982503
AAPL,2019-06-30,USD,53809000000.0,33582000000.0,20227000000.0,8683000000.0,11544000000.0,4257000000.0,4426000000.0,10044000000.0,37.590365923916075,-7.249849176936996,1.0213085515817122,3.2952652866999665,-13.121702274889714,21.45366016837332,18.666022412607557,16.136705755542753
AAPL,2019-09-30,USD,64040000000.0,39727000000.0,24313000000.0,8688000000.0,15625000000.0,4110000000.0,4578000000.0,13686000000.0,37.96533416614616,19.013547919493014,0.0,0.057583784406300964,36.26045400238949,24.39881324172392,21.37101811367895,13.566520924422237
AAPL,2019-12-31,USD,91819000000.0,56602000000.0,35217000000.0,9648000000.0,25569000000.0,4451000000.0,5197000000.0,22236000000.0,38.35480673934589,43.37757651467833,8.906416795160709,11.049723756906072,62.47259973695747,27.84717759940753,24.21720994565395,10.507629139938357
AAPL,2020-03-31,USD,58313000000.0,35943000000.0,22370000000.0,9517000000.0,12853000000.0,4565000000.0,4952000000.0,11249000000.0,38.36194330595236,-36.49135799780002,0.5136602602775042,-1.3577943615256993,-49.41086526353661,22.041397287054345,19.290724195290927,16.320546018898018
AAPL,2020-06-30,USD,59685000000.0,37005000000.0,22680000000.0,9589000000.0,13091000000.0,4758000000.0,4831000000.0,11253000000.0,37.99949736114602,2.352820125872457,10.920106301919752,0.7565409267626277,0.03555871633034169,21.933484124989526,18.85398341291782,16.066013236156486
AAPL,2020-09-30,USD,64698000000.0,40009000000.0,24689000000.0,9914000000.0,14775000000.0,4978000000.0,4936000000.0,12673000000.0,38.16037590033695,8.399095250062839,1.0274828232354816,3.389300239858173,12.618857193637245,22.83687285542057,19.587931620761072,15.32350304491638
AAPL,2020-12-31,USD,111439000000.0,67111000000.0,44328000000.0,10794000000.0,33534000000.0,5163000000.0,5631000000.0,28755000000.0,39.777815665969726,72.24489165043741,21.368126422635836,8.876336493847091,126.89970804071646,30.091799100853382,25.803354301456405,9.686016565116342
AAPL,2021-03-31,USD,89584000000.0,51505000000.0,38079000000.0,10576000000.0,27503000000.0,5262000000.0,5314000000.0,23630000000.0,42.50647437042329,-19.611626091404265,53.6261211050709,-2.019640541041323,-17.822987306555383,30.700794784782996,26.377478121093052,11.805679585640293
AAPL,2021-06-30,USD,81434000000.0,46179000000.0,35255000000.0,11129000000.0,24126000000.0,5717000000.0,5412000000.0,21744000000.0,43.292727853230836,-9.097606715484908,36.43964145095082,5.228819969742804,-7.9813796022005885,29.626445956234498,26.701377802883318,13.66628189699634
AAPL,2021-09-30,USD,83360000000.0,48186000000.0,35174000000.0,11388000000.0,23786000000.0,5772000000.0,5616000000.0,20551000000.0,42.19529750479846,2.3651054841957952,28.844786546724777,2.3272531224728166,-5.486571008094188,28.534069097888676,24.65331094049904,13.661228406909789
AAPL,2021-12-31,USD,123945000000.0,69702000000.0,54243000000.0,12755000000.0,41488000000.0,6306000000.0,6449000000.0,34630000000.0,43.76376618661503,48.686420345489445,11.222283042740866,12.003863716192487,68.50761520120676,33.47291137197951,27.939812013393038,10.290854814635523
AAPL,2022-03-31,USD,97278000000.0,54719000000.0,42559000000.0,12580000000.0,29979000000.0,6387000000.0,6193000000.0,25010000000.0,43.7498715022924,-21.51518818830933,8.588587247722801,-1.3720109760878119,-27.779382038694777,30.817862209338188,25.709821336787353,12.932009292954213
AAPL,2022-06-30,USD,82959000000.0,47074000000.0,35885000000.0,12809000000.0,23076000000.0,6797000000.0,6012000000.0,19442000000.0,43.25630733253776,-14.719669401097878,1.8726821720657316,1.8203497615262298,-22.263094762095157,27.81615014645789,23.43567304331055,15.440157186079869
AAPL,2022-09-30,USD,90146000000.0,52051000000.0,38095000000.0,13201000000.0,24894000000.0,6761000000.0,6440000000.0,20721000000.0,42.25922392563175,8.663315613736899,8.140595009596918,3.0603481926770204,6.57854130233515,27.615202005635304,22.986044860559538,14.64402191999645
AAPL,2022-12-31,USD,117154000000.0,66822000000.0,50332000000.0,14709000000.0,36016000000.0,7709000000.0,6607000000.0,29998000000.0,42.96225480990832,29.960286646107413,-5.479043123966276,11.423377016892665,44.771005260363886,30.742441572630895,25.60561312460522,12.555269132936136
AAPL,2023-03-31,USD,94836000000.0,52860000000.0,41976000000.0,13594000000.0,28318000000.0,7457000000.0,6201000000.0,24160000000.0,44.261672782487665,-19.050139133106846,-2.5103312156911084,-7.580392956693183,-19.461297419827982,29.859968788223878,25.475557805052933,14.334219072925894
AAPL,2023-06-30,USD,81797000000.0,45384000000.0,36413000000.0,13415000000.0,22998000000.0,7442000000.0,5973000000.0,19881000000.0,44.5163025538834,-13.748998270698888,-1.400691908050966,-1.3167573929674825,-17.711092715231793,28.115945572576013,24.305292370135824,16.400356981307382
AAPL,2023-09-30,USD,89498000000.0,49071000000.0,40427000000.0,13411000000.0,26969000000.0,7307000000.0,6151000000.0,22956000000.0,45.17084180652082,9.41477071286232,-0.7188338916868209,-0.029817368617224282,15.46702882148785,30.133634271156893,25.649735189613175,14.98469239536079
AAPL,2023-12-31,USD,119575000000.0,64720000000.0,54855000000.0,14532000000.0,40373000000.0,7696000000.0,6786000000.0,33916000000.0,45.87497386577462,33.606337571789325,2.066510746538741,8.358809932145261,47.743509322181566,33.7637466025507,28.36378841731131,12.153042023834413
AAPL,2024-03-31,USD,90753000000.0,48482000000.0,42271000000.0,14213000000.0,27900000000.0,7903000000.0,6468000000.0,23636000000.0,46.578074554009234,-24.103700606314028,-4.305327090978106,-2.195155518854941,-30.310178087038565,30.742785362467355,26.044318094167686,15.661190263682743
AAPL,2024-06-30,USD,85777000000.0,46099000000.0,39678000000.0,14326000000.0,25352000000.0,8006000000.0,6320000000.0,21448000000.0,46.2571551814589,-5.483014335614245,4.865704121178038,0.7950467881516987,-9.257065493315286,29.555708406682445,25.004371801298714,16.701446774776453
AAPL,2024-09-30,USD,94930000000.0,51051000000.0,43879000000.0,14288000000.0,29591000000.0,7765000000.0,6523000000.0,14736000000.0,46.22247972190035,10.670692609907096,6.069409372276469,-0.2652519893899252,-31.294293174188738,31.171389444854103,15.523016959865163,15.051090277046244
AAPL,2024-12-31,USD,124300000000.0,66025000000.0,58275000000.0,15443000000.0,42832000000.0,8268000000.0,7175000000.0,36330000000.0,46.882542236524536,30.938586326767094,3.951494877691819,8.083706606942886,146.53908794788273,34.458567980691875,29.227674979887368,12.423974255832663
AAPL,2025-03-31,USD,95359000000.0,50492000000.0,44867000000.0,15278000000.0,29589000000.0,8550000000.0,6728000000.0,24780000000.0,47.050619238876244,-23.283185840707965,5.075314314678292,-1.0684452502752073,-31.79190751445087,31.029058610094484,25.986010759341017,16.02156062878176
AAPL,2025-06-30,USD,94036000000.0,50318000000.0,43718000000.0,15516000000.0,28202000000.0,8866000000.0,6650000000.0,23434000000.0,46.490705687183635,-1.387388710032611,9.628455180293095,1.5577955229742146,-5.431799838579499,29.99064188183249,24.920243311072355,16.500063805351143
AAPL,2025-09-30,USD,102466000000.0,54125000000.0,48341000000.0,15914000000.0,32427000000.0,8866000000.0,7048000000.0,27466000000.0,47.177600374758455,8.964651835467263,7.938480985989682,2.565094096416609,17.205769394896308,31.646594968086976,26.804988971951673,15.53100540667148
AMZN,2005-09-30,USD,1858000000.0,1687000000.0,171000000.0,1803000000.0,55000000.0,121000000.0,32000000.0,30000000.0,9.203444564047363,,,,,2.960172228202368,1.6146393972012916,97.03982777179763
AMZN,2005-12-31,USD,2977000000.0,2692000000.0,285000000.0,2812000000.0,165000000.0,253000000.0,49000000.0,173000000.0,9.573396036278133,60.22604951560817,,55.962285080421516,476.6666666666667,5.542492442055761,5.811219348337252,94.45750755794424
AMZN,2006-03-31,USD,2279000000.0,2071000000.0,208000000.0,2173000000.0,106000000.0,146000000.0,45000000.0,51000000.0,9.12681000438789,-23.446422573060133,,-22.72403982930299,-70.52023121387283,4.651162790697675,2.237823606845107,95.34883720930233
AMZN,2006-06-30,USD,2139000000.0,1986000000.0,153000000.0,2092000000.0,47000000.0,167000000.0,50000000.0,22000000.0,7.152875175315568,-6.1430451952610765,,-3.7275655775425687,-56.86274509803921,2.1972884525479195,1.0285179990649838,97.80271154745208
AMZN,2006-09-30,USD,2307000000.0,2147000000.0,160000000.0,2267000000.0,40000000.0,172000000.0,54000000.0,19000000.0,6.9354139575205895,7.854137447405329,24.165769644779324,8.365200764818347,-13.636363636363635,1.7338534893801474,0.8235804074555699,98.26614651061986
AMZN,2006-12-31,USD,3986000000.0,3651000000.0,335000000.0,3789000000.0,197000000.0,177000000.0,45000000.0,97000000.0,8.404415454089314,72.77850021673169,33.8931810547531,67.13718570798413,410.5263157894737,4.942298043151029,2.4335173105870544,95.05770195684897
AMZN,2007-03-31,USD,3015000000.0,2742000000.0,273000000.0,2870000000.0,145000000.0,186000000.0,56000000.0,111000000.0,9.054726368159203,-24.360260913196186,32.29486616937254,-24.25442069147532,14.432989690721643,4.809286898839138,3.681592039800995,95.19071310116087
AMZN,2007-06-30,USD,2886000000.0,2644000000.0,242000000.0,2770000000.0,116000000.0,201000000.0,58000000.0,78000000.0,8.385308385308385,-4.278606965174125,34.922861150070126,-3.484320557491294,-29.729729729729726,4.0194040194040195,2.7027027027027026,95.98059598059598
AMZN,2007-09-30,USD,3262000000.0,3005000000.0,257000000.0,3139000000.0,123000000.0,209000000.0,57000000.0,80000000.0,7.878602084610669,13.028413028413022,41.39575205895103,13.32129963898916,2.564102564102555,3.7706928264868176,2.452483139178418,96.22930717351318
AMZN,2007-12-31,USD,5672000000.0,5201000000.0,471000000.0,5401000000.0,271000000.0,222000000.0,64000000.0,207000000.0,8.30394922425952,73.88105456774984,42.29804315102861,72.06116597642563,158.75,4.777856135401975,3.6495063469675597,95.22214386459802
AMZN,2008-03-31,USD,4135000000.0,3767000000.0,368000000.0,3937000000.0,198000000.0,234000000.0,61000000.0,143000000.0,8.899637243047158,-27.09802538787024,37.14759535655059,-27.106091464543603,-30.917874396135268,4.788391777509069,3.4582829504232167,95.21160822249092
AMZN,2008-06-30,USD,4063000000.0,3715000000.0,348000000.0,3846000000.0,217000000.0,258000000.0,74000000.0,158000000.0,8.56509968003938,-1.7412333736396612,40.78309078309079,-2.3114046228092433,10.48951048951048,5.340881122323406,3.888752153581098,94.65911887767659
AMZN,2008-09-30,USD,4264000000.0,3922000000.0,342000000.0,4110000000.0,154000000.0,264000000.0,73000000.0,118000000.0,8.02063789868668,4.947083435884814,30.717351318209694,6.864274570982842,-25.31645569620253,3.6116322701688555,2.7673545966228894,96.38836772983115
AMZN,2008-12-31,USD,6704000000.0,6182000000.0,522000000.0,6431000000.0,273000000.0,277000000.0,71000000.0,225000000.0,7.786396181384249,57.2232645403377,18.194640338504932,56.472019464720205,90.67796610169492,4.072195704057279,3.356205250596659,95.92780429594272
AMZN,2009-03-31,USD,4889000000.0,4438000000.0,451000000.0,4645000000.0,244000000.0,275000000.0,68000000.0,177000000.0,9.224790345673963,-27.07338902147971,18.23458282950423,-27.771730679521067,-21.333333333333336,4.9907956637349145,3.620372264266721,95.00920433626509
AMZN,2009-06-30,USD,4651000000.0,4226000000.0,425000000.0,4492000000.0,159000000.0,299000000.0,77000000.0,142000000.0,9.13781982369383,-4.868071180200451,14.47206497661826,-3.2938643702906334,-19.774011299435024,3.418619651687809,3.053106858740056,96.5813803483122
AMZN,2009-09-30,USD,5449000000.0,4957000000.0,492000000.0,5198000000.0,251000000.0,315000000.0,83000000.0,199000000.0,9.02917966599376,17.157600516018068,27.790806754221386,15.716829919857522,40.14084507042253,4.606349788952102,3.6520462470178012,95.3936502110479
AMZN,2009-12-31,USD,9520000000.0,8648000000.0,872000000.0,9044000000.0,476000000.0,1240000000.0,100000000.0,384000000.0,9.159663865546218,74.71095613874105,42.00477326968974,73.9899961523663,92.96482412060301,5.0,4.033613445378151,95.0
AMZN,2010-03-31,USD,7131000000.0,6413000000.0,718000000.0,6737000000.0,394000000.0,366000000.0,97000000.0,299000000.0,10.068714065348479,-25.09453781512605,45.858048680711796,-25.508624502432554,-22.135416666666664,5.525171785163371,4.192960314121442,94.47482821483662
AMZN,2010-06-30,USD,6566000000.0,5947000000.0,619000000.0,6296000000.0,270000000.0,408000000.0,113000000.0,207000000.0,9.427353030764545,-7.923152433038849,41.17394108793808,-6.545940329523525,-30.76923076923077,4.112092598233323,3.1526043253122147,95.88790740176668
AMZN,2010-09-30,USD,7560000000.0,6908000000.0,652000000.0,7292000000.0,268000000.0,442000000.0,117000000.0,231000000.0,8.624338624338625,15.138592750533043,38.74105340429437,15.819567979669635,11.594202898550732,3.5449735449735447,3.0555555555555554,96.45502645502646
AMZN,2010-12-31,USD,12947000000.0,11926000000.0,1021000000.0,12473000000.0,474000000.0,884000000.0,143000000.0,416000000.0,7.885996756005252,71.25661375661376,35.99789915966387,71.05046626439935,80.0865800865801,3.661079786823202,3.21309955974357,96.33892021317679
AMZN,2011-03-31,USD,9857000000.0,9042000000.0,815000000.0,9535000000.0,322000000.0,579000000.0,133000000.0,201000000.0,8.268235771532922,-23.866532787518345,38.2274575795821,-23.55487853764131,-51.682692307692314,3.266714010347976,2.0391599878259106,96.73328598965203
AMZN,2011-06-30,USD,9913000000.0,9164000000.0,749000000.0,9712000000.0,201000000.0,698000000.0,166000000.0,191000000.0,7.555734893574094,0.5681241757126809,50.97471824550717,1.8563188253801766,-4.975124378109452,2.0276404721073336,1.9267628366791083,97.97235952789266
AMZN,2011-09-30,USD,10876000000.0,10215000000.0,661000000.0,10797000000.0,79000000.0,769000000.0,175000000.0,63000000.0,6.0776020595807285,9.714516291738118,43.86243386243387,11.171746293245466,-67.01570680628272,0.7263699889665318,0.5792570798087532,99.27363001103346
AMZN,2011-12-31,USD,17431000000.0,16351000000.0,1080000000.0,17171000000.0,260000000.0,863000000.0,184000000.0,177000000.0,6.195857954219494,60.27031997057741,34.63350583146676,59.03491710660369,180.95238095238093,1.4915954334232115,1.015432275830417,98.50840456657679
AMZN,2012-03-31,USD,13185000000.0,12267000000.0,918000000.0,12993000000.0,192000000.0,945000000.0,200000000.0,130000000.0,6.96245733788396,-24.358900808903673,33.76280815663995,-24.331722089569617,-26.55367231638418,1.4562002275312855,0.9859689040576414,98.54379977246872
AMZN,2012-06-30,USD,12834000000.0,11926000000.0,908000000.0,12727000000.0,107000000.0,1082000000.0,232000000.0,7000000.0,7.074957145083373,-2.662116040955631,29.46635730858469,-2.0472562148849405,-94.61538461538461,0.8337229234844944,0.05454262116253701,99.16627707651551
AMZN,2012-09-30,USD,13806000000.0,10319000000.0,3487000000.0,13834000000.0,-28000000.0,85000000.0,230000000.0,-274000000.0,25.25713457916848,7.573632538569419,26.94005148951821,8.698043529504208,-4014.2857142857147,-0.20281037230189775,-1.9846443575257136,100.2028103723019
AMZN,2012-12-31,USD,21268000000.0,16137000000.0,5131000000.0,20863000000.0,405000000.0,94000000.0,235000000.0,98000000.0,24.125446680458907,54.04896421845575,22.01250645401871,50.809599537371696,-135.76642335766422,1.9042693248072222,0.46078615760767355,98.09573067519278
AMZN,2013-03-31,USD,16070000000.0,11801000000.0,4269000000.0,15889000000.0,181000000.0,101000000.0,246000000.0,82000000.0,26.56502800248911,-24.440473951476392,21.88092529389458,-23.841250059914685,-16.326530612244895,1.1263223397635347,0.5102675793403858,98.87367766023647
AMZN,2013-06-30,USD,15704000000.0,11209000000.0,4495000000.0,15625000000.0,79000000.0,107000000.0,286000000.0,-7000000.0,28.623280692817115,-2.2775357809583063,22.362474676640165,-1.6615268424696295,-108.53658536585367,0.5030565461029037,-0.0445746306673459,99.49694345389709
AMZN,2013-09-30,USD,17092000000.0,12366000000.0,4726000000.0,17117000000.0,-25000000.0,117000000.0,278000000.0,-41000000.0,27.65036274280365,8.838512480896576,23.801245835144137,9.548800000000002,485.71428571428567,-0.1462672595366253,-0.23987830564006551,100.14626725953661
AMZN,2013-12-31,USD,25587000000.0,18806000000.0,6781000000.0,25077000000.0,510000000.0,125000000.0,318000000.0,240000000.0,26.50173916441943,49.70161479054529,20.307504231709615,46.503476076415254,-685.3658536585366,1.9931996717082894,0.9379763160980185,98.0068003282917
AMZN,2014-03-31,USD,19741000000.0,14055000000.0,5686000000.0,19595000000.0,146000000.0,133000000.0,327000000.0,108000000.0,28.802998834912113,-22.84753976628757,22.84380833851898,-21.860669139051726,-55.00000000000001,0.7395775290005572,0.5470847474798642,99.26042247099944
AMZN,2014-06-30,USD,19340000000.0,13399000000.0,5941000000.0,19355000000.0,-15000000.0,139000000.0,377000000.0,-126000000.0,30.718717683557394,-2.0313054049946766,23.153336729495667,-1.2248022454707796,-216.66666666666669,-0.07755946225439503,-0.6514994829369183,100.07755946225438
AMZN,2014-09-30,USD,20579000000.0,14627000000.0,5952000000.0,21123000000.0,-544000000.0,138000000.0,406000000.0,-437000000.0,28.922688177268093,6.406411582213023,20.401357360168504,9.13459054507879,246.82539682539684,-2.6434715000728897,-2.1235239807570827,102.64347150007289
AMZN,2014-12-31,USD,29329000000.0,20672000000.0,8657000000.0,28739000000.0,590000000.0,148000000.0,442000000.0,214000000.0,29.51686044529305,42.51907284124592,14.624614061828268,36.055484542915295,-148.97025171624713,2.011660813529271,0.7296532442292611,97.98833918647072
AMZN,2015-03-31,USD,22717000000.0,15395000000.0,7322000000.0,22462000000.0,255000000.0,152000000.0,427000000.0,-57000000.0,32.231368578597525,-22.544239489924646,15.075224152778489,-21.841400187897975,-126.63551401869158,1.1225073733327464,-0.25091341286261387,98.87749262666725
AMZN,2015-06-30,USD,23185000000.0,15160000000.0,8025000000.0,22721000000.0,464000000.0,157000000.0,467000000.0,92000000.0,34.61289626913953,2.0601311792930455,19.88107549120992,1.1530584987979653,-261.4035087719298,2.0012939400474448,0.3968082812163037,97.99870605995255
AMZN,2015-09-30,USD,25358000000.0,16755000000.0,8603000000.0,24952000000.0,406000000.0,159000000.0,463000000.0,79000000.0,33.92617714330783,9.372439076989437,23.222702755235925,9.819110074380522,-14.130434782608692,1.6010726397980914,0.31153876488682075,98.39892736020191
AMZN,2015-12-31,USD,35747000000.0,24341000000.0,11406000000.0,34638000000.0,1109000000.0,167000000.0,390000000.0,482000000.0,31.907572663440288,40.96931934695165,21.882778137679427,38.81853158063482,510.12658227848095,3.102358239852295,1.3483648977536578,96.8976417601477
AMZN,2016-03-31,USD,29128000000.0,18866000000.0,10262000000.0,28057000000.0,1071000000.0,161000000.0,497000000.0,513000000.0,35.2307058500412,-18.51623912496153,28.221155962495036,-18.999364859402966,6.431535269709543,3.6768744850315844,1.761191980225213,96.32312551496841
AMZN,2016-06-30,USD,30404000000.0,19180000000.0,11224000000.0,29119000000.0,1285000000.0,160000000.0,580000000.0,857000000.0,36.91619523746875,4.380664652567967,31.136510675005404,3.7851516555583276,67.05653021442495,4.2264175766346535,2.818708064728325,95.77358242336534
AMZN,2016-09-30,USD,32714000000.0,21260000000.0,11454000000.0,32139000000.0,575000000.0,160000000.0,639000000.0,252000000.0,35.012532860549,7.59768451519538,29.008596892499416,10.371235275936662,-70.59509918319719,1.7576572721159138,0.7703124044751483,98.2423427278841
AMZN,2016-12-31,USD,43741000000.0,62663000000.0,-18922000000.0,42486000000.0,1255000000.0,999000000.0,717000000.0,749000000.0,-43.25918474657644,33.70728128629945,22.362715752370832,32.19453001026791,197.22222222222223,2.8691616561121145,1.7123522553210948,97.13083834388789
AMZN,2017-03-31,USD,35714000000.0,22440000000.0,13274000000.0,34709000000.0,1005000000.0,4402000000.0,795000000.0,724000000.0,37.16749733997872,-18.351203676184813,22.61054655314474,-18.304853363460904,-3.337783711615483,2.8140225121800975,2.027216217729742,97.18597748781991
AMZN,2017-06-30,USD,37955000000.0,23451000000.0,14504000000.0,37327000000.0,628000000.0,145000000.0,874000000.0,197000000.0,38.21367408773548,6.274850198801585,24.83554795421654,7.542712264830453,-72.79005524861878,1.6545909629824793,0.5190357001712554,98.34540903701752
AMZN,2017-09-30,USD,43744000000.0,27549000000.0,16195000000.0,43397000000.0,347000000.0,128000000.0,960000000.0,256000000.0,37.022220190197515,15.252272427875123,33.716451672067,16.26168725051571,29.949238578680195,0.7932516459400147,0.5852231163130944,99.20674835405998
AMZN,2017-12-31,USD,60453000000.0,38494000000.0,21959000000.0,58326000000.0,2127000000.0,221000000.0,1044000000.0,1856000000.0,36.324086480406265,38.19723847841989,38.206716810315264,34.400995460515695,625.0,3.518435809637239,3.0701536731014176,96.48156419036276
AMZN,2018-03-31,USD,51042000000.0,30735000000.0,20307000000.0,49115000000.0,1927000000.0,5968000000.0,1067000000.0,1629000000.0,39.78488303749853,-15.567465634459833,42.91874334994681,-15.792271028357852,-12.230603448275868,3.7753222836095763,3.1914893617021276,96.22467771639043
AMZN,2018-06-30,USD,52886000000.0,30632000000.0,22254000000.0,49903000000.0,2983000000.0,6432000000.0,1111000000.0,2534000000.0,42.07918919941005,3.6127111006621915,39.33869055460413,1.604397841799865,55.55555555555556,5.640434141360663,4.791438187800174,94.35956585863934
AMZN,2018-09-30,USD,56576000000.0,33003000000.0,23573000000.0,52852000000.0,3724000000.0,6303000000.0,1041000000.0,2883000000.0,41.66607748868778,6.9772718677910905,29.334308705193845,5.909464360860062,13.772691397000791,6.582296380090498,5.095800339366516,93.4177036199095
AMZN,2018-12-31,USD,72383000000.0,44786000000.0,27597000000.0,68597000000.0,3786000000.0,1452000000.0,1117000000.0,3027000000.0,38.12635563599188,27.93940893665159,19.734339073329686,29.79073639597367,4.994797086368363,5.230509926363925,4.181921169335341,94.76949007363608
AMZN,2019-03-31,USD,59700000000.0,33920000000.0,25780000000.0,55280000000.0,4420000000.0,6841000000.0,1173000000.0,3561000000.0,43.18257956448911,-17.52207009933272,16.962501469378168,-19.413385425018593,17.641228939544096,7.403685092127303,5.964824120603015,92.5963149078727
AMZN,2019-06-30,USD,63404000000.0,36337000000.0,27067000000.0,60320000000.0,3084000000.0,7910000000.0,1270000000.0,2625000000.0,42.689735663365084,6.204355108877713,19.888061112581788,9.117221418234433,-26.28475147430497,4.864046432401741,4.140117342754401,95.13595356759826
AMZN,2019-09-30,USD,69981000000.0,41302000000.0,28679000000.0,66961000000.0,3020000000.0,8022000000.0,1348000000.0,2134000000.0,40.981123447792974,10.373162576493588,23.693792420814486,11.00961538461538,-18.704761904761902,4.31545705262857,3.0493991226189965,95.68454294737143
AMZN,2019-12-31,USD,87436000000.0,66169000000.0,21267000000.0,17322000000.0,3880000000.0,9740000000.0,7583000000.0,3268000000.0,24.322933345532732,24.942484388619768,20.796319577801412,-74.13121070473858,53.13964386129335,4.43753145157601,3.7375909236470104,19.811061805206094
AMZN,2020-03-31,USD,75452000000.0,44257000000.0,31195000000.0,27134027000.0,3989000000.0,7993000000.0,1452000000.0,2535000000.0,41.34416582728092,-13.706024978269815,26.385259631490786,56.64488511719201,-22.429620563035492,5.286804856067433,3.3597518952446586,35.961971849652755
AMZN,2020-06-30,USD,88912000000.0,52660000000.0,36252000000.0,30326583000.0,5843000000.0,8945000000.0,1580000000.0,5243000000.0,40.77289904624797,17.83915601972115,40.230900258658764,11.765876108253304,106.82445759368835,6.571666366744647,5.896841821126507,34.108537655209645
AMZN,2020-09-30,USD,96145000000.0,57106000000.0,39039000000.0,32756065000.0,6194000000.0,9334000000.0,1668000000.0,6331000000.0,40.604295595194756,8.13500989742666,37.38729083608408,8.011064088558872,20.751478161358005,6.442352696448072,6.584845805814135,34.06944198866296
AMZN,2020-12-31,USD,125555000000.0,79284000000.0,46271000000.0,39386131800.0,6873000000.0,5242000000.0,1968000000.0,7222000000.0,36.853171916689895,30.589214207707105,43.59645912438812,20.2407303807707,14.073606065392518,5.47409501811955,5.752060849826769,31.369624308072158
AMZN,2021-03-31,USD,108518000000.0,62403000000.0,46115000000.0,37152039000.0,8865000000.0,10584000000.0,1987000000.0,8107000000.0,42.49525424353563,-13.569352076779095,43.823888034777084,-5.672282851600063,12.25422320686791,8.169151661475516,7.470650030409702,34.235830922059016
AMZN,2021-06-30,USD,113080000000.0,64176000000.0,48904000000.0,41097895000.0,7702000000.0,11794000000.0,2158000000.0,7778000000.0,43.247258577997876,4.203910871929084,27.181932697498645,10.620832950783665,-4.058221290243003,6.811107180756987,6.87831623629289,36.34408825610188
AMZN,2021-09-30,USD,110812000000.0,62930000000.0,47882000000.0,42923873000.0,4852000000.0,12097000000.0,2153000000.0,3156000000.0,43.210121647475006,-2.0056597099398665,15.255083467679032,4.442996411373379,-59.42401645667267,4.3785871566256365,2.8480669963541856,38.73576237230625
AMZN,2021-12-31,USD,137412000000.0,82835000000.0,54577000000.0,50983048000.0,3460000000.0,2001000000.0,2525000000.0,14323000000.0,39.71778301749483,24.004620438219693,9.44367010473497,18.775507513033606,353.83396704689477,2.517975140453527,10.423398247605741,37.102325852181764
AMZN,2022-03-31,USD,116444000000.0,66499000000.0,49945000000.0,46154654000.0,3669000000.0,12270000000.0,2594000000.0,-3844000000.0,42.891862182680086,-15.259220446540333,7.303857424574733,-9.470587164580667,-126.83795294281923,3.1508708048504004,-3.3011576380062517,39.63678162893752
AMZN,2022-06-30,USD,121234000000.0,66424000000.0,54810000000.0,51369526000.0,3317000000.0,15468000000.0,2903000000.0,-2028000000.0,45.21008957883102,4.113565318951595,7.210824195260002,11.298691568568575,-47.24245577523413,2.7360311463780786,-1.6727980599501788,42.372210765956744
AMZN,2022-09-30,USD,127101000000.0,70268000000.0,56833000000.0,54184180000.0,2525000000.0,16787000000.0,3061000000.0,2872000000.0,44.71483308549893,4.839401488031414,14.699671515720315,5.479229066664937,-241.61735700197235,1.986609074672898,2.2596203019645795,42.630805422459304
AMZN,2022-12-31,USD,149204000000.0,85640000000.0,63564000000.0,60258000000.0,2547000000.0,3653000000.0,3333000000.0,278000000.0,42.6020750113938,17.39010708019606,8.581492154979188,11.209581837355476,-90.32033426183844,1.7070587919894908,0.18632208251789495,40.386316720731344
AMZN,2023-03-31,USD,127358000000.0,67791000000.0,59567000000.0,54570000000.0,4774000000.0,17420000000.0,3043000000.0,3172000000.0,46.77130608206787,-14.641698613978182,9.37274569750266,-9.439410534700787,1041.0071942446043,3.7484885126964933,2.4906170008951145,42.84772059862749
AMZN,2023-06-30,USD,134383000000.0,69373000000.0,65010000000.0,57183000000.0,7681000000.0,18829000000.0,3202000000.0,6750000000.0,48.376654785203485,5.51594717253725,10.845967302901816,4.788345244639913,112.79949558638083,5.715752736581264,5.022956772806085,42.552257353980785
AMZN,2023-09-30,USD,143083000000.0,75022000000.0,68061000000.0,56629000000.0,11188000000.0,21203000000.0,2561000000.0,9879000000.0,47.56749578915734,6.4740331738389445,12.5742519728405,-0.9688194043684262,46.35555555555555,7.819237785061817,6.904384168629398,39.57772761264441
AMZN,2023-12-31,USD,169961000000.0,92553000000.0,77408000000.0,64045000000.0,13209000000.0,22038000000.0,3010000000.0,10624000000.0,45.544566106342046,18.78490107140611,13.911825420230016,13.09576365466456,7.541249114282822,7.771782938438819,6.250845782267697,37.68217414583346
AMZN,2024-03-31,USD,143313000000.0,72633000000.0,70680000000.0,55145000000.0,15307000000.0,16960000000.0,2742000000.0,10431000000.0,49.318624269954576,-15.678891039709109,12.527677884388888,-13.89647903817628,-1.8166415662650648,10.680817511321374,7.278474388227167,38.47871442227851
AMZN,2024-06-30,USD,147977000000.0,73785000000.0,74192000000.0,59423000000.0,14769000000.0,22304000000.0,3041000000.0,13485000000.0,50.137521371564496,3.2544151612205363,10.11586286955939,7.757729621905884,29.278113316077082,9.980605094034884,9.11290268082202,40.15691627752961
AMZN,2024-09-30,USD,158877000000.0,80977000000.0,77900000000.0,60489000000.0,17411000000.0,22245000000.0,2713000000.0,15328000000.0,49.031640829069026,7.366009582570254,11.038348371225105,1.793918179829368,13.667037449017428,10.95879202150091,9.647714898946983,38.072848807568114
AMZN,2024-12-31,USD,187792000000.0,98893000000.0,88899000000.0,67696000000.0,21203000000.0,23571000000.0,2863000000.0,20004000000.0,47.339077276987304,18.199613537516445,10.49123034107824,11.914562978392773,30.50626304801669,11.29068330919315,10.652210956803271,36.048393967794155
AMZN,2025-03-31,USD,155667000000.0,76976000000.0,78691000000.0,60286000000.0,18405000000.0,22994000000.0,2628000000.0,17127000000.0,50.55085535148747,-17.106692510863088,8.620292646166083,-10.945993854880642,-14.382123575284943,11.823315153500742,11.00233190078822,38.72754019798673
AMZN,2025-06-30,USD,167702000000.0,80809000000.0,86893000000.0,67722000000.0,19171000000.0,27166000000.0,2965000000.0,18164000000.0,51.813931855314785,7.731246828165239,13.329774221669588,12.334538698868736,6.054767326443633,11.431586981669867,10.831117100571252,40.38234487364492
AMZN,2025-09-30,USD,180169000000.0,88670000000.0,91499000000.0,74077000000.0,17422000000.0,28962000000.0,2875000000.0,21187000000.0,50.78509621522015,7.434019868576414,13.401562214795092,9.383952039219157,16.64280995375469,9.669810011711228,11.759514677885763,41.11528620350893
AVGO,2008-01-31,USD,402000000.0,0.0,0.0,0.0,0.0,66000000.0,116000000.0,4000000.0,0.0,,,,,0.0,0.9950248756218906,0.0
AVGO,2008-04-30,USD,411000000.0,432000000.0,0.0,0.0,78000000.0,62000000.0,110000000.0,17000000.0,0.0,2.238805970149249,,,325.0,18.97810218978102,4.13625304136253,0.0
AVGO,2008-07-31,USD,439000000.0,268000000.0,171000000.0,127000000.0,44000000.0,68000000.0,50000000.0,44000000.0,38.95216400911162,6.812652068126512,,inf,158.82352941176472,10.022779043280181,10.022779043280181,28.929384965831435
AVGO,2008-10-31,USD,447000000.0,279000000.0,168000000.0,125000000.0,43000000.0,69000000.0,48000000.0,18000000.0,37.58389261744966,1.8223234624145768,,-1.5748031496062964,-59.09090909090908,9.619686800894854,4.026845637583892,27.96420581655481
AVGO,2009-01-31,USD,368000000.0,225000000.0,143000000.0,113000000.0,30000000.0,62000000.0,40000000.0,6000000.0,38.858695652173914,-17.67337807606264,-8.457711442786064,-9.599999999999998,-66.66666666666667,8.152173913043478,1.6304347826086956,30.706521739130434
AVGO,2009-04-30,USD,325000000.0,227000000.0,98000000.0,109000000.0,-11000000.0,59000000.0,42000000.0,-31000000.0,30.153846153846153,-11.684782608695654,-20.92457420924574,-3.539823008849563,-616.6666666666667,-3.3846153846153846,-9.538461538461538,33.53846153846154
AVGO,2009-07-31,USD,363000000.0,222000000.0,141000000.0,117000000.0,24000000.0,59000000.0,40000000.0,2000000.0,38.84297520661157,11.69230769230769,-17.312072892938502,7.339449541284404,-106.4516129032258,6.6115702479338845,0.5509641873278237,32.231404958677686
AVGO,2009-10-31,USD,428000000.0,250000000.0,178000000.0,173000000.0,5000000.0,65000000.0,47000000.0,-21000000.0,41.58878504672897,17.906336088154262,-4.250559284116329,47.86324786324787,-1150.0,1.1682242990654206,-4.906542056074766,40.42056074766355
AVGO,2010-01-31,USD,456000000.0,262000000.0,194000000.0,115000000.0,78000000.0,64000000.0,46000000.0,38000000.0,42.54385964912281,6.542056074766345,23.913043478260864,-33.52601156069365,-280.9523809523809,17.105263157894736,8.333333333333332,25.219298245614034
AVGO,2010-04-30,USD,515000000.0,282000000.0,233000000.0,124000000.0,108000000.0,70000000.0,48000000.0,90000000.0,45.24271844660194,12.938596491228061,58.46153846153845,7.826086956521738,136.84210526315786,20.97087378640777,17.475728155339805,24.07766990291262
AVGO,2010-07-31,USD,550000000.0,287000000.0,263000000.0,127000000.0,135000000.0,71000000.0,51000000.0,123000000.0,47.81818181818182,6.796116504854366,51.515151515151516,2.4193548387096753,36.66666666666667,24.545454545454547,22.363636363636363,23.09090909090909
AVGO,2010-10-31,USD,572000000.0,296000000.0,276000000.0,131000000.0,145000000.0,75000000.0,51000000.0,164000000.0,48.25174825174825,4.0000000000000036,33.64485981308412,3.149606299212593,33.33333333333333,25.34965034965035,28.671328671328673,22.9020979020979
AVGO,2011-01-31,USD,550000000.0,279000000.0,271000000.0,129000000.0,142000000.0,73000000.0,50000000.0,119000000.0,49.27272727272727,-3.8461538461538436,20.61403508771931,-1.526717557251911,-27.439024390243905,25.818181818181817,21.636363636363637,23.454545454545457
AVGO,2011-04-30,USD,560000000.0,285000000.0,275000000.0,136000000.0,138000000.0,76000000.0,55000000.0,135000000.0,49.107142857142854,1.8181818181818077,8.737864077669899,5.4263565891472965,13.4453781512605,24.642857142857146,24.107142857142858,24.285714285714285
AVGO,2011-07-31,USD,603000000.0,306000000.0,297000000.0,150000000.0,145000000.0,85000000.0,60000000.0,144000000.0,49.25373134328358,7.6785714285714235,9.636363636363644,10.294117647058831,6.666666666666665,24.046434494195687,23.88059701492537,24.875621890547265
AVGO,2011-10-31,USD,623000000.0,319000000.0,304000000.0,144000000.0,159000000.0,83000000.0,55000000.0,154000000.0,48.796147672552166,3.316749585406309,8.916083916083917,-4.0000000000000036,6.944444444444442,25.52166934189406,24.719101123595504,23.113964686998393
AVGO,2012-01-31,USD,563000000.0,293000000.0,270000000.0,137000000.0,132000000.0,82000000.0,50000000.0,125000000.0,47.95737122557727,-9.630818619582659,2.3636363636363678,-4.861111111111116,-18.83116883116883,23.44582593250444,22.202486678507995,24.33392539964476
AVGO,2012-04-30,USD,577000000.0,299000000.0,278000000.0,140000000.0,137000000.0,84000000.0,51000000.0,134000000.0,48.18024263431543,2.48667850799289,3.035714285714275,2.1897810218978186,7.200000000000006,23.743500866551127,23.223570190641247,24.263431542461007
AVGO,2012-07-31,USD,606000000.0,311000000.0,295000000.0,144000000.0,149000000.0,89000000.0,49000000.0,145000000.0,48.67986798679868,5.025996533795496,0.4975124378109541,2.857142857142847,8.208955223880587,24.58745874587459,23.927392739273927,23.762376237623762
AVGO,2012-10-31,USD,618000000.0,319000000.0,299000000.0,134000000.0,164000000.0,80000000.0,49000000.0,159000000.0,48.381877022653725,1.980198019801982,-0.8025682182985605,-6.944444444444442,9.6551724137931,26.537216828478964,25.728155339805824,21.68284789644013
AVGO,2013-01-31,USD,576000000.0,300000000.0,276000000.0,151000000.0,124000000.0,93000000.0,53000000.0,125000000.0,47.91666666666667,-6.796116504854366,2.3090586145648295,12.686567164179108,-21.383647798742132,21.52777777777778,21.70138888888889,26.21527777777778
AVGO,2013-04-30,USD,562000000.0,290000000.0,272000000.0,153000000.0,118000000.0,95000000.0,52000000.0,113000000.0,48.39857651245551,-2.430555555555558,-2.5996533795493937,1.324503311258285,-9.599999999999998,20.99644128113879,20.106761565836297,27.22419928825623
AVGO,2013-07-31,USD,644000000.0,340000000.0,304000000.0,164000000.0,140000000.0,101000000.0,57000000.0,142000000.0,47.20496894409938,14.590747330960863,6.270627062706269,7.189542483660127,25.663716814159287,21.73913043478261,22.049689440993788,25.465838509316768
AVGO,2013-10-31,USD,738000000.0,392000000.0,346000000.0,176000000.0,170000000.0,109000000.0,60000000.0,172000000.0,46.883468834688344,14.596273291925478,19.41747572815533,7.317073170731714,21.126760563380277,23.035230352303522,23.306233062330623,23.848238482384822
AVGO,2014-01-31,USD,709000000.0,370000000.0,339000000.0,200000000.0,139000000.0,107000000.0,74000000.0,134000000.0,47.81382228490832,-3.9295392953929587,23.090277777777768,13.636363636363647,-22.093023255813947,19.605077574047954,18.899858956276447,28.208744710860366
AVGO,2014-04-30,USD,701000000.0,344000000.0,357000000.0,197000000.0,160000000.0,114000000.0,67000000.0,158000000.0,50.92724679029958,-1.128349788434413,24.733096085409258,-1.5000000000000013,17.910447761194035,22.82453637660485,22.53922967189729,28.10271041369472
AVGO,2014-07-31,USD,1269000000.0,876000000.0,393000000.0,555000000.0,-162000000.0,240000000.0,137000000.0,-164000000.0,30.969267139479907,81.02710413694723,97.04968944099379,181.7258883248731,-203.7974683544304,-12.76595744680851,-12.923561859732072,43.73522458628842
AVGO,2014-10-31,USD,1590000000.0,802000000.0,788000000.0,487000000.0,301000000.0,234000000.0,129000000.0,135000000.0,49.55974842767296,25.295508274231683,115.4471544715447,-12.25225225225225,-182.3170731707317,18.930817610062896,8.49056603773585,30.628930817610062
AVGO,2015-01-31,USD,1635000000.0,809000000.0,826000000.0,425000000.0,401000000.0,235000000.0,117000000.0,351000000.0,50.51987767584097,2.8301886792452935,130.60648801128352,-12.73100616016427,160.0,24.52599388379205,21.467889908256883,25.993883792048926
AVGO,2015-04-30,USD,1614000000.0,768000000.0,846000000.0,428000000.0,418000000.0,251000000.0,108000000.0,344000000.0,52.41635687732342,-1.2844036697247652,130.2425106990014,0.7058823529411784,-1.9943019943019946,25.89838909541512,21.313506815365553,26.517967781908304
AVGO,2015-07-31,USD,1735000000.0,851000000.0,884000000.0,585000000.0,299000000.0,276000000.0,143000000.0,240000000.0,50.951008645533136,7.496902106567527,36.72182821118992,36.68224299065421,-30.23255813953488,17.23342939481268,13.8328530259366,33.71757925072046
AVGO,2015-10-31,USD,1840000000.0,843000000.0,997000000.0,483000000.0,514000000.0,287000000.0,118000000.0,429000000.0,54.18478260869565,6.051873198847257,15.723270440251568,-17.43589743589744,78.75000000000001,27.934782608695652,23.315217391304348,26.25
AVGO,2016-01-31,USD,1771000000.0,830000000.0,941000000.0,466000000.0,475000000.0,267000000.0,114000000.0,377000000.0,53.13382269904009,-3.749999999999998,8.318042813455651,-3.5196687370600444,-12.121212121212121,26.82100508187465,21.287408243929985,26.312817617165447
AVGO,2016-04-30,USD,3541000000.0,2495000000.0,1046000000.0,2047000000.0,-1001000000.0,787000000.0,238000000.0,-1186000000.0,29.539678057046032,99.94353472614341,119.39281288723666,339.2703862660944,-414.5888594164456,-28.268850607173114,-33.49336345665066,57.80852866421915
AVGO,2016-07-31,USD,3792000000.0,2010000000.0,1782000000.0,2046000000.0,-264000000.0,814000000.0,230000000.0,-298000000.0,46.99367088607595,7.088393109291169,118.55907780979828,-0.04885197850512668,-74.87352445193929,-6.962025316455696,-7.858649789029536,53.95569620253164
AVGO,2016-10-31,USD,4136000000.0,1965000000.0,2171000000.0,1790000000.0,381000000.0,806000000.0,224000000.0,-632000000.0,52.49032882011605,9.071729957805896,124.78260869565219,-12.512218963831867,112.08053691275168,9.211798839458414,-15.28046421663443,43.278529980657645
AVGO,2017-01-31,USD,4139000000.0,2138000000.0,2001000000.0,1495000000.0,506000000.0,808000000.0,201000000.0,239000000.0,48.34501087219135,0.07253384912959682,133.70976849237718,-16.480446927374302,-137.81645569620252,12.22517516308287,5.77434162841266,36.11983570910848
AVGO,2017-04-30,USD,4190000000.0,2214000000.0,1976000000.0,1502000000.0,474000000.0,829000000.0,204000000.0,440000000.0,47.159904534606206,1.232181686397671,18.328155888167185,0.468227424749168,84.10041841004184,11.312649164677804,10.501193317422434,35.8472553699284
AVGO,2017-07-31,USD,4463000000.0,2314000000.0,2149000000.0,1501000000.0,648000000.0,827000000.0,200000000.0,481000000.0,48.151467622675334,6.515513126491657,17.695147679324897,-0.06657789613848664,9.318181818181825,14.519381581895585,10.777503921129284,33.63208604077975
AVGO,2017-10-31,USD,4844000000.0,2461000000.0,2383000000.0,1628000000.0,755000000.0,828000000.0,182000000.0,532000000.0,49.194880264244425,8.536858615281195,17.11798839458414,8.461025982678215,10.602910602910608,15.586292320396367,10.982658959537572,33.608587943848065
AVGO,2018-01-31,USD,5327000000.0,2699000000.0,2628000000.0,1685000000.0,943000000.0,925000000.0,291000000.0,6230000000.0,49.33358363056129,9.97109826589595,28.702585165498906,3.5012285012284927,1071.0526315789475,17.70227144734372,116.95137976346912,31.63131218321757
AVGO,2018-04-30,USD,5014000000.0,2463000000.0,2551000000.0,1350000000.0,1201000000.0,936000000.0,294000000.0,3718000000.0,50.87754287993618,-5.875727426318756,19.665871121718382,-19.881305637982194,-40.321027287319424,23.95293179098524,74.1523733546071,26.92461108895094
AVGO,2018-07-31,USD,5063000000.0,2444000000.0,2619000000.0,1280000000.0,1339000000.0,959000000.0,234000000.0,1196000000.0,51.728224372901444,0.9772636617471075,13.443871835088505,-5.185185185185182,-67.83216783216784,26.446770689314636,23.622358285601422,25.281453683586808
AVGO,2018-10-31,USD,5444000000.0,2509000000.0,2935000000.0,1283000000.0,1652000000.0,948000000.0,237000000.0,1115000000.0,53.91256429096253,7.525182698005128,12.386457473162672,0.23437500000000888,-6.772575250836121,30.345334313005146,20.48126377663483,23.567229977957386
AVGO,2019-01-31,USD,5789000000.0,2581000000.0,3208000000.0,2653000000.0,555000000.0,1133000000.0,471000000.0,471000000.0,55.415443081706684,6.337252020573114,8.672798948751637,106.78098207326579,-57.75784753363229,9.58714803938504,8.136120228018656,45.82829504232164
AVGO,2019-04-30,USD,5517000000.0,2428000000.0,3089000000.0,2119000000.0,970000000.0,1151000000.0,419000000.0,691000000.0,55.99057458763821,-4.69856624632925,10.031910650179498,-20.128156803618545,46.709129511677276,17.582019213340583,12.524922965379737,38.40855537429763
AVGO,2019-07-31,USD,5515000000.0,2481000000.0,3034000000.0,2169000000.0,865000000.0,1235000000.0,410000000.0,715000000.0,55.01359927470535,-0.036251586006885717,8.927513332016602,2.3596035865974585,3.47322720694645,15.684496826835904,12.964641885766092,39.329102447869445
AVGO,2019-10-31,USD,5776000000.0,2624000000.0,3152000000.0,2098000000.0,1054000000.0,1177000000.0,409000000.0,847000000.0,54.57063711911358,4.732547597461467,6.098457016899328,-3.2733978792070073,18.461538461538463,18.247922437673132,14.664127423822714,36.322714681440445
AVGO,2020-01-31,USD,5858000000.0,2594000000.0,3264000000.0,2550000000.0,714000000.0,1289000000.0,601000000.0,385000000.0,55.718675315807445,1.4196675900276956,1.1919157021938132,21.544327931363206,-54.54545454545454,12.188460225332879,6.572208945032434,43.53021509047457
AVGO,2020-04-30,USD,5742000000.0,2553000000.0,3189000000.0,2423000000.0,766000000.0,1269000000.0,501000000.0,563000000.0,55.53814002089864,-1.980198019801982,4.078303425774887,-4.980392156862745,46.233766233766225,13.3402995471961,9.804946011842564,42.19784047370254
AVGO,2020-07-31,USD,5821000000.0,2505000000.0,3316000000.0,2308000000.0,1008000000.0,1228000000.0,428000000.0,688000000.0,56.96615701769455,1.3758272378961989,5.5485040797824015,-4.746182418489475,22.202486678507995,17.31661226593369,11.819275038653153,39.64954475176087
AVGO,2020-10-31,USD,6467000000.0,2720000000.0,3747000000.0,2221000000.0,1526000000.0,1182000000.0,405000000.0,1324000000.0,57.94031235503324,11.097749527572587,11.963296398891977,-3.769497400346622,92.44186046511629,23.596721818462964,20.473171486005874,34.343590536570275
AVGO,2021-01-31,USD,6655000000.0,2703000000.0,3952000000.0,2115000000.0,1837000000.0,1211000000.0,339000000.0,1378000000.0,59.3839218632607,2.9070666460491834,13.605326049846367,-4.77262494371905,4.078549848942603,27.603305785123965,20.706235912847486,31.78061607813674
AVGO,2021-04-30,USD,6610000000.0,2553000000.0,4057000000.0,2082000000.0,1975000000.0,1238000000.0,325000000.0,1493000000.0,61.37670196671709,-0.6761833208114187,15.116684082201326,-1.5602836879432647,8.345428156748902,29.87897125567322,22.58698940998487,31.497730711043875
AVGO,2021-07-31,USD,6778000000.0,2581000000.0,4197000000.0,2071000000.0,2126000000.0,1205000000.0,346000000.0,1876000000.0,61.92092062555326,2.5416036308623324,16.44047414533585,-0.5283381364073025,25.653047555257878,31.366184715255237,27.677781056358807,30.554735910298024
AVGO,2021-10-31,USD,7407000000.0,2769000000.0,4638000000.0,2057000000.0,2581000000.0,1200000000.0,337000000.0,1989000000.0,62.616443904414744,9.280023605783416,14.535333230245872,-0.6760019314340893,6.023454157782515,34.84541649790739,26.852976913730252,27.771027406507358
AVGO,2022-01-31,USD,7706000000.0,2657000000.0,5049000000.0,1924000000.0,3127000000.0,1206000000.0,321000000.0,2472000000.0,65.52037373475214,4.036722019711081,15.792637114951159,-6.465726786582405,24.283559577677227,40.5787697897742,32.07889955878536,24.967557747209966
AVGO,2022-04-30,USD,8103000000.0,2664000000.0,5439000000.0,2027000000.0,3413000000.0,1261000000.0,368000000.0,2590000000.0,67.12328767123287,5.151829743057368,22.58698940998487,5.353430353430344,4.773462783171523,42.120202394174996,31.963470319634702,25.015426385289395
AVGO,2022-07-31,USD,8464000000.0,2783000000.0,5681000000.0,1937000000.0,3737000000.0,1255000000.0,323000000.0,3074000000.0,67.11956521739131,4.455140071578434,24.874594275597527,-4.440059200789348,18.68725868725869,44.151701323251416,36.31852551984877,22.8851606805293
AVGO,2022-10-31,USD,8930000000.0,3004000000.0,5926000000.0,1925000000.0,3986000000.0,1197000000.0,370000000.0,3359000000.0,66.3605823068309,5.505671077504726,20.561630889698932,-0.619514713474445,9.271307742355228,44.63605823068309,37.61478163493841,21.556550951847704
AVGO,2023-01-31,USD,8915000000.0,2911000000.0,6004000000.0,1901000000.0,4103000000.0,1195000000.0,348000000.0,3774000000.0,67.34716769489624,-0.16797312430011369,15.689073449260317,-1.2467532467532516,12.354867520095269,46.02355580482333,42.333146382501404,21.32361189007291
AVGO,2023-04-30,USD,8733000000.0,2618000000.0,6115000000.0,2098000000.0,4008000000.0,1312000000.0,438000000.0,3481000000.0,70.02175655559373,-2.0415030846887228,7.774898185857082,10.362966859547607,-7.763645998940117,45.89488148402611,39.86030001145082,24.02381770296576
AVGO,2023-07-31,USD,8876000000.0,2712000000.0,6164000000.0,2308000000.0,3856000000.0,1358000000.0,388000000.0,3303000000.0,69.44569625957638,1.6374670788961376,4.867674858223059,10.0095328884652,-5.113473139902325,43.44299233889139,37.21270842721947,26.002703920684993
AVGO,2023-10-31,USD,9295000000.0,2888000000.0,6407000000.0,2154000000.0,4240000000.0,1388000000.0,418000000.0,3524000000.0,68.92953200645509,4.720594862550698,4.087346024636052,-6.672443674176776,6.6908870723584535,45.615922538999456,37.912856374394835,23.17374932759548
AVGO,2024-01-31,USD,11961000000.0,4586000000.0,7375000000.0,5292000000.0,2083000000.0,2308000000.0,1572000000.0,1325000000.0,61.658724186940894,28.682087143625612,34.16713404374649,145.68245125348193,-62.400681044267884,17.414931861884458,11.077669091213108,44.24379232505643
AVGO,2024-04-30,USD,12487000000.0,4711000000.0,7776000000.0,4811000000.0,2965000000.0,2415000000.0,1277000000.0,2121000000.0,62.27276367422119,4.397625616587253,42.98637352570709,-9.089191232048377,60.075471698113205,23.74469448226155,16.985665091695363,38.52806919195964
AVGO,2024-07-31,USD,13072000000.0,4716000000.0,8356000000.0,4568000000.0,3788000000.0,2353000000.0,1100000000.0,-1875000000.0,63.92288861689106,4.684872267157836,47.273546642631814,-5.050924963625025,-188.4016973125884,28.977968176254592,-14.343635250917993,34.94492044063647
AVGO,2024-10-31,USD,14054000000.0,5052000000.0,9002000000.0,4375000000.0,4627000000.0,2234000000.0,1010000000.0,4324000000.0,64.05293866514872,7.512239902080786,51.19956966110812,-4.2250437828371235,-330.61333333333334,32.92301124235093,30.767041411697736,31.12992742279778
AVGO,2025-01-31,USD,14916000000.0,4771000000.0,10145000000.0,3885000000.0,6260000000.0,2253000000.0,949000000.0,5503000000.0,68.01421292571736,6.133485128788951,24.705292199648852,-11.2,27.266419981498615,41.968356127648164,36.89326897291499,26.045856798069188
AVGO,2025-04-30,USD,15004000000.0,4807000000.0,10197000000.0,4368000000.0,5829000000.0,2693000000.0,1083000000.0,4965000000.0,67.96187683284457,0.5899705014749346,20.156963241771454,12.432432432432439,-9.776485553334545,38.84964009597441,33.0911756864836,29.112236736870166
AVGO,2025-07-31,USD,15952000000.0,5249000000.0,10703000000.0,4816000000.0,5887000000.0,3050000000.0,1072000000.0,4140000000.0,67.09503510531594,6.318315115969075,22.03182374541004,10.256410256410264,-16.616314199395767,36.90446339017051,25.952858575727184,30.19057171514544
BABA,2011-06-30,CNY,634795000.0,183801000.0,0.0,0.0,136923000.0,99018000.0,282509000.0,119904000.0,0.0,,,,,21.56964059263227,18.888617585204674,0.0
BABA,2011-09-30,CNY,690856000.0,200332000.0,0.0,0.0,129618000.0,109825000.0,325519000.0,89409000.0,0.0,8.831355004371488,,,-25.432846277021614,18.7619417070996,12.941770788702712,0.0
BABA,2011-12-31,CNY,1048076000.0,297956000.0,0.0,0.0,335788000.0,132440000.0,378006000.0,241441000.0,0.0,51.70686800143589,,,170.04104732185797,32.03851629080334,23.036592766173445,0.0
BABA,2012-03-31,CNY,806106000.0,245104000.0,2252640000.0,0.0,215456000.0,118740000.0,310671000.0,220624000.0,279.44711985768623,-23.087066205122532,,,-8.621982181982347,26.72799855105904,27.369105303768983,0.0
BABA,2012-06-30,CNY,1069259000.0,309460000.0,0.0,0.0,369117000.0,133480000.0,354793000.0,0.0,0.0,32.644962325054024,68.44162288612858,,-100.0,34.52082236389874,0.0,0.0
BABA,2012-09-30,CNY,1198116000.0,350227000.0,0.0,0.0,382856000.0,142742000.0,428048000.0,0.0,0.0,12.05105591816389,73.4248526465718,,,31.954835758808,0.0,0.0
BABA,2012-12-31,CNY,1880713000.0,438690000.0,0.0,0.0,846878000.0,189100000.0,555019000.0,0.0,0.0,56.972530205756364,79.44433418950534,,,45.02962440308543,0.0,0.0
BABA,2013-03-31,CNY,8674000000.0,2277000000.0,6397000000.0,1616000000.0,4452000000.0,854000000.0,545000000.0,4197000000.0,73.74913534701406,361.2080631122345,976.0371464794952,inf,inf,51.3258012451003,48.38598109292138,18.630389670278994
BABA,2013-06-30,CNY,10778000000.0,2727000000.0,8051000000.0,2631000000.0,5420000000.0,1018000000.0,865000000.0,4444000000.0,74.69845982557061,24.256398432095928,907.987774711272,62.809405940594054,5.885156063855135,50.287622935609576,41.23213954351457,24.410836889961033
BABA,2013-09-30,CNY,10950000000.0,3001000000.0,7949000000.0,2657000000.0,5248000000.0,1168000000.0,793000000.0,4943000000.0,72.59360730593608,1.5958433846724907,813.9348777580801,0.9882174078297279,11.22862286228623,47.926940639269404,45.141552511415526,24.2648401826484
BABA,2013-12-31,CNY,18745000000.0,4171000000.0,14574000000.0,5773000000.0,8801000000.0,1707000000.0,2046000000.0,8326000000.0,77.74873299546545,71.18721461187214,896.6964656489321,117.27512231840423,68.44021849079508,46.95118698319552,44.417177914110425,30.79754601226994
BABA,2014-03-31,CNY,12031000000.0,3470000000.0,8561000000.0,2858000000.0,5451000000.0,1200000000.0,514000000.0,5602000000.0,71.15784224087773,-35.817551347025876,38.70186765044963,-50.493677464056816,-32.71679077588278,45.30795445100158,46.56304546587981,23.755298811403875
BABA,2014-06-30,CNY,15771000000.0,4585000000.0,11186000000.0,4342000000.0,6844000000.0,1952000000.0,944000000.0,12404000000.0,70.92765201952952,31.08636023605684,46.32584895156802,51.92442267319804,121.4209210996073,43.396106778263906,78.65068797159344,27.531545241265615
BABA,2014-09-30,CNY,16829000000.0,5596000000.0,11233000000.0,6888000000.0,4345000000.0,2581000000.0,1960000000.0,3028000000.0,66.74787569077189,6.708515629953715,53.68949771689498,58.63657300783049,-75.58851983231216,25.818527541743418,17.99275060906768,40.92934814902846
BABA,2014-12-31,CNY,26179000000.0,7520000000.0,18659000000.0,9137000000.0,9347000000.0,3083000000.0,2419000000.0,5936000000.0,71.27468581687613,55.55885673539722,39.65857562016537,32.65098722415796,96.03698811096433,35.704190381603574,22.674662897742465,34.9020207036174
BABA,2015-03-31,CNY,17425000000.0,6133000000.0,11292000000.0,8366000000.0,2599000000.0,3042000000.0,2477000000.0,2893000000.0,64.80344332855094,-33.439016005195,44.8341783725376,-8.438218233555872,-51.26347708894878,14.91535150645624,16.6025824964132,48.01147776183644
BABA,2015-06-30,CNY,20245000000.0,6711000000.0,13534000000.0,8373000000.0,5161000000.0,3241000000.0,2244000000.0,30843000000.0,66.85107433934306,16.183644189383074,28.368524507006533,0.08367200573751177,966.1251296232285,25.492714250432208,152.34872808100766,41.35836008891084
BABA,2015-09-30,CNY,22171000000.0,7131000000.0,15040000000.0,8645000000.0,6395000000.0,3225000000.0,2128000000.0,22754000000.0,67.83636281629155,9.513460113608296,31.74282488561413,3.2485369640511186,-26.226372272476738,28.843985386315456,102.62956113842408,38.992377429976095
BABA,2015-12-31,CNY,34543000000.0,10951000000.0,23592000000.0,10703000000.0,12434000000.0,3749000000.0,2500000000.0,12498000000.0,68.29748429493675,55.80262505074196,31.949272317506395,23.805668016194325,-45.073393689021714,35.99571548504762,36.18099180731262,30.984569956286368
BABA,2016-03-31,CNY,24184000000.0,9562000000.0,14622000000.0,9109000000.0,5112000000.0,3573000000.0,2333000000.0,5365000000.0,60.46146212371816,-29.988709724111974,38.78909612625539,-14.893020648416332,-57.07313170107218,21.137942441283496,22.18408865365531,37.66539861065167
BABA,2016-06-30,CNY,32154000000.0,11744000000.0,20410000000.0,11596000000.0,8814000000.0,3988000000.0,2743000000.0,7550000000.0,63.47577284319213,32.95567317234536,58.82440108668807,27.302667691294324,40.72693383038211,27.411830565403996,23.480748895938298,36.06394227778814
BABA,2016-09-30,CNY,34292000000.0,13123000000.0,21169000000.0,12124000000.0,9045000000.0,4134000000.0,2815000000.0,7623000000.0,61.731599206812085,6.6492504820551135,54.67051553831581,4.553294239392902,0.9668874172185538,26.376414324040592,22.229674559664062,35.35518488277149
BABA,2016-12-31,CNY,53248000000.0,19126000000.0,34122000000.0,13458000000.0,20664000000.0,4420000000.0,3287000000.0,17855000000.0,64.08128004807693,55.27819899685058,54.14990012448253,11.002969317057087,134.22537058900696,38.80709134615385,33.53177584134615,25.274188701923077
BABA,2017-03-31,CNY,38579000000.0,15490000000.0,23089000000.0,13557000000.0,9532000000.0,4518000000.0,3394000000.0,10647000000.0,59.84862230747298,-27.54845252403846,59.52282500826993,0.7356219349086146,-40.369644357322876,24.707742554239353,27.597915964643978,35.14087975323362
BABA,2017-06-30,CNY,50184000000.0,17460000000.0,32724000000.0,15211000000.0,17513000000.0,4696000000.0,3679000000.0,14683000000.0,65.2080344332855,30.081132222193418,56.073894383280454,12.20033930810651,37.9073917535456,34.89757691694564,29.25832934799936,30.310457516339866
BABA,2017-09-30,CNY,55122000000.0,22002000000.0,33120000000.0,16536000000.0,16584000000.0,5083000000.0,3439000000.0,17668000000.0,60.08490257973224,9.839789574366332,60.74303044441854,8.710801393728218,20.329632908806094,30.085991074344182,32.052538006603534,29.998911505388048
BABA,2017-12-31,CNY,83028000000.0,35078000000.0,47950000000.0,21954000000.0,25996000000.0,6289000000.0,4572000000.0,24073000000.0,57.75160186924892,50.62588440187221,55.92698317307692,32.76487663280116,36.251980982567346,31.30991954521366,28.993833405598114,26.441682324035266
BABA,2018-03-31,CNY,61932000000.0,32504000000.0,29428000000.0,20207000000.0,9221000000.0,6686000000.0,4551000000.0,7669000000.0,47.51663114383518,-25.408295996531294,60.532932424375964,-7.957547599526283,-68.14273252191252,14.888910417877671,12.382936123490278,32.6277207259575
BABA,2018-06-30,CNY,80920000000.0,43720000000.0,37200000000.0,29180000000.0,8020000000.0,11510000000.0,6645000000.0,8720000000.0,45.97132970835393,30.65943292643545,61.24661246612466,44.40540406789726,13.704524709870913,9.911023232822542,10.776075135936727,36.06030647553139
BABA,2018-09-30,CNY,85148000000.0,46786000000.0,38362000000.0,24861000000.0,13501000000.0,8365000000.0,4779000000.0,20133000000.0,45.05331892704468,5.224913494809691,54.47189869743478,-14.801233721727215,130.88302752293578,15.855921454408794,23.644712735472353,29.197397472635885
BABA,2018-12-31,CNY,117278000000.0,60813000000.0,56465000000.0,29667000000.0,26798000000.0,8901000000.0,5853000000.0,33120000000.0,48.14628489571787,37.73429792831307,41.25114419232065,19.331483045734288,64.50603486812696,22.84998038847866,28.240590733129828,25.29630450723921
BABA,2019-03-31,CNY,93498000000.0,55610000000.0,37888000000.0,29123000000.0,8765000000.0,8659000000.0,7612000000.0,25913000000.0,40.52279193137821,-20.276607718412663,50.968804495252854,-1.833687261940875,-21.760265700483096,9.374532075552418,27.715031337568718,31.148259855825795
BABA,2019-06-30,CNY,114924000000.0,59987000000.0,54937000000.0,30562000000.0,24375000000.0,10478000000.0,6320000000.0,21448000000.0,47.80289582680728,22.91599820317012,42.021749876421154,4.941111836005896,-17.230733608613434,21.20966899864258,18.662768438272252,26.593226828164703
BABA,2019-09-30,CNY,119017000000.0,65546000000.0,53471000000.0,33107000000.0,20364000000.0,10938000000.0,6591000000.0,72591000000.0,44.92719527462463,3.561484111238733,39.77662423075117,8.327334598521041,238.45113763521076,17.110160733340614,60.99212717510943,27.81703454128402
BABA,2019-12-31,CNY,161456000000.0,84332000000.0,77124000000.0,37564000000.0,39560000000.0,11077000000.0,7415000000.0,52174000000.0,47.76781290258646,35.65793121990977,37.66946912464402,13.46240976228592,-28.126076235345977,24.50203151322961,32.31468635417699,23.265781389356853
BABA,2020-03-31,CNY,114314000000.0,72502000000.0,41812000000.0,34681000000.0,7131000000.0,10587000000.0,7871000000.0,3220000000.0,36.576447329286,-29.198047765335446,22.263577830541827,-7.674901501437548,-93.8283436194273,6.2380810749339535,2.816802841296779,30.33836625435205
BABA,2020-06-30,CNY,153751000000.0,84523000000.0,69228000000.0,34523000000.0,34705000000.0,11082000000.0,6837000000.0,47533000000.0,45.026048611065946,34.49883653795685,33.784936131704434,-0.4555808656036442,1376.1801242236024,22.57221091244935,30.915571280837195,22.453837698616592
BABA,2020-09-30,CNY,155059000000.0,89960000000.0,65099000000.0,51465000000.0,13634000000.0,19245000000.0,11961000000.0,28876000000.0,41.9833740705151,0.8507261741387051,30.283068805296722,49.07453002346263,-39.25062588096691,8.792782102296545,18.622588821029414,33.19059196821855
BABA,2020-12-31,CNY,221084000000.0,121268000000.0,99816000000.0,50814000000.0,49002000000.0,13607000000.0,8692000000.0,79535000000.0,45.14845036275805,42.58056610709471,36.931424041224844,-1.2649373360536287,175.43634852472644,22.164426190950046,35.97501402181976,22.984024171808002
BABA,2021-03-31,CNY,187395000000.0,125454000000.0,61941000000.0,50796000000.0,-7663000000.0,13519000000.0,27734000000.0,-5479000000.0,33.05371007764348,-15.238099545873961,63.93005231205278,-0.03542330853701925,-106.88879109825864,-4.089223298380426,-2.923770644894474,27.106379572560634
BABA,2021-06-30,CNY,205740000000.0,124097000000.0,81643000000.0,69604000000.0,30847000000.0,13302000000.0,34204000000.0,45141000000.0,39.682609118304654,9.789482109981584,33.813763812918296,37.02653752263958,-923.8912210257347,14.993195295032566,21.940799066783317,33.83104889666569
BABA,2021-09-30,CNY,200690000000.0,129750000000.0,70940000000.0,55934000000.0,15006000000.0,15297000000.0,37731000000.0,5488000000.0,35.348049230155965,-2.454554291824629,29.428153154605674,-19.639675880696515,-87.84253782592322,7.477203647416414,2.7345657481688175,27.870845582739552
BABA,2021-12-31,CNY,242580000000.0,146658000000.0,95922000000.0,63713000000.0,7068000000.0,15705000000.0,45171000000.0,20546000000.0,39.5424189957952,20.87298819074195,9.723001212208926,13.907462366360356,274.3804664723032,2.9136779619094733,8.469783164316928,26.264737406216504
BABA,2022-03-31,CNY,204052000000.0,138945000000.0,65107000000.0,48390000000.0,16717000000.0,10944000000.0,34615000000.0,-16116000000.0,31.907062905533884,-15.882595432434666,8.888711011499772,-24.05003688415237,-178.43862552321622,8.192519553839217,-7.897986787681571,23.714543351694665
BABA,2022-06-30,CNY,205555000000.0,129657000000.0,75898000000.0,50955000000.0,24943000000.0,14193000000.0,8433000000.0,22659000000.0,36.923451144462554,0.7365769509732889,-0.08991931564109601,5.300681959082465,-240.59940431868947,12.134465228284402,11.023327090073217,24.788985916178152
BABA,2022-09-30,CNY,207176000000.0,131210000000.0,75966000000.0,50829000000.0,25137000000.0,15150000000.0,10591000000.0,-20433000000.0,36.66737459937445,0.7885967259370963,3.2318501170960134,-0.2472770091257015,-190.1760889712697,12.133162142333088,-9.862628875931575,24.534212457041356
BABA,2022-12-31,CNY,247756000000.0,150005000000.0,97751000000.0,62720000000.0,35031000000.0,13521000000.0,10327000000.0,46913000000.0,39.45454398682575,19.587210873846384,2.133729079066704,23.394125400853838,-329.5942837566682,14.13931448683382,18.93516201423982,25.315229499991926
BABA,2023-03-31,CNY,208200000000.0,138823000000.0,69377000000.0,192960000000.0,15240000000.0,13880000000.0,37763000000.0,23644000000.0,33.322286263208454,-15.965708196774242,2.0328151647619253,207.6530612244898,-49.600324004007426,7.3198847262247835,11.35638808837656,92.68011527377521
BABA,2023-06-30,CNY,234156000000.0,142347000000.0,91809000000.0,189635000000.0,44521000000.0,10465000000.0,34344000000.0,34242000000.0,39.20847640034849,12.466858789625368,13.914037605507046,-1.7231550580431132,44.82321096261208,19.013392780881123,14.623584277148568,80.98660721911888
BABA,2023-09-30,CNY,224790000000.0,139664000000.0,85126000000.0,51542000000.0,33584000000.0,14218000000.0,9408000000.0,27847000000.0,37.8691222919169,-3.999897504227956,8.501950032822325,-72.820418171751,-18.675895099585304,14.940166377507897,12.388006583922772,22.928955914409006
BABA,2023-12-31,CNY,260348000000.0,156214000000.0,104134000000.0,81623000000.0,22511000000.0,13488000000.0,11261000000.0,14555000000.0,39.99800267334491,15.81831932025446,5.082419800125937,58.362112451980906,-47.732251229934995,8.646503910151027,5.590594127859634,31.35149876319388
BABA,2024-03-31,CNY,221874000000.0,148098000000.0,73776000000.0,59011000000.0,14765000000.0,14085000000.0,14019000000.0,3365000000.0,33.251304794613155,-14.77791264000492,6.567723342939491,-27.70297587689744,-76.88079697698386,6.654677880238334,1.51662655380982,26.596626914374827
BABA,2024-06-30,CNY,243236000000.0,146106000000.0,97130000000.0,61141000000.0,35989000000.0,13373000000.0,13280000000.0,24390000000.0,39.932411320692665,9.627987055716304,3.877756709202407,3.6094965345444097,624.81426448737,14.795918367346939,10.027298590669144,25.136492953345723
BABA,2024-09-30,CNY,236503000000.0,144029000000.0,92474000000.0,57228000000.0,35246000000.0,14182000000.0,9777000000.0,44033000000.0,39.100561092248306,-2.7680935387853767,5.210641042751019,-6.399960746471267,80.53710537105371,14.902982203185584,18.618368477355467,24.19757888906272
BABA,2024-12-31,CNY,280154000000.0,162524000000.0,117630000000.0,76425000000.0,41205000000.0,14662000000.0,10851000000.0,49127000000.0,41.98762109411253,18.45684832750536,7.607509948223146,33.54476829524009,11.568596280062682,14.707982038450282,17.535712500981603,27.27963905566224
BABA,2025-03-31,CNY,236454000000.0,145626000000.0,90828000000.0,62363000000.0,28465000000.0,14934000000.0,10331000000.0,12559000000.0,38.41254535765942,-15.598563647136931,6.5712972227480515,-18.39973830552829,-74.43564638589777,12.038282287463947,5.311392490717011,26.374263070195468
BABA,2025-06-30,CNY,247652000000.0,136429000000.0,111223000000.0,76235000000.0,34988000000.0,15001000000.0,7398000000.0,40649000000.0,44.91100415098606,4.735804849991965,1.8155207288394815,22.24395875759666,223.66430448284098,14.127889134753605,16.413758015279505,30.783115016232454
BABA,2025-09-30,CNY,247795000000.0,150781000000.0,97014000000.0,91649000000.0,5365000000.0,17095000000.0,7380000000.0,21019000000.0,39.150911035331625,0.05774231583026701,4.774569455778566,20.219059487112222,-48.29147088489262,2.1650961480255857,8.482414899412822,36.98581488730604
BRK-B,2005-09-30,USD,20533000000.0,17549000000.0,2984000000.0,2149000000.0,835000000.0,,1289000000.0,586000000.0,14.532703452978133,,,,,4.066624458189256,2.853942434130424,10.466078994788877
BRK-B,2005-12-31,USD,25368000000.0,38288000000.0,-48445000000.0,4444000000.0,7688000000.0,,1506000000.0,5130000000.0,-190.96893724377168,23.54746018604199,,106.79385760818985,775.4266211604096,30.30589719331441,20.22232734153264,17.518133081046987
BRK-B,2006-03-31,USD,22763000000.0,14994000000.0,7769000000.0,4156000000.0,3613000000.0,,1378000000.0,2313000000.0,34.12994772218073,-10.268842636392305,,-6.480648064806482,-54.912280701754376,15.87224882484734,10.161226551860475,18.25769889733339
BRK-B,2006-06-30,USD,23893000000.0,15696000000.0,8197000000.0,4595000000.0,3602000000.0,,1440000000.0,2347000000.0,34.307119239944754,4.964196283442424,,10.563041385948036,1.4699524427150834,15.075545138743566,9.822960699786549,19.231574101201186
BRK-B,2006-09-30,USD,25371000000.0,16042000000.0,9329000000.0,5028000000.0,4301000000.0,,1560000000.0,2772000000.0,36.770328327618145,6.185912191855358,23.562070812837877,9.42328618063113,18.108223263740953,16.952425998186907,10.925860234125578,19.81790232943124
BRK-B,2006-12-31,USD,26231000000.0,14349000000.0,11700000000.0,6438000000.0,5262000000.0,,1554000000.0,3583000000.0,44.60371316381381,3.38969689803319,3.4019236833806366,28.04295942720765,29.256854256854247,20.06023407418703,13.659410621020928,24.54347908962678
BRK-B,2007-03-31,USD,32918000000.0,23452000000.0,9466000000.0,5394000000.0,4072000000.0,,1641000000.0,2595000000.0,28.756303542135004,25.492737600548978,44.6118701401397,-16.216216216216218,-27.574658107730954,12.370131842760799,7.883224983291816,16.386171699374202
BRK-B,2007-06-30,USD,27347000000.0,16961000000.0,10386000000.0,5570000000.0,4816000000.0,,1761000000.0,3118000000.0,37.97857168976487,-16.923871438118965,14.456116854308787,3.262884686688916,20.15414258188826,17.610706841701102,11.401616265038212,20.367864848063775
BRK-B,2007-09-30,USD,29873000000.0,17587000000.0,12286000000.0,5439000000.0,6847000000.0,,1732000000.0,4553000000.0,41.12743949385733,9.236844992138082,17.744669110401645,-2.351885098743267,46.02309172546504,22.9203628694808,15.241187694573696,18.207076624376526
BRK-B,2007-12-31,USD,28043000000.0,57173000000.0,23866000000.0,7098000000.0,-6028000000.0,,1964000000.0,2947000000.0,85.10501729486859,-6.125933116861382,6.907857115626559,30.50193050193051,-35.27344607950802,-21.49556038940199,10.508861391434584,25.311129337089472
BRK-B,2008-03-31,USD,26816000000.0,28746000000.0,-1930000000.0,-3383000000.0,1453000000.0,,1860000000.0,940000000.0,-7.19719570405728,-4.375423456834149,-18.536970654353247,-147.6613130459284,-68.10315575161181,5.41840692124105,3.5053699284009547,-12.615602625298331
BRK-B,2008-06-30,USD,30093000000.0,32359000000.0,-2266000000.0,-6737000000.0,4471000000.0,,2049000000.0,2880000000.0,-7.529990363207391,12.220316229116946,10.041320803013122,99.14277268696424,206.38297872340425,14.857275778420231,9.57033197089024,-22.38726614162762
BRK-B,2008-09-30,USD,29435000000.0,33869000000.0,-4434000000.0,-5936000000.0,1502000000.0,,1861000000.0,1057000000.0,-15.063699677254968,-2.1865550127936784,-1.466206942724202,-11.889565088318243,-63.298611111111114,5.102768812638016,3.590963139120095,-20.166468489892985
BRK-B,2008-12-31,USD,24592000000.0,18369000000.0,6223000000.0,6075000000.0,148000000.0,,2282000000.0,117000000.0,25.304977228366948,-16.453201970443352,-12.306101344364018,-202.34164420485175,-88.93093661305582,0.6018217306441119,0.4757644762524398,24.703155497722836
BRK-B,2009-03-31,USD,22784000000.0,30438000000.0,-7654000000.0,-5111000000.0,-2543000000.0,,1963000000.0,-1534000000.0,-33.59375,-7.351984385165911,-15.035799522673033,-184.13168724279836,-1411.111111111111,-11.161341292134832,-6.732794943820225,-22.432408707865168
BRK-B,2009-06-30,USD,29607000000.0,30758000000.0,-1151000000.0,-5942000000.0,4791000000.0,,2073000000.0,3295000000.0,-3.887594150032087,29.946453651685403,-1.6149935200877263,16.259049109763257,-314.79791395045635,16.18198399027257,11.12912486911879,-20.06957814030466
BRK-B,2009-09-30,USD,29904000000.0,31814000000.0,-1910000000.0,-6749000000.0,4839000000.0,,2015000000.0,3238000000.0,-6.387105403959337,1.0031411490525999,1.5933412604042907,13.581285762369566,-1.7298937784521962,16.181781701444624,10.827982878544676,-22.56888710540396
BRK-B,2009-12-31,USD,30198000000.0,32452000000.0,-2254000000.0,-6719000000.0,4465000000.0,,2066000000.0,3056000000.0,-7.464070468242929,0.9831460674157411,22.79603122966818,-0.44451029782189844,-5.620753551575042,14.785747400490099,10.119875488442943,-22.24981786873303
BRK-B,2010-03-31,USD,32037000000.0,35322000000.0,-3285000000.0,-8383000000.0,5098000000.0,,1839000000.0,3633000000.0,-10.253769079501826,6.089807272004766,40.61183286516854,24.76559011757702,18.880890052356026,15.912850766301464,11.340013109841745,-26.16661984580329
BRK-B,2010-06-30,USD,31709000000.0,33188000000.0,-1479000000.0,-4417000000.0,2938000000.0,,1915000000.0,1968000000.0,-4.664290895329402,-1.0238162125042916,7.099672374776245,-47.31003220804008,-45.8298926507019,9.265508215333186,6.206439812040745,-13.92979911066259
BRK-B,2010-09-30,USD,36274000000.0,35993000000.0,281000000.0,-4253000000.0,4534000000.0,,1896000000.0,2989000000.0,0.7746595357556376,14.396543568072161,21.301498127340835,-3.7129273262395346,51.88008130081301,12.499310801124773,8.240061752219221,-11.724651265369134
BRK-B,2010-12-31,USD,36165000000.0,18991000000.0,17174000000.0,10693000000.0,6481000000.0,,2054000000.0,4377000000.0,47.487902668325724,-0.300490709599166,19.759586727597856,-351.42252527627556,46.436935429909674,17.920641504216782,12.102861883036084,29.567261164108942
BRK-B,2011-03-31,USD,33720000000.0,34751000000.0,-1031000000.0,-3265000000.0,2234000000.0,,2035000000.0,1511000000.0,-3.057532621589561,-6.760680215678139,5.253300870868061,-130.53399420181427,-65.47863833676033,6.62514827995255,4.481020166073547,-9.682680901542112
BRK-B,2011-06-30,USD,38274000000.0,37148000000.0,1126000000.0,-4139000000.0,5265000000.0,,2122000000.0,3417000000.0,2.941944923446726,13.505338078291818,20.703901100633892,26.76875957120981,126.14162806088683,13.75607461984637,8.927731619376079,-10.814129696399645
BRK-B,2011-09-30,USD,33739000000.0,35430000000.0,-1691000000.0,-5054000000.0,3363000000.0,,2105000000.0,2278000000.0,-5.012003912386259,-11.848774625071846,-6.988476594806192,22.106789079487797,-33.333333333333336,9.96769317407155,6.751830226147781,-14.979697086457808
BRK-B,2011-12-31,USD,37955000000.0,38057000000.0,-102000000.0,-4554000000.0,4452000000.0,,2408000000.0,3048000000.0,-0.2687392965353708,12.495924597646635,4.949536845015889,-9.893153937475264,33.80158033362599,11.729679884073246,8.030562508233434,-11.998419180608616
BRK-B,2012-03-31,USD,38147000000.0,37055000000.0,1092000000.0,-3839000000.0,4931000000.0,,2428000000.0,3245000000.0,2.862610428080845,0.5058622052430461,13.128706998813765,-15.700483091787444,6.463254593175849,12.926311374420008,8.506566702492988,-10.063700946339162
BRK-B,2012-06-30,USD,38546000000.0,39579000000.0,-1033000000.0,-5648000000.0,4615000000.0,,2476000000.0,3108000000.0,-2.6799149068645254,1.0459538102603139,0.7106652035324235,47.1216462620474,-4.221879815100149,11.972707933378302,8.063093446790848,-14.652622840242827
BRK-B,2012-09-30,USD,41050000000.0,40284000000.0,766000000.0,-5170000000.0,5936000000.0,,2573000000.0,3920000000.0,1.8660170523751523,6.496134488662886,21.669284803936108,-8.463172804532581,26.126126126126124,14.460414129110841,9.549330085261875,-12.594397076735689
BRK-B,2012-12-31,USD,44720000000.0,75222000000.0,44720000000.0,37966000000.0,6754000000.0,,3026000000.0,4551000000.0,100.0,8.940316686967108,17.82373863786062,-834.3520309477757,16.096938775510196,15.102862254025046,10.17665474060823,84.89713774597496
BRK-B,2013-03-31,USD,43867000000.0,18284000000.0,43867000000.0,36572000000.0,7295000000.0,,2854000000.0,4892000000.0,100.0,-1.9074239713774643,14.994626051852045,-3.6717062634989195,7.492858712370909,16.62981284336745,11.15189094307794,83.37018715663255
BRK-B,2013-06-30,USD,44693000000.0,19373000000.0,44693000000.0,37802000000.0,6891000000.0,,2926000000.0,4541000000.0,100.0,1.8829644151640235,15.947179992735961,3.363228699551568,-7.174979558462802,15.418521916183742,10.16042780748663,84.58147808381625
BRK-B,2013-09-30,USD,46541000000.0,19399000000.0,46541000000.0,39163000000.0,7378000000.0,,2909000000.0,5053000000.0,100.0,4.134875707605223,13.376370280146155,3.600338606422948,11.27504954855758,15.852689026879526,10.857093745299844,84.14731097312047
BRK-B,2013-12-31,USD,47049000000.0,102210000000.0,47049000000.0,39817000000.0,7232000000.0,,3228000000.0,4990000000.0,100.0,1.09151071098601,5.207960644007148,1.669943569185195,-1.2467840886602022,15.371208739824437,10.605963994983952,84.62879126017556
BRK-B,2014-03-31,USD,45453000000.0,589000000.0,45453000000.0,38855000000.0,6598000000.0,,377000000.0,4705000000.0,100.0,-3.3922081234457724,3.6154740465498048,-2.4160534445086257,-5.7114228456913825,14.516093547180603,10.351351945966163,85.4839064528194
BRK-B,2014-06-30,USD,49762000000.0,692000000.0,49762000000.0,40846000000.0,8916000000.0,,423000000.0,6395000000.0,100.0,9.480122324159023,11.341820866802399,5.124179642259685,35.91923485653561,17.917286282705682,12.851171576705116,82.08271371729433
BRK-B,2014-09-30,USD,51199000000.0,762000000.0,51199000000.0,44449000000.0,6750000000.0,,344000000.0,4617000000.0,100.0,2.887745669386277,10.008379708214266,8.820937178671095,-27.80297107114934,13.183851247094669,9.017754253012754,86.81614875290533
BRK-B,2014-12-31,USD,48259000000.0,111009000000.0,48259000000.0,42418000000.0,5841000000.0,,379000000.0,4155000000.0,100.0,-5.742299654290129,2.5717868605071414,-4.569281648631018,-10.00649772579597,12.103441845044447,8.60979299198077,87.89655815495556
BRK-B,2015-03-31,USD,48644000000.0,659000000.0,48644000000.0,40997000000.0,7647000000.0,,365000000.0,5164000000.0,100.0,0.7977786526865538,7.020438694915621,-3.349992927530765,24.28399518652227,15.720335498725435,10.615903297426199,84.27966450127457
BRK-B,2015-06-30,USD,51368000000.0,42189000000.0,51368000000.0,45522000000.0,5846000000.0,,6091000000.0,4013000000.0,100.0,5.599868431872368,3.2273622442827943,11.037392979974147,-22.28892331525949,11.380626070705498,7.812256657841457,88.6193739292945
BRK-B,2015-09-30,USD,58989000000.0,22297000000.0,58989000000.0,44917000000.0,14072000000.0,,3721000000.0,9428000000.0,100.0,14.836084722005927,15.215140920721115,-1.3290277228592773,134.93645651632193,23.855295055010256,15.982640831341435,76.14470494498974
BRK-B,2015-12-31,USD,51820000000.0,117594000000.0,51820000000.0,44439000000.0,7381000000.0,,3546000000.0,5478000000.0,100.0,-12.153113292308737,7.378934499264389,-1.0641850524300334,-41.89647857445906,14.243535314550368,10.571208027788499,85.75646468544963
BRK-B,2016-03-31,USD,52403000000.0,22796000000.0,52403000000.0,45947000000.0,6456000000.0,,3722000000.0,5589000000.0,100.0,1.1250482439212561,7.727571745744588,3.3934156934224413,2.026286966046009,12.319905348930405,10.665419918706945,87.6800946510696
BRK-B,2016-06-30,USD,54460000000.0,31563000000.0,54460000000.0,47088000000.0,7372000000.0,,4066000000.0,5001000000.0,100.0,3.925347785432143,6.019311633701907,2.483295971445365,-10.520665593129364,13.536540580242379,9.182886522218142,86.46345941975761
BRK-B,2016-09-30,USD,59068000000.0,886000000.0,59068000000.0,48543000000.0,10525000000.0,,465000000.0,7198000000.0,100.0,8.461255967682701,0.13392327383070501,3.0899592252803254,43.93121375724856,17.81844653619557,12.185955170312182,82.18155346380442
BRK-B,2016-12-31,USD,57673000000.0,-70177000000.0,57673000000.0,48359000000.0,9314000000.0,,438000000.0,6286000000.0,100.0,-2.3616848378140487,11.294866846777296,-0.37904538244443176,-12.670186162823004,16.14967142336969,10.899380992838935,83.85032857663032
BRK-B,2017-03-31,USD,65187000000.0,867000000.0,65187000000.0,59499000000.0,5688000000.0,0.0,442000000.0,4060000000.0,100.0,13.028626913807152,24.395549873098865,23.0360429289274,-35.41202672605791,8.72566616043076,6.228235691165416,91.27433383956924
BRK-B,2017-06-30,USD,57518000000.0,48912000000.0,57518000000.0,51389000000.0,6129000000.0,0.0,7694000000.0,4262000000.0,100.0,-11.764615644223541,5.615130370914434,-13.63048118455772,4.975369458128087,10.655794707743663,7.409854306477973,89.34420529225633
BRK-B,2017-09-30,USD,60525000000.0,25815000000.0,60525000000.0,54895000000.0,5630000000.0,0.0,3965000000.0,4067000000.0,100.0,5.227928648423097,2.466648608383548,6.822471735196256,-4.575316752698266,9.301941346551013,6.719537381247418,90.69805865344898
BRK-B,2017-12-31,USD,58907000000.0,-81482000000.0,58907000000.0,52516000000.0,6391000000.0,0.0,4140000000.0,32551000000.0,100.0,-2.673275505989259,2.1396494026667545,-4.333728026231897,700.3688222276862,10.849304836437096,55.25828848863463,89.15069516356292
BRK-B,2018-03-31,USD,50458000000.0,25415000000.0,50458000000.0,51981000000.0,-1523000000.0,0.0,4024000000.0,-1138000000.0,100.0,-14.34294735769942,-22.594995934772268,-1.0187371467743178,-103.49605234862216,-3.0183518966268976,-2.2553410757461654,103.0183518966269
BRK-B,2018-06-30,USD,68562000000.0,35660000000.0,68562000000.0,53464000000.0,15098000000.0,0.0,4150000000.0,12011000000.0,100.0,35.87934519798643,19.20094579088285,2.852965506627414,-1155.4481546572936,22.020944546541816,17.518450453604036,77.97905545345817
BRK-B,2018-09-30,USD,78156000000.0,1273000000.0,78156000000.0,55009000000.0,23147000000.0,0.0,564000000.0,18540000000.0,100.0,13.993174061433455,29.13011152416356,2.8897950022445107,54.35850470402131,29.616408209222577,23.721787194841088,70.38359179077742
BRK-B,2018-12-31,USD,50661000000.0,-91093000000.0,50661000000.0,60927000000.0,-10266000000.0,0.0,4061000000.0,-25392000000.0,100.0,-35.17964071856288,-13.998336360704155,10.758239560799133,-236.957928802589,-20.26410848581749,-50.12139515603719,120.2641084858175
BRK-B,2019-03-31,USD,81000000000.0,25767000000.0,81000000000.0,53353000000.0,27647000000.0,,1020000000.0,21661000000.0,100.0,59.88630307337004,60.52954932815411,-12.4312702086103,-185.3063957151859,34.1320987654321,26.741975308641976,65.86790123456791
BRK-B,2019-06-30,USD,73646000000.0,27047000000.0,73646000000.0,55887000000.0,17759000000.0,,1000000000.0,14073000000.0,100.0,-9.079012345679017,7.415186254776707,4.749498622382986,-35.030700337011226,24.11400483393531,19.10898080004345,75.88599516606469
BRK-B,2019-09-30,USD,75898000000.0,26950000000.0,75898000000.0,55409000000.0,20489000000.0,,1010000000.0,16524000000.0,100.0,3.057871439046256,-2.889093607656479,-0.8552972963300931,17.416329140908115,26.995441250098818,21.771324672586893,73.00455874990118
BRK-B,2019-12-31,USD,24072000000.0,-123503000000.0,24072000000.0,59878000000.0,-35806000000.0,,973000000.0,29159000000.0,100.0,-68.28374924240428,-52.48415941256588,8.065476727607424,76.46453643185669,-148.74543037554005,121.13243602525756,248.74543037554005
BRK-B,2020-03-31,USD,61265000000.0,29116000000.0,61265000000.0,54039000000.0,7226000000.0,,1002000000.0,-49746000000.0,100.0,154.50731139913594,-24.364197530864196,-9.751494705901997,-270.60255838677597,11.794662531624908,-81.19807394107565,88.20533746837509
BRK-B,2020-06-30,USD,96925000000.0,55584000000.0,96925000000.0,61516000000.0,35409000000.0,,749000000.0,26295000000.0,100.0,58.20615359503796,31.609320261792906,13.836303410499816,-152.85852128814378,36.5323703894764,27.129223626515348,63.4676296105236
BRK-B,2020-09-30,USD,94606000000.0,29912000000.0,94606000000.0,56676000000.0,37930000000.0,,854000000.0,30137000000.0,100.0,-2.392571575960789,24.648870852986903,-7.867871773197221,14.611142802814214,40.09259455002854,31.8552734498869,59.90740544997146
BRK-B,2020-12-31,USD,62989000000.0,-81430000000.0,62989000000.0,58332000000.0,4657000000.0,,915000000.0,35835000000.0,100.0,-33.41965625858825,161.6691591890994,2.921871691721356,18.906991405912986,7.393354395211863,56.890885710203364,92.60664560478814
BRK-B,2021-03-31,USD,70299000000.0,26530000000.0,70299000000.0,55771000000.0,14528000000.0,,882000000.0,11711000000.0,100.0,11.605200908095071,14.745776544519718,-4.390386065967222,-67.31965955071857,20.666012318809656,16.658842942289365,79.33398768119034
BRK-B,2021-06-30,USD,96508000000.0,32963000000.0,96508000000.0,60787000000.0,35721000000.0,,982000000.0,28094000000.0,100.0,37.282180400859176,-0.43022955893732284,8.993921572143226,139.89411664247288,37.0135118332159,29.11054005885522,62.986488166784106
BRK-B,2021-09-30,USD,75504000000.0,33597000000.0,75504000000.0,63020000000.0,12484000000.0,,1116000000.0,10344000000.0,100.0,-21.763998839474453,-20.19110838636027,3.673482817049689,-63.180750338150496,16.53422335240517,13.699936427209156,83.46577664759482
BRK-B,2021-12-31,USD,33783000000.0,-128173000000.0,33783000000.0,63372000000.0,-29589000000.0,,1221000000.0,39646000000.0,100.0,-55.25667514303878,-46.36682595373796,0.5585528403681428,283.27532869296215,-87.58547198295,117.35488263327709,187.58547198295003
BRK-B,2022-03-31,USD,70810000000.0,1978000000.0,70810000000.0,62020000000.0,8790000000.0,,1232000000.0,5460000000.0,100.0,109.60246277713641,0.7268951194184803,-2.1334343243072595,-86.22811885183877,12.413500917949442,7.710775314221155,87.58649908205057
BRK-B,2022-06-30,USD,76180000000.0,66919000000.0,76180000000.0,64743000000.0,11437000000.0,,1498000000.0,-43755000000.0,100.0,7.583674622228509,-21.063538773987645,4.39051918735891,-901.3736263736265,15.013126804935679,-57.43633499606196,84.98687319506432
BRK-B,2022-09-30,USD,76934000000.0,13465000000.0,76934000000.0,67586000000.0,9348000000.0,,1418000000.0,-2688000000.0,100.0,0.9897610921501654,1.8939393939394034,4.39120831595694,-93.85670209118958,12.150674604206204,-3.4939038656510775,87.8493253957938
BRK-B,2022-12-31,USD,160527000000.0,124319000000.0,36208000000.0,70417000000.0,90110000000.0,,1402000000.0,18164000000.0,22.555707139608913,108.65547092312893,375.1709439659,4.188737312461166,-775.7440476190476,56.13385910158416,11.315230459673451,43.86614089841584
BRK-B,2023-03-31,USD,120151000000.0,30319000000.0,120151000000.0,75399000000.0,44752000000.0,,1477000000.0,35504000000.0,100.0,-25.152155089175032,69.68083604010732,7.074996094693042,95.46355428319752,37.24646486504482,29.54948356651214,62.753535134955186
BRK-B,2023-06-30,USD,125564000000.0,73197000000.0,125564000000.0,80129000000.0,45435000000.0,,1457000000.0,35912000000.0,100.0,4.50516433487862,64.82541349435547,6.273292749240711,1.1491662911221168,36.18473447803511,28.6005542990029,63.81526552196489
BRK-B,2023-09-30,USD,63432000000.0,31049000000.0,32383000000.0,49604000000.0,12557000000.0,,1489000000.0,-12767000000.0,51.05151973767184,-49.48233570131566,-17.550107884680376,-38.09482209936478,-135.55079082200936,19.796002017908943,-20.127065203682683,78.2002774624795
BRK-B,2023-12-31,USD,130190000000.0,46710000000.0,83480000000.0,36542000000.0,46938000000.0,,11345000000.0,37574000000.0,64.12166833090099,105.24341026611172,-18.898378465927845,-26.332553826304327,-394.30563170674395,36.05346032721407,28.860895614102468,28.068208003686916
BRK-B,2024-03-31,USD,91745000000.0,55185000000.0,36560000000.0,20854000000.0,15706000000.0,,7232000000.0,12702000000.0,39.84958308354678,-29.529917812427986,-23.641917254121893,-42.93142137814022,-66.19470910736148,17.11918905662434,13.844896179628318,22.730394026922447
BRK-B,2024-06-30,USD,117510000000.0,57143000000.0,60367000000.0,22230000000.0,38137000000.0,,6934000000.0,30348000000.0,51.371798144838735,28.083274292877004,-6.414258864005607,6.598254531504755,138.923004251299,32.45425921198196,25.8258871585397,18.91753893285678
BRK-B,2024-09-30,USD,92995000000.0,30323000000.0,8540000000.0,50900000000.0,-42360000000.0,,9098000000.0,26251000000.0,9.18328942416259,-20.862054293251642,46.60581410013873,128.96986054880793,-13.500065902201131,-45.55083606645518,28.228399376310552,54.73412549061778
BRK-B,2024-12-31,USD,101468000000.0,88035000000.0,13433000000.0,-10592000000.0,24025000000.0,,10215000000.0,19694000000.0,13.238656522253322,9.111242539921506,-22.061602273600123,-120.80943025540276,-24.978096072530576,23.67741553987464,19.409074782197344,-10.438759017621319
BRK-B,2025-03-31,USD,83290000000.0,54265000000.0,29025000000.0,23877000000.0,5148000000.0,,9568000000.0,4603000000.0,34.84812102293193,-17.915007687152595,-9.215761076897921,-325.4248489425982,-76.62739920788057,6.180814023292112,5.526473766358507,28.667306999639813
BRK-B,2025-06-30,USD,98879000000.0,54821000000.0,44058000000.0,29308000000.0,14750000000.0,,9818000000.0,12370000000.0,44.55748945681085,18.716532596950408,-15.85482086630925,22.745738576873144,168.7377797088855,14.91722205928458,12.510239788023746,29.64026739752627
BRK-B,2025-09-30,USD,94972000000.0,72851000000.0,22121000000.0,6285000000.0,15836000000.0,,6285000000.0,30796000000.0,23.292128206208147,-3.9512940058050727,2.1259207484273457,-78.5553432509895,148.95715440582055,16.67438824074464,32.42639935981131,6.617739965463505
COST,2005-08-31,USD,16702248000.0,14654749000.0,2047499000.0,1579875000.0,467624000.0,,,354699000.0,12.258822884200978,,,,,2.7997668337818955,2.1236602402263456,9.459056050419083
COST,2005-11-30,USD,12927353000.0,11330171000.0,1597182000.0,1271687000.0,325495000.0,,,215818000.0,12.355058301571868,-22.601119322381034,,-19.507112904501934,-39.15460714577712,2.5178781766073843,1.66946783305136,9.837180124964483
COST,2006-02-28,USD,14054576000.0,12303850000.0,1750726000.0,1319410000.0,431316000.0,,,296203000.0,12.456626226219845,8.719673702729391,,3.752731607699067,37.24666153888925,3.068865257834886,2.1075199991803384,9.387760968384958
COST,2006-05-31,USD,13273175000.0,11635052000.0,1638123000.0,1282234000.0,354707000.0,,,235595000.0,12.341606284856486,-5.559762172832539,,-2.817623028474847,-20.461642859795482,2.672359853614527,1.7749709470416837,9.660341252187212
COST,2006-08-31,USD,19896123000.0,17476424000.0,2419699000.0,1903953000.0,514114000.0,,,355599000.0,12.161660842165078,49.89724011022232,19.122425915361816,48.48717160830238,50.93656486767546,2.583990860933057,1.787277853077205,9.569467378141963
COST,2006-11-30,USD,14151624000.0,12388958000.0,1762666000.0,1405194000.0,353140000.0,,,236886000.0,12.4555740033794,-28.87245419622707,9.470391966553393,-26.19597227452568,-33.38395214834687,2.495402647780919,1.6739138914374774,9.929560027880898
COST,2007-02-28,USD,15112016000.0,13251752000.0,1860264000.0,1495477000.0,361328000.0,,,249478000.0,12.309833446444207,6.786443732535563,7.523812884856862,6.42494915292835,5.3156370574875655,2.3909979978845977,1.650858495650084,9.89594637803454
COST,2007-05-31,USD,14659255000.0,12877587000.0,1781668000.0,1441672000.0,339065000.0,,,223986000.0,12.153878215502765,-2.9960330904890475,10.442716230291538,-3.5978487131530623,-10.218135466854793,2.3129756594042465,1.5279494080701919,9.834551619437686
COST,2007-08-31,USD,20477260000.0,17931405000.0,2545855000.0,1999524000.0,555053000.0,,,372422000.0,12.43259596254577,39.688272016552006,2.9208554852621305,38.69479326781682,66.27021331690372,2.7105823728369907,1.8187101203969671,9.764607178890145
COST,2007-11-30,USD,15809530000.0,13823511000.0,1986019000.0,1591165000.0,394854000.0,,,262000000.0,12.562163454574552,-22.79470007217762,11.715305607328187,-20.42281062892969,-29.649698460348738,2.4975695039637484,1.657228266747968,10.064593950610803
COST,2008-02-29,USD,16959886000.0,14833189000.0,2126697000.0,1622365000.0,504332000.0,,,327850000.0,12.539571315514738,7.2763453435997105,12.227819240000803,1.9608274440425788,25.133587786259536,2.973675648527354,1.9330908238416225,9.565895666987384
COST,2008-05-31,USD,16613717000.0,14548022000.0,2065695000.0,1600120000.0,465575000.0,,,295000000.0,12.433671525763922,-2.041104521575199,13.332614788404996,-1.37114644361781,-10.019826140003051,2.802353019495878,1.7756411765049325,9.631318506268045
COST,2008-08-31,USD,23099887000.0,20298028000.0,2801859000.0,2197785000.0,604074000.0,,,397828000.0,12.129319074158241,39.04105264342712,12.807509403113503,37.35126115541334,34.856949152542384,2.6150517532834683,1.722207558850829,9.514267320874772
COST,2008-11-30,USD,16395000000.0,14276000000.0,2119000000.0,1697000000.0,422000000.0,,,263000000.0,12.924672156145167,-29.025626835317418,3.703272646308897,-22.785895799634638,-33.891028283579836,2.573955474229948,1.604147605977432,10.350716681915218
COST,2009-02-28,USD,16843000000.0,14771000000.0,2072000000.0,1674000000.0,398000000.0,,,239000000.0,12.301846464406578,2.732540408661177,-0.6891909532882434,-1.3553329404832004,-9.125475285171103,2.3629994656533873,1.418987116309446,9.93884699875319
COST,2009-05-31,USD,15806000000.0,13776000000.0,2030000000.0,1664000000.0,359000000.0,,,210000000.0,12.843224092116918,-6.156860416790355,-4.861747675128935,-0.5973715651135025,-12.133891213389125,2.271289383778312,1.328609388839681,10.527647728710617
COST,2009-08-31,USD,22378000000.0,19512000000.0,2866000000.0,2266000000.0,598000000.0,,,374000000.0,12.807221378139245,41.57914715930659,-3.125067235177381,36.17788461538463,78.09523809523809,2.6722674054875326,1.6712842970774868,10.126016623469479
COST,2009-11-30,USD,17299000000.0,15081000000.0,2218000000.0,1790000000.0,428000000.0,,,266000000.0,12.821550378634603,-22.696398248279557,5.5138761817627335,-21.00617828773168,-28.877005347593588,2.4741314526851266,1.5376611364818775,10.347418925949476
COST,2010-02-28,USD,18742000000.0,16396000000.0,2346000000.0,1876000000.0,470000000.0,,,299000000.0,12.517340732045673,8.341522631365983,11.274713530843684,4.804469273743006,12.406015037593976,2.5077366342973,1.5953473482018994,10.009604097748372
COST,2010-05-31,USD,17780000000.0,15494000000.0,2286000000.0,1795000000.0,491000000.0,,,306000000.0,12.857142857142856,-5.132856685519149,12.488928255093,-4.31769722814499,2.341137123745818,2.7615298087739033,1.7210348706411698,10.095613048368953
COST,2010-08-31,USD,24125000000.0,21024000000.0,3101000000.0,2413000000.0,688000000.0,,,432000000.0,12.853886010362695,35.68616422947131,7.806774510680126,34.42896935933148,41.176470588235304,2.8518134715025907,1.7906735751295337,10.002072538860103
COST,2010-11-30,USD,19239000000.0,16757000000.0,2482000000.0,1957000000.0,525000000.0,,,312000000.0,12.900878424034513,-20.252849740932643,11.214521070582117,-18.89763779527559,-27.77777777777778,2.728832059878372,1.6217059098705755,10.172046364156142
COST,2011-02-28,USD,20875000000.0,18235000000.0,2640000000.0,2044000000.0,596000000.0,,,348000000.0,12.646706586826348,8.503560476116224,11.38085583182158,4.445579969340829,11.538461538461542,2.8550898203592814,1.6670658682634731,9.791616766467067
COST,2011-05-31,USD,20623000000.0,18067000000.0,2556000000.0,2000000000.0,556000000.0,,,324000000.0,12.393929108277165,-1.2071856287425131,15.989876265466819,-2.1526418786692814,-6.896551724137934,2.6960190079037964,1.5710614362604858,9.697910100373369
COST,2011-08-31,USD,28178000000.0,24680000000.0,3498000000.0,2736000000.0,762000000.0,,,478000000.0,12.413939953154944,36.6338554041604,16.799999999999994,36.80000000000001,47.53086419753085,2.704237348285897,1.6963588615231742,9.709702604869047
COST,2011-11-30,USD,21628000000.0,18931000000.0,2697000000.0,2154000000.0,543000000.0,,,320000000.0,12.469946365822082,-23.245084817943074,12.417485316284637,-21.271929824561408,-33.05439330543933,2.5106343628629553,1.479563528759016,9.959312002959127
COST,2012-02-29,USD,22967000000.0,20139000000.0,2828000000.0,2184000000.0,644000000.0,,,394000000.0,12.31331911002743,6.191048640651009,10.021556886227545,1.392757660167132,23.124999999999996,2.804023163669613,1.7155048547916576,9.509295946357819
COST,2012-05-31,USD,22324000000.0,19543000000.0,2781000000.0,2158000000.0,623000000.0,,,386000000.0,12.45744490234725,-2.799669090434098,8.248072540367545,-1.1904761904761862,-2.030456852791873,2.790718509227737,1.7290808098907005,9.666726393119513
COST,2012-08-31,USD,32218000000.0,28210000000.0,4008000000.0,3059000000.0,949000000.0,,,609000000.0,12.440250791483022,44.32001433434869,14.337426360990847,41.7516218721038,57.77202072538861,2.9455583835123225,1.890247687628034,9.4946924079707
COST,2012-11-30,USD,23715000000.0,20726000000.0,2989000000.0,2350000000.0,639000000.0,,,416000000.0,12.603837233818258,-26.392078962070897,9.649528389125205,-23.17750898986597,-31.691297208538582,2.6944971537001896,1.7541640312038795,9.909340080118069
COST,2013-02-28,USD,24871000000.0,21766000000.0,3105000000.0,2367000000.0,738000000.0,,,547000000.0,12.484419605162639,4.874551971326158,8.290155440414516,0.72340425531916,31.490384615384627,2.9673113264444533,2.199348638977122,9.517108278718185
COST,2013-05-31,USD,24083000000.0,21038000000.0,3045000000.0,2323000000.0,722000000.0,,,459000000.0,12.643773616243822,-3.168348679184596,7.879412291703991,-1.8588931136459652,-16.08775137111518,2.997965369762903,1.9059087323007933,9.64580824648092
COST,2013-08-31,USD,32487000000.0,28418000000.0,4069000000.0,3115000000.0,954000000.0,,,617000000.0,12.525010004001599,34.895984719511695,0.834936991743751,34.09384416702539,34.42265795206971,2.9365592390802475,1.8992212269523194,9.588450764921355
COST,2013-11-30,USD,25017000000.0,21824000000.0,3193000000.0,2525000000.0,668000000.0,,,425000000.0,12.763320941759604,-22.993812909779297,5.490196078431375,-18.94060995184591,-31.11831442463533,2.6701842746932085,1.6988447855458289,10.093136667066394
COST,2014-02-28,USD,26306000000.0,23043000000.0,3263000000.0,2539000000.0,724000000.0,,,463000000.0,12.404014293317115,5.152496302514287,5.769772023641995,0.554455445544555,8.94117647058823,2.7522238272637423,1.7600547403634152,9.651790466053372
COST,2014-05-31,USD,25794000000.0,22554000000.0,3240000000.0,2503000000.0,737000000.0,,,473000000.0,12.56106071179344,-1.9463240325401032,7.104596603413205,-1.4178810555336763,2.1598272138228847,2.857253624874002,1.83375978909824,9.703807086919438
COST,2014-08-31,USD,35523000000.0,31037000000.0,4486000000.0,3395000000.0,1091000000.0,,,697000000.0,12.628437913464516,37.71807397069087,9.345276572167327,35.63723531761887,47.35729386892178,3.0712496129268363,1.9621090561044958,9.55718830053768
COST,2014-11-30,USD,26866000000.0,23385000000.0,3481000000.0,2711000000.0,770000000.0,,,496000000.0,12.956897193478747,-24.37012639698224,7.390974137586448,-20.14727540500736,-28.837876614060253,2.86607608129234,1.8461996575597408,10.090821112186408
COST,2015-02-28,USD,27454000000.0,23897000000.0,3557000000.0,2680000000.0,877000000.0,,,598000000.0,12.956217673198806,2.188639916623236,4.364023416711027,-1.143489487274063,20.56451612903225,3.1944343265097985,2.178188970641801,9.761783346689008
COST,2015-05-31,USD,26101000000.0,22687000000.0,3414000000.0,2593000000.0,821000000.0,,,516000000.0,13.07995862227501,-4.928243607488891,1.19019927114834,-3.2462686567164223,-13.712374581939802,3.1454733535113597,1.9769357495881383,9.934485268763648
COST,2015-08-31,USD,35778000000.0,31096000000.0,4682000000.0,3526000000.0,1156000000.0,,,767000000.0,13.086254122645203,37.07520784644267,0.7178447766235996,35.98148862321635,48.643410852713174,3.231035832075577,2.1437755044999722,9.855218290569624
COST,2015-11-30,USD,27220000000.0,23621000000.0,3599000000.0,2832000000.0,767000000.0,,,480000000.0,13.22189566495224,-23.91972720666331,1.317650562048689,-19.68235961429382,-37.41851368970013,2.8177810433504775,1.763409257898604,10.404114621601764
COST,2016-02-29,USD,28170000000.0,24469000000.0,3701000000.0,2845000000.0,856000000.0,,,546000000.0,13.13809016684416,3.490080822924324,2.607998834413938,0.4590395480225995,13.749999999999996,3.0386936457224,1.9382321618743341,10.09939652112176
COST,2016-05-31,USD,26769000000.0,23162000000.0,3607000000.0,2749000000.0,858000000.0,,,545000000.0,13.474541447196383,-4.973375931842384,2.559288916133484,-3.374340949033394,-0.1831501831501825,3.205200044827973,2.0359370914117076,10.269341402368411
COST,2016-08-31,USD,36560000000.0,31649000000.0,4911000000.0,3720000000.0,1191000000.0,,,779000000.0,13.432713347921224,36.575890022040426,2.185700709933469,35.32193524918152,42.93577981651375,3.257658643326039,2.1307439824945296,10.175054704595187
COST,2016-11-30,USD,28099000000.0,24288000000.0,3811000000.0,2962000000.0,849000000.0,,,545000000.0,13.562760240577957,-23.142778993435453,3.2292432035268215,-20.376344086021504,-30.038510911424897,3.021459838428414,1.9395708032314316,10.541300402149542
COST,2017-02-28,USD,29766000000.0,25927000000.0,3839000000.0,2995000000.0,844000000.0,,,515000000.0,12.897265336289726,5.932595466030821,5.6656017039403705,1.1141120864280873,-5.5045871559633035,2.8354498421017267,1.7301619297184707,10.061815494188
COST,2017-05-31,USD,28860000000.0,24970000000.0,3890000000.0,2922000000.0,968000000.0,,,700000000.0,13.47886347886348,-3.0437411812134663,7.811274235122712,-2.4373956594323842,35.92233009708738,3.354123354123354,2.4255024255024256,10.124740124740125
COST,2017-08-31,USD,42300000000.0,36697000000.0,5603000000.0,4153000000.0,1450000000.0,,,919000000.0,13.245862884160756,46.56964656964657,15.700218818380751,42.12867898699522,31.285714285714295,3.4278959810874707,2.1725768321513,9.817966903073286
COST,2017-11-30,USD,31809000000.0,27617000000.0,4192000000.0,3241000000.0,951000000.0,,,640000000.0,13.178660127636832,-24.801418439716315,13.203316844015811,-21.960028894774865,-30.359085963003263,2.9897198905970006,2.0120091797918827,10.188940237039832
COST,2018-02-28,USD,32995000000.0,28733000000.0,4262000000.0,3246000000.0,1016000000.0,,,701000000.0,12.917108652826187,3.7285045113018223,10.847947322448427,0.154273372415914,9.531249999999991,3.0792544324897713,2.124564327928474,9.837854220336414
COST,2018-05-31,USD,32361000000.0,28131000000.0,4230000000.0,3163000000.0,1067000000.0,,,750000000.0,13.071289515157133,-1.9215032580694014,12.130977130977127,-2.556993222427606,6.9900142653352315,3.2971787027594943,2.3176045239640306,9.77411081239764
COST,2018-08-31,USD,44411000000.0,38671000000.0,5740000000.0,4294000000.0,1446000000.0,,,1043000000.0,12.924725856206795,37.23617935168877,4.990543735224584,35.757192538729065,39.06666666666667,3.255950102452095,2.348517259237576,9.668775753754701
COST,2018-11-30,USD,35069000000.0,30623000000.0,4446000000.0,3497000000.0,949000000.0,,,767000000.0,12.677863640252074,-21.035329085136567,10.248671759564898,-18.560782487191428,-26.462128475551296,2.706093700989478,2.187116826827112,9.971769939262597
COST,2019-02-28,USD,35396000000.0,30720000000.0,4676000000.0,3473000000.0,1203000000.0,,,889000000.0,13.210532263532604,0.9324474607202982,7.276860130322782,-0.6863025450386084,15.90612777053455,3.398689117414397,2.511583229743474,9.811843146118205
COST,2019-05-31,USD,34740000000.0,30233000000.0,4507000000.0,3385000000.0,1122000000.0,,,906000000.0,12.973517559009787,-1.8533167589558142,7.351441550013904,-2.533832421537574,1.912260967379087,3.229706390328152,2.6079447322970637,9.743811168681635
COST,2019-08-31,USD,47498000000.0,41310000000.0,6188000000.0,4725000000.0,1463000000.0,,,1097000000.0,13.027916964924838,36.72423719055844,6.950980612911217,39.58641063515509,21.08167770419427,3.080129689671144,2.3095709293022866,9.947787275253695
COST,2019-11-30,USD,37040000000.0,32233000000.0,4807000000.0,3746000000.0,1061000000.0,,,844000000.0,12.977861771058317,-22.017769169228174,5.620348455901225,-20.719576719576715,-23.06289881494986,2.8644708423326133,2.2786177105831533,10.113390928725702
COST,2020-02-29,USD,39072000000.0,34056000000.0,5016000000.0,3750000000.0,1266000000.0,,,931000000.0,12.837837837837837,5.48596112311015,10.38535427731948,0.10678056593700358,10.308056872037907,3.2401719901719903,2.3827805077805078,9.597665847665848
COST,2020-05-31,USD,37266000000.0,32249000000.0,5017000000.0,3838000000.0,1179000000.0,,,838000000.0,13.462673750872108,-4.622235872235869,7.271157167530218,2.3466666666666747,-9.98925886143931,3.1637417485107067,2.2486985455911555,10.298932002361402
COST,2020-08-31,USD,53383000000.0,46401000000.0,6982000000.0,5053000000.0,1929000000.0,,,1389000000.0,13.079070115954517,43.248537540922015,12.389995368226025,31.657113079729026,65.75178997613365,3.613509918888035,2.6019519322630797,9.465560197066482
COST,2020-11-30,USD,43208000000.0,37458000000.0,5750000000.0,4320000000.0,1430000000.0,,,1166000000.0,13.307720792445842,-19.06037502575726,16.65226781857452,-14.5062339204433,-16.05471562275018,3.3095723014256615,2.69857433808554,9.998148491020181
COST,2021-02-28,USD,44769000000.0,39078000000.0,5691000000.0,4351000000.0,1340000000.0,,4105000000.0,951000000.0,12.71192119547008,3.61275689687095,14.580773955773951,0.7175925925925863,-18.439108061749575,2.993142576336304,2.1242377538028547,9.718778619133776
COST,2021-05-31,USD,45277000000.0,39415000000.0,5862000000.0,4199000000.0,1663000000.0,,4142000000.0,1220000000.0,12.946970868211233,1.134713752820038,21.496806740728825,-3.4934497816593857,28.286014721345953,3.6729465291428323,2.694524813923184,9.2740243390684
COST,2021-08-31,USD,62675000000.0,54733000000.0,7942000000.0,5667000000.0,2275000000.0,,5583000000.0,1670000000.0,12.671719186278422,38.425690748061925,17.40629039207238,34.96070492974517,36.88524590163935,3.6298364579178304,2.6645392899880336,9.04188272836059
COST,2021-11-30,USD,50363000000.0,43952000000.0,6411000000.0,4718000000.0,1693000000.0,,4718000000.0,1324000000.0,12.72958322578083,-19.644196250498602,16.55943343825217,-16.746073760367043,-20.7185628742515,3.3615948215952187,2.628914083751961,9.367988404185612
COST,2022-02-28,USD,51904000000.0,45517000000.0,6387000000.0,4575000000.0,1812000000.0,,4575000000.0,1299000000.0,12.305409987669544,3.0597859539741368,15.937367374745914,-3.030945315811784,-1.8882175226586084,3.4910604192355117,2.5026972872996303,8.814349568434032
COST,2022-05-31,USD,52596000000.0,46355000000.0,6241000000.0,4450000000.0,1791000000.0,,4450000000.0,1353000000.0,11.86592136284128,1.3332305795314525,16.164940256642435,-2.732240437158473,4.157043879907629,3.405201916495551,2.57243896874287,8.46071944634573
COST,2022-08-31,USD,72091000000.0,63558000000.0,8533000000.0,6036000000.0,2497000000.0,,6036000000.0,1868000000.0,11.836428957844946,37.06555631606967,15.023534104507386,35.64044943820224,38.063562453806355,3.4636778516042224,2.5911694941116092,8.372751106240724
COST,2022-11-30,USD,54437000000.0,47769000000.0,6668000000.0,4917000000.0,1751000000.0,,4917000000.0,1364000000.0,12.24902180502232,-24.488493709339586,8.089271886106864,-18.538767395626245,-26.980728051391868,3.216562264636185,2.505648731561254,9.032459540386133
COST,2023-02-28,USD,55266000000.0,48423000000.0,6843000000.0,4940000000.0,1903000000.0,,4940000000.0,1466000000.0,12.381934643361198,1.5228612891966753,6.477342786683105,0.4677648972950976,7.478005865102633,3.4433467231209063,2.6526254840227264,8.938587920240293
COST,2023-05-31,USD,53648000000.0,47175000000.0,6473000000.0,4794000000.0,1679000000.0,,4794000000.0,1302000000.0,12.065687444079929,-2.9276589584916635,2.0001521028215175,-2.9554655870445368,-11.186903137789905,3.129660005964808,2.4269311064718164,8.93602743811512
COST,2023-08-31,USD,78939000000.0,69219000000.0,9720000000.0,6939000000.0,2781000000.0,,6939000000.0,2160000000.0,12.313305210352297,47.14248434237995,9.499105297471244,44.74342928660826,65.89861751152073,3.52297343518413,2.736290046744955,8.790331775168168
COST,2023-11-30,USD,57799000000.0,50457000000.0,7342000000.0,5358000000.0,1984000000.0,,5358000000.0,1589000000.0,12.70264191421997,-26.780172031568682,6.175946506971353,-22.78426286208387,-26.435185185185183,3.432585338846693,2.7491825118081628,9.270056575373276
COST,2024-02-29,USD,58442000000.0,51140000000.0,7302000000.0,5240000000.0,2062000000.0,,5240000000.0,1743000000.0,12.494438930905856,1.1124759943943685,5.746752071798222,-2.2023142963792486,9.691629955947146,3.528284452961911,2.982444132644331,8.966154477943943
COST,2024-05-31,USD,58515000000.0,51173000000.0,7342000000.0,5145000000.0,2197000000.0,,5145000000.0,1681000000.0,12.547210117064001,0.1249101673453934,9.072099612287499,-1.8129770992366456,-3.5570854847963296,3.754592839442878,2.872767666410322,8.792617277621122
COST,2024-08-31,USD,79697000000.0,69588000000.0,10109000000.0,7067000000.0,3042000000.0,,7067000000.0,2354000000.0,12.684291755022144,36.19926514568914,0.9602351182558699,37.35665694849368,40.035693039857236,3.8169567235905992,2.9536870898528176,8.867335031431548
COST,2024-11-30,USD,62151000000.0,54109000000.0,8042000000.0,5846000000.0,2196000000.0,,5846000000.0,1798000000.0,12.939453910636997,-22.015885165062677,7.52954203359919,-17.277486910994767,-23.619371282922685,3.5333301153641936,2.8929542565686797,9.406123795272803
COST,2025-02-28,USD,63723000000.0,55744000000.0,7979000000.0,5663000000.0,2316000000.0,,5663000000.0,1788000000.0,12.521381604758094,2.5293237437852945,9.036309503439298,-3.1303455354088294,-0.5561735261401579,3.634480485852832,2.8058942610988185,8.886901118905262
COST,2025-05-31,USD,63205000000.0,54996000000.0,8209000000.0,5679000000.0,2530000000.0,,5679000000.0,1903000000.0,12.987896527173485,-0.8128933038306418,8.015038878919945,0.28253575843193435,6.431767337807615,4.002847875959181,3.010837750177992,8.985048651214303
COST,2025-08-31,USD,86156000000.0,75037000000.0,11119000000.0,7778000000.0,3341000000.0,,7778000000.0,2610000000.0,12.905659501369609,36.31200063286133,8.104445587663278,36.960732523331565,37.151865475564904,3.87784948233437,3.0293885510005105,9.027810019035238
GOOG,2005-09-30,USD,1578456000.0,655154000.0,923302000.0,394131000.0,529171000.0,177793000.0,104851000.0,381182000.0,58.493996665095516,,,,,33.52459618766693,24.149041848489915,24.96940047742858
GOOG,2005-12-31,USD,1919092000.0,775381000.0,1143711000.0,574072000.0,569639000.0,157072000.0,327000000.0,372208000.0,59.59646541176765,21.580329131759136,,45.65512481890539,-2.3542559722127487,29.68273537693868,19.39500555471025,29.913730034828973
GOOG,2006-03-31,USD,2253800000.0,904119000.0,1349681000.0,606982000.0,742699000.0,246599000.0,169395000.0,592291000.0,59.88468364539889,17.440956452322244,,5.732730389219465,59.129035378068174,32.95319016771675,26.279661016949152,26.93149347768214
GOOG,2006-06-30,USD,2456000000.0,989032000.0,1466968000.0,651596000.0,815372000.0,282552000.0,172638000.0,721077000.0,59.7299674267101,8.971514775046586,,7.350135588864259,21.74370368619478,33.199185667752445,29.35981270358306,26.530781758957655
GOOG,2006-09-30,USD,2689700000.0,1048728000.0,1640972000.0,709641000.0,931331000.0,312632000.0,190010000.0,733361000.0,61.00948061122058,9.515472312703576,70.40069536306366,8.908127121713449,1.7035628649922252,34.625831877161026,27.265531471911363,26.383648734059562
GOOG,2006-12-31,USD,3205498000.0,1283148000.0,1922350000.0,861756000.0,1060594000.0,386806000.0,474950000.0,1030717000.0,59.970400855030945,19.176785515113217,67.03201305617448,21.435486393824487,40.54701572622488,33.086715387125494,32.154660523887394,26.883685467905455
GOOG,2007-03-31,USD,3664000000.0,1470426000.0,2193574000.0,972365000.0,1221209000.0,408384000.0,261400000.0,1002162000.0,59.86828602620088,14.303612106449615,62.56988197710533,12.835303728665659,-2.7704015748260646,33.32993995633188,27.351582969432314,26.538346069868997
GOOG,2007-06-30,USD,3872000000.0,1560255000.0,2311745000.0,1207130000.0,1104615000.0,532106000.0,319405000.0,925120000.0,59.704158057851245,5.676855895196509,57.65472312703584,24.14371146637322,-7.6875794532221375,28.52827995867769,23.892561983471076,31.175878099173556
GOOG,2007-09-30,USD,4231400000.0,1662579000.0,2568821000.0,1250979000.0,1317842000.0,548712000.0,321398000.0,1069989000.0,60.70853618187834,9.282024793388421,57.31866007361415,3.6325002278130736,15.659482013144244,31.144349387909436,25.286879047123882,29.5641867939689
GOOG,2007-12-31,USD,4826686000.0,1955824000.0,2870862000.0,1430128000.0,1440734000.0,630783000.0,377048000.0,1206449000.0,59.47894683847261,14.068298908162792,50.57523043221366,14.320704024607922,12.75340213777898,29.849341763686304,24.995390211834785,29.6296050747863
GOOG,2008-03-31,USD,5186000000.0,2110536000.0,3075464000.0,1529229000.0,1546235000.0,673069000.0,409305000.0,1307086000.0,59.303200925568845,7.4443210103164015,41.53930131004366,6.929519595448808,8.341587584721765,29.815561126108754,25.20412649440802,29.487639799460087
GOOG,2008-06-30,USD,5367200000.0,2147575000.0,3219625000.0,1641660000.0,1577965000.0,682210000.0,474910000.0,1247391000.0,59.987050976300495,3.4940223679136073,38.61570247933885,7.352136272592258,-4.567029254387245,29.400152779847964,23.24100089432106,30.586898196452527
GOOG,2008-09-30,USD,5541400000.0,2173390000.0,3368010000.0,1720445000.0,1647565000.0,704571000.0,507064000.0,1289938000.0,60.77904500667701,3.2456401848263594,30.95902065510232,4.799105783170687,3.4108791870391952,29.731926949868264,23.278196845562494,31.04711805680875
GOOG,2008-12-31,USD,5700950000.0,2190005000.0,3510945000.0,1650740000.0,1860205000.0,733341000.0,411361000.0,382442000.0,61.58526210543857,2.879236294077314,18.11313186728949,-4.051568053614041,-70.35190838629454,32.629737149071644,6.708390706812023,28.955524956366922
GOOG,2009-03-31,USD,5509000000.0,2102000000.0,3407000000.0,1523000000.0,1884000000.0,642000000.0,447000000.0,1423000000.0,61.844254855690686,-3.366982695866483,6.228306980331655,-7.738347650144783,272.0825641535187,34.19858413505173,25.830459248502454,27.645670720638954
GOOG,2009-06-30,USD,5523000000.0,2108000000.0,3415000000.0,1541000000.0,1874000000.0,708000000.0,364000000.0,1485000000.0,61.83233749773673,0.2541296060991183,2.90281711134297,1.1818778726198298,4.356992269852422,33.93083469129097,26.88756110809343,27.901502806445773
GOOG,2009-09-30,USD,5945000000.0,2226000000.0,3719000000.0,1645000000.0,2074000000.0,758000000.0,389000000.0,1639000000.0,62.556770395290165,7.6407749411551595,7.283357996174256,6.748864373783259,10.370370370370363,34.88645920941968,27.56938603868797,27.670311185870478
GOOG,2009-12-31,USD,6673863000.0,2408400000.0,4265463000.0,1784480000.0,2480983000.0,736234000.0,465059000.0,1974100000.0,63.91295416163023,12.260100925147178,17.06580482200335,8.479027355623092,20.44539353264185,37.17461685983066,29.579570332804256,26.738337301799575
GOOG,2010-03-31,USD,6775000000.0,2452000000.0,4323000000.0,1835000000.0,2488000000.0,818000000.0,410000000.0,1955000000.0,63.80811808118081,1.5154191807653206,22.980577237248134,2.83107684031203,-0.9675295071171708,36.723247232472325,28.856088560885606,27.084870848708487
GOOG,2010-06-30,USD,6820000000.0,2467000000.0,4353000000.0,1988000000.0,2365000000.0,898000000.0,461000000.0,1840000000.0,63.82697947214076,0.6642066420664117,23.483613977910565,8.337874659400546,-5.882352941176472,34.67741935483871,26.97947214076246,29.14956011730205
GOOG,2010-09-30,USD,7286000000.0,2552000000.0,4734000000.0,2187000000.0,2547000000.0,994000000.0,532000000.0,2167000000.0,64.97392259127093,6.8328445747800615,22.556770395290158,10.010060362173046,17.77173913043477,34.95745264891573,29.741970903101837,30.0164699423552
GOOG,2010-12-31,USD,8440000000.0,2946000000.0,5494000000.0,2512000000.0,2982000000.0,1051000000.0,559000000.0,2543000000.0,65.09478672985782,15.838594564919028,26.46348898681319,14.860539551897567,17.351176742039677,35.33175355450237,30.1303317535545,29.763033175355453
GOOG,2011-03-31,USD,8575000000.0,2936000000.0,5639000000.0,3343000000.0,2296000000.0,1226000000.0,591000000.0,1798000000.0,65.76093294460641,1.5995260663507205,26.568265682656822,33.08121019108281,-29.29610696028313,26.77551020408163,20.96793002915452,38.98542274052478
GOOG,2011-06-30,USD,9026000000.0,3172000000.0,5854000000.0,2973000000.0,2881000000.0,1234000000.0,648000000.0,2505000000.0,64.85707954797253,5.259475218658882,32.34604105571848,-11.067903081064912,39.32146829810901,31.918900952803014,27.753157544870376,32.93817859516951
GOOG,2011-09-30,USD,9720000000.0,3378000000.0,6342000000.0,3284000000.0,3058000000.0,1404000000.0,676000000.0,2729000000.0,65.24691358024691,7.688898736982042,33.406533077134235,10.460813992600059,8.942115768463065,31.46090534979424,28.0761316872428,33.78600823045267
GOOG,2011-12-31,USD,10583000000.0,3703000000.0,6880000000.0,3373000000.0,3507000000.0,1301000000.0,805000000.0,2704000000.0,65.00992157233298,8.878600823045257,25.39099526066351,2.710109622411694,-0.9160864785635714,33.13805159217613,25.550411036568082,31.871869980156852
GOOG,2012-03-31,USD,10645000000.0,3789000000.0,6856000000.0,3467000000.0,3389000000.0,1441000000.0,757000000.0,2890000000.0,64.40582433067168,0.5858452234716038,24.139941690962097,2.7868366439371517,6.878698224852076,31.83654297792391,27.148896195396897,32.56928135274777
GOOG,2012-06-30,USD,11807000000.0,4677000000.0,7130000000.0,3893000000.0,3237000000.0,1538000000.0,942000000.0,2785000000.0,60.38790547980012,10.915922968529834,30.810990471969866,12.287280069224105,-3.633217993079585,27.415939696790037,23.58770221055306,32.97196578301008
GOOG,2012-09-30,USD,13304000000.0,5955000000.0,7349000000.0,4609000000.0,2740000000.0,1879000000.0,1020000000.0,2176000000.0,55.23902585688515,12.67891928516982,36.87242798353909,18.391985615206785,-21.867145421903057,20.595309681298858,16.35598316295851,34.64371617558629
GOOG,2012-12-31,USD,13215000000.0,5278000000.0,7937000000.0,4505000000.0,3432000000.0,1758000000.0,1066000000.0,2886000000.0,60.060537268255764,-0.6689717378232096,24.870074648020402,-2.256454762421345,32.628676470588225,25.970488081725314,21.838819523269013,34.09004918653046
GOOG,2013-03-31,USD,12951000000.0,5136000000.0,7815000000.0,4067000000.0,3748000000.0,1617000000.0,1015000000.0,3346000000.0,60.34283066944638,-1.9977298524404108,21.662752465946443,-9.722530521642614,15.939015939015944,28.939850204617407,25.83584279206239,31.40298046482897
GOOG,2013-06-30,USD,13107000000.0,5195000000.0,7912000000.0,4447000000.0,3465000000.0,1766000000.0,1098000000.0,3228000000.0,60.36469062333104,1.2045401899467123,11.010417548911654,9.343496434718457,-3.5265989240884643,26.436255436026553,24.628061341268026,33.928435187304494
GOOG,2013-09-30,USD,13754000000.0,5409000000.0,8345000000.0,4584000000.0,3761000000.0,1821000000.0,1135000000.0,2970000000.0,60.67325868838156,4.936293583581297,3.3824413710162426,3.0807285810658946,-7.99256505576208,27.344772429838592,21.593718191071687,33.32848625854297
GOOG,2013-12-31,USD,16858000000.0,7438000000.0,9420000000.0,5498000000.0,3922000000.0,2111000000.0,1261000000.0,3376000000.0,55.87851465179736,22.567980223934846,27.56715853197125,19.938917975567193,13.670033670033677,23.264918732945784,20.02610036777791,32.61359591885159
GOOG,2014-03-31,USD,15420000000.0,5961000000.0,9459000000.0,5344000000.0,4115000000.0,2126000000.0,1489000000.0,3452000000.0,61.342412451361874,-8.530074741962268,19.064164929349083,-2.8010185522007958,2.251184834123232,26.686121919584956,22.386511024643323,34.65629053177691
GOOG,2014-06-30,USD,15955000000.0,6114000000.0,9841000000.0,5583000000.0,4258000000.0,2238000000.0,1404000000.0,3351000000.0,61.67972422438107,3.4695201037613588,21.728847180895695,4.472305389221565,-2.925840092699883,26.687558759009715,21.00282043246631,34.99216546537136
GOOG,2014-09-30,USD,16523000000.0,6695000000.0,9828000000.0,6104000000.0,3724000000.0,2655000000.0,1365000000.0,2739000000.0,59.48072383949646,3.560012535255397,20.132325141776942,9.331900411964899,-18.26320501342883,22.538279973370454,16.57689281607456,36.942443866126006
GOOG,2014-12-31,USD,18103000000.0,6921000000.0,11182000000.0,6783000000.0,4399000000.0,2813000000.0,1593000000.0,4757000000.0,61.76876760757886,9.56242813048478,7.385217700794877,11.123853211009171,73.67652427893393,24.29983980555709,26.277412583549687,37.46892780202176
GOOG,2015-03-31,USD,17258000000.0,6356000000.0,10902000000.0,6455000000.0,4447000000.0,2753000000.0,1637000000.0,3515000000.0,63.170703441882026,-4.667734629619402,11.919584954604412,-4.835618457909474,-26.10889215892369,25.767759879476188,20.367365859311622,37.40294356240584
GOOG,2015-06-30,USD,17727000000.0,6583000000.0,11144000000.0,6319000000.0,4825000000.0,2789000000.0,1450000000.0,3931000000.0,62.86455689061883,2.7175802526364645,11.106236289564396,-2.1068938807126236,11.834992887624463,27.21836746206352,22.175212951994133,35.64618942855532
GOOG,2015-09-30,USD,18675000000.0,7037000000.0,11638000000.0,6930000000.0,4708000000.0,3230000000.0,1477000000.0,3979000000.0,62.3186077643909,5.347774581147413,13.024269200508387,9.669251463839213,1.2210633426608997,25.21017402945114,21.30655957161981,37.10843373493976
GOOG,2015-12-31,USD,21329000000.0,8188000000.0,13141000000.0,7761000000.0,5380000000.0,3510000000.0,1572000000.0,4923000000.0,61.61095222467063,14.211512717536824,17.82025078716234,11.991341991341997,23.724553908017086,25.223873599324865,23.081250879084813,36.38707862534577
GOOG,2016-03-31,USD,20257000000.0,7648000000.0,12609000000.0,7267000000.0,5342000000.0,3367000000.0,1513000000.0,4207000000.0,62.245149824751934,-5.026020910497442,17.377448139993046,-6.365159128978226,-14.543977249644524,26.371130967073107,20.76812953546922,35.87401885767883
GOOG,2016-06-30,USD,21500000000.0,8130000000.0,13370000000.0,7402000000.0,5968000000.0,3363000000.0,1624000000.0,4877000000.0,62.1860465116279,6.136150466505397,21.28391718846956,1.8577129489472988,15.92583788923223,27.758139534883718,22.68372093023256,34.42790697674419
GOOG,2016-09-30,USD,22451000000.0,8699000000.0,13752000000.0,7985000000.0,5767000000.0,3596000000.0,1824000000.0,5061000000.0,61.253396285243426,4.423255813953486,20.219544846050862,7.876249662253443,3.7728111543982035,25.687051801701482,22.542425727139104,35.56634448354193
GOOG,2016-12-31,USD,26064000000.0,10661000000.0,15403000000.0,8764000000.0,6639000000.0,3622000000.0,2024000000.0,5333000000.0,59.09683855125844,16.09282437307915,22.19982183881102,9.75579211020663,5.374431930448531,25.471915285451196,20.461172498465316,33.62492326580725
GOOG,2017-03-31,USD,24750000000.0,9795000000.0,14955000000.0,8387000000.0,6568000000.0,3942000000.0,1801000000.0,5426000000.0,60.42424242424242,-5.041436464088401,22.179987164930637,-4.301688726608854,1.7438589911869418,26.537373737373738,21.923232323232323,33.88686868686869
GOOG,2017-06-30,USD,26010000000.0,10373000000.0,15637000000.0,11505000000.0,4132000000.0,4172000000.0,1700000000.0,3524000000.0,60.119184928873516,5.0909090909091015,20.976744186046513,37.17658280672469,-35.05344636933284,15.886197616301423,13.548635140330642,44.232987312572085
GOOG,2017-09-30,USD,27772000000.0,11148000000.0,16624000000.0,8842000000.0,7782000000.0,4205000000.0,1595000000.0,6732000000.0,59.85885064093331,6.774317570165311,23.700503318337706,-23.146458061712295,91.03291713961409,28.021028373901775,24.24024197032983,31.83782226703154
GOOG,2017-12-31,USD,32323000000.0,14267000000.0,18056000000.0,10392000000.0,7664000000.0,4306000000.0,1776000000.0,-3020000000.0,55.861151502026416,16.387008497767532,24.013965623081646,17.529970594888034,-144.86036838978015,23.71067042044365,-9.343192154193607,32.15048108158277
GOOG,2018-03-31,USD,31146000000.0,13467000000.0,17679000000.0,10046000000.0,7633000000.0,5039000000.0,1403000000.0,9401000000.0,56.76170294740898,-3.641369922346316,25.842424242424244,-3.329484218629719,-411.2913907284768,24.507159827907277,30.183651191164195,32.2545431195017
GOOG,2018-06-30,USD,32657000000.0,13883000000.0,18774000000.0,15729000000.0,3045000000.0,5114000000.0,1764000000.0,3195000000.0,57.488440456869895,4.851345277082131,25.555555555555554,56.56977901652398,-66.01425380278694,9.324187769850262,9.783507364424167,48.164252687019626
GOOG,2018-09-30,USD,33740000000.0,14281000000.0,19459000000.0,10834000000.0,8625000000.0,5232000000.0,1753000000.0,9192000000.0,57.673384706579725,3.316287472823598,21.48926976811176,-31.120859558776782,187.6995305164319,25.563129816241847,27.243627741553052,32.11025489033788
GOOG,2018-12-31,USD,39276000000.0,17918000000.0,21358000000.0,13155000000.0,8203000000.0,6034000000.0,2021000000.0,8948000000.0,54.37926469090538,16.407824540604633,21.510998360300704,21.4232970278752,-2.654482158398608,20.88552805784703,22.78236072919849,33.493736633058354
GOOG,2019-03-31,USD,36339000000.0,16012000000.0,20327000000.0,13719000000.0,6608000000.0,6029000000.0,2088000000.0,6657000000.0,55.93714741737528,-7.477849068133214,16.67308803698708,4.287343215507411,-25.603486812695575,18.184319876716476,18.3191612317345,37.75282754065879
GOOG,2019-06-30,USD,38944000000.0,17296000000.0,21648000000.0,12468000000.0,9180000000.0,6213000000.0,2043000000.0,9947000000.0,55.58751027115859,7.168606731060301,19.251615273907575,-9.11874043297617,49.42166140904312,23.57230895645029,25.541803615447822,32.0152013147083
GOOG,2019-09-30,USD,40499000000.0,17568000000.0,22931000000.0,13754000000.0,9177000000.0,6554000000.0,2591000000.0,7068000000.0,56.62115113953431,3.992912900575174,20.03260225251926,10.314404876483806,-28.94340002010657,22.65981876095706,17.452282772414137,33.96133237857725
GOOG,2019-12-31,USD,46075000000.0,21020000000.0,25055000000.0,15789000000.0,9266000000.0,7222000000.0,2829000000.0,10671000000.0,54.378730330982094,13.768241191140529,17.31082594968938,14.79569579758615,50.97623089983021,20.110689093868693,23.160065111231688,34.2680412371134
GOOG,2020-03-31,USD,41159000000.0,18982000000.0,22177000000.0,14200000000.0,7977000000.0,6820000000.0,2880000000.0,6836000000.0,53.881289632887096,-10.669560499186115,13.263986350752631,-10.063968585724236,-35.938524974229225,19.38093734055735,16.608761145800433,34.500352292329744
GOOG,2020-06-30,USD,38297000000.0,18553000000.0,19744000000.0,13361000000.0,6383000000.0,6875000000.0,2585000000.0,6959000000.0,51.554952085019714,-6.953521708496324,-1.661359901396875,-5.908450704225354,1.7992978349912203,16.66710186176463,18.17113612032274,34.887850223255086
GOOG,2020-09-30,USD,46173000000.0,21117000000.0,25056000000.0,13843000000.0,11213000000.0,6856000000.0,2756000000.0,11247000000.0,54.26547982587226,20.565579549311952,14.010222474628996,3.6075144076042287,61.61804857019686,24.284755159941955,24.358391267623936,29.980724665930303
GOOG,2020-12-31,USD,56898000000.0,26080000000.0,30818000000.0,15167000000.0,15651000000.0,7022000000.0,2831000000.0,15227000000.0,54.16359098738093,23.227860437918267,23.489962018448175,9.564400780177706,35.38721436827599,27.507118000632712,26.761924847973567,26.656472986748213
GOOG,2021-03-31,USD,55314000000.0,24103000000.0,31211000000.0,14774000000.0,16437000000.0,7485000000.0,2773000000.0,17930000000.0,56.42513649347363,-2.7839291363492613,34.39102018999489,-2.5911518428166413,17.75136271097393,29.715804317171056,32.414940159814876,26.709332176302564
GOOG,2021-06-30,USD,61880000000.0,26227000000.0,35653000000.0,16292000000.0,19361000000.0,7675000000.0,3341000000.0,18525000000.0,57.616354234001285,11.870412553783849,61.57923597148602,10.274807093542716,3.3184606804238737,31.2879767291532,29.936974789915965,26.328377504848095
GOOG,2021-09-30,USD,65118000000.0,27621000000.0,37497000000.0,16466000000.0,21031000000.0,7694000000.0,3256000000.0,18936000000.0,57.58315673085783,5.232708468002589,41.0304723539731,1.0680088386938458,2.2186234817813677,32.296753585798086,29.079517184188703,25.286403145059737
GOOG,2021-12-31,USD,75325000000.0,32988000000.0,42337000000.0,20452000000.0,21885000000.0,8708000000.0,4140000000.0,20642000000.0,56.20577497510787,15.674621456432947,32.386024113325604,24.207457791813436,9.00929446556824,29.054098904746102,27.40391636242947,27.151676070361763
GOOG,2022-03-31,USD,68011000000.0,29599000000.0,38412000000.0,18318000000.0,20094000000.0,9119000000.0,3374000000.0,16436000000.0,56.47909896928438,-9.709923664122133,22.95440575622807,-10.434187365538827,-20.37593256467397,29.545220626075192,24.166678919586538,26.933878343209187
GOOG,2022-06-30,USD,69685000000.0,30104000000.0,39581000000.0,20128000000.0,19453000000.0,9841000000.0,3657000000.0,16002000000.0,56.79988519767525,2.4613665436473475,12.613122171945701,9.880991374604209,-2.640545144804085,27.9156202913109,22.963335007533903,28.884264906364354
GOOG,2022-09-30,USD,69092000000.0,31158000000.0,37934000000.0,20799000000.0,17135000000.0,10273000000.0,3597000000.0,13910000000.0,54.90360678515602,-0.8509722321876967,6.102767284007493,3.3336645468998505,-13.073365829271344,24.800266311584554,20.13257685404967,30.10334047357147
GOOG,2022-12-31,USD,76048000000.0,35342000000.0,40706000000.0,22546000000.0,18160000000.0,10267000000.0,5096000000.0,13624000000.0,53.526719966337055,10.067735772593057,0.959840690341851,8.3994422808789,-2.0560747663551426,23.87965495476541,17.915001051967177,29.647065011571637
GOOG,2023-03-31,USD,69787000000.0,30612000000.0,39175000000.0,21760000000.0,17415000000.0,11468000000.0,3759000000.0,15051000000.0,56.13509679453193,-8.232958131706292,2.6113422828660138,-3.486205978887602,10.474163241338807,24.95450442059409,21.56705403585195,31.180592373937838
GOOG,2023-06-30,USD,74604000000.0,31916000000.0,42688000000.0,20850000000.0,21838000000.0,10588000000.0,3481000000.0,18368000000.0,57.21945204010509,6.9024316849843,7.058907942885839,-4.181985294117652,22.03840276393596,29.271888906761028,24.62066377137955,27.947563133344055
GOOG,2023-09-30,USD,76693000000.0,33229000000.0,43464000000.0,22121000000.0,21343000000.0,11258000000.0,3979000000.0,19689000000.0,56.67270806983689,2.8001179561417677,11.001273664100042,6.095923261390879,7.191855400696867,27.829136948613304,25.672486406842864,28.843571121223583
GOOG,2023-12-31,USD,86310000000.0,37575000000.0,48735000000.0,25038000000.0,23697000000.0,12113000000.0,5206000000.0,20687000000.0,56.465067778936394,12.539605961430645,13.494108983799702,13.186564802676193,5.068820153385145,27.455683003128257,23.96825396825397,29.009384775808133
GOOG,2024-03-31,USD,80539000000.0,33712000000.0,47063000000.0,21355000000.0,25472000000.0,11315000000.0,3026000000.0,23662000000.0,58.43504389177914,-6.686363109720772,15.406880937710454,-14.709641345155367,14.381012229902845,31.62691366915407,29.37955524652653,26.515104483542135
GOOG,2024-06-30,USD,84742000000.0,35507000000.0,49235000000.0,21810000000.0,27425000000.0,11860000000.0,3158000000.0,23619000000.0,58.099879634655785,5.218589751548941,13.58908369524423,2.130648560056203,-0.1817259741357491,32.362936914399,27.871657501593074,25.736942720256778
GOOG,2024-09-30,USD,88268000000.0,36474000000.0,51794000000.0,23273000000.0,28521000000.0,12447000000.0,3599000000.0,26301000000.0,58.678116644763676,4.1608647423945655,15.092642092498654,6.70793214121963,11.355264829162959,32.31182308424344,29.796755336022112,26.366293560520234
GOOG,2024-12-31,USD,96469000000.0,40613000000.0,55856000000.0,24884000000.0,30972000000.0,13116000000.0,4405000000.0,26536000000.0,57.90046543449191,9.291022794217607,11.770362646275046,6.9221845056503195,0.8935021482072925,32.10565051985612,27.507282132083883,25.79481491463579
GOOG,2025-03-31,USD,90234000000.0,36361000000.0,53873000000.0,23267000000.0,30606000000.0,13556000000.0,3539000000.0,34540000000.0,59.70365937451515,-6.4632161627051214,12.03764635766522,-6.498151422600873,30.16279770877299,33.91847862224882,38.27825431655473,25.785180752266328
GOOG,2025-06-30,USD,96428000000.0,39039000000.0,57389000000.0,26118000000.0,31271000000.0,13808000000.0,5209000000.0,28196000000.0,59.514871199236744,6.864374847618415,13.790092280097245,12.253406111660281,-18.367110596409965,32.42937735927324,29.240469573153028,27.085493839963497
GOOG,2025-09-30,USD,102346000000.0,41369000000.0,60977000000.0,29749000000.0,31228000000.0,15151000000.0,7393000000.0,34979000000.0,59.579270318331936,6.137221553905503,15.94915484660353,13.902289608698993,24.056603773584897,30.512184159615423,34.177202821800556,29.06708615871651
HD,2005-10-31,USD,20744000000.0,13781000000.0,6963000000.0,4490000000.0,2473000000.0,0.0,4119000000.0,1538000000.0,33.56633243347474,,,,,11.921519475510992,7.41419205553413,21.64481295796375
HD,2006-01-31,USD,19489000000.0,12896000000.0,6593000000.0,4545000000.0,2048000000.0,0.0,4132000000.0,1285000000.0,33.82933962748217,-6.049942151947551,,1.2249443207126953,-16.449934980494152,10.508491969829134,6.593462979116424,23.320847657653037
HD,2006-04-30,USD,21461000000.0,14233000000.0,7228000000.0,4806000000.0,2422000000.0,0.0,4146000000.0,1484000000.0,33.6796980569405,10.11852840063625,,5.742574257425748,15.486381322957188,11.285587810446856,6.91486883183449,22.39411024649364
HD,2006-07-31,USD,22592000000.0,15136000000.0,7456000000.0,4541000000.0,2915000000.0,0.0,4146000000.0,1862000000.0,33.0028328611898,5.270024695960118,,-5.513940907199332,25.47169811320755,12.90279745042493,8.24185552407932,20.10003541076487
HD,2006-10-31,USD,14704000000.0,11054000000.0,3650000000.0,1723000000.0,1927000000.0,0.0,3981000000.0,1490000000.0,24.82317736670294,-34.915014164305944,-29.116853065946778,-62.05681567936578,-19.97851772287863,13.105277475516866,10.13329706202394,11.717899891186072
HD,2007-01-31,USD,20265000000.0,13627000000.0,6638000000.0,5036000000.0,1602000000.0,0.0,4000000000.0,925000000.0,32.755983222304465,37.819640914037,3.9817332854430676,192.2809053975624,-37.91946308724832,7.905255366395263,4.56452010856156,24.850727855909202
HD,2007-04-30,USD,18545000000.0,12282000000.0,6263000000.0,4591000000.0,1672000000.0,0.0,4186000000.0,1046000000.0,33.77190617417094,-8.487540093757707,-13.587437677647829,-8.836378077839557,13.08108108108108,9.015907252628741,5.640334321919656,24.755998921542194
HD,2007-07-31,USD,22184000000.0,14843000000.0,7341000000.0,4784000000.0,2557000000.0,0.0,4370000000.0,1587000000.0,33.091417237648756,19.622539768131574,-1.8059490084985863,4.203877150947499,51.72084130019121,11.526325279480707,7.153804543815362,21.565091958168047
HD,2007-10-31,USD,18961000000.0,12622000000.0,6339000000.0,4575000000.0,1764000000.0,0.0,4144000000.0,1091000000.0,33.43178102420759,-14.528489001081857,28.9513057671382,-4.368729096989965,-31.253938248267165,9.303306787616688,5.753915932703971,24.128474236590897
HD,2008-01-31,USD,17659000000.0,11605000000.0,6054000000.0,4805000000.0,1249000000.0,0.0,4353000000.0,671000000.0,34.28280197066652,-6.866726438478987,-12.859610165309643,5.027322404371581,-38.4967919340055,7.072880684070445,3.7997621609377656,27.20992128659607
HD,2008-04-30,USD,17907000000.0,11835000000.0,6072000000.0,5344000000.0,728000000.0,0.0,4900000000.0,356000000.0,33.90852739152287,1.4043830341468944,-3.440280399029383,11.217481789802285,-46.944858420268254,4.0654492656503045,1.9880493661696543,29.843078125872562
HD,2008-07-31,USD,20990000000.0,14026000000.0,6964000000.0,4922000000.0,2042000000.0,0.0,4470000000.0,1202000000.0,33.177703668413535,17.216730887362488,-5.382257482870534,-7.896706586826352,237.64044943820224,9.728442115292998,5.726536445926632,23.449261553120536
HD,2008-10-31,USD,17784000000.0,11790000000.0,5994000000.0,4671000000.0,1323000000.0,0.0,4225000000.0,756000000.0,33.70445344129555,-15.273939971414963,-6.207478508517483,-5.099553027224701,-37.10482529118136,7.439271255060728,4.251012145748987,26.26518218623482
HD,2009-01-31,USD,14607000000.0,9647000000.0,4960000000.0,4694000000.0,266000000.0,0.0,4251000000.0,-54000000.0,33.956322311220646,-17.864372469635626,-17.282971855710972,0.4923999143652269,-107.14285714285714,1.821044704593688,-0.36968576709796674,32.135277606626964
HD,2009-04-30,USD,16175000000.0,10725000000.0,5450000000.0,4470000000.0,980000000.0,,3925000000.0,514000000.0,33.69397217928903,10.734579311289117,-9.672195230915282,-4.772049424797609,-1051.851851851852,6.058732612055642,3.17774343122102,27.635239567233384
HD,2009-07-31,USD,19071000000.0,12683000000.0,6388000000.0,4555000000.0,1833000000.0,0.0,4101000000.0,1116000000.0,33.49588380263227,17.90417310664605,-9.142448785135782,1.9015659955257336,117.12062256809337,9.611451942740286,5.85181689476168,23.884431859891983
HD,2009-10-31,USD,16361000000.0,10800000000.0,5561000000.0,4298000000.0,1263000000.0,0.0,3870000000.0,689000000.0,33.989364953242465,-14.210057154842426,-8.001574448942872,-5.642151481888035,-38.261648745519715,7.719577042968035,4.211234032149624,26.269787910274434
HD,2010-01-31,USD,14569000000.0,9556000000.0,5013000000.0,4286000000.0,727000000.0,0.0,11896000000.0,342000000.0,34.408675955796554,-10.952875741091617,-0.26014924351338564,-0.2791996277338282,-50.36284470246735,4.990047360834649,2.3474500652069463,29.418628594961906
HD,2010-04-30,USD,16863000000.0,11069000000.0,5794000000.0,4489000000.0,1305000000.0,0.0,4078000000.0,725000000.0,34.3592480578782,15.745761548493387,4.2534775888717125,4.736350909939335,111.98830409356724,7.738836505959794,4.299353614422108,26.620411551918398
HD,2010-07-31,USD,19410000000.0,12828000000.0,6582000000.0,4533000000.0,2049000000.0,0.0,4127000000.0,1192000000.0,33.91035548686244,15.104074008183588,1.777568035236743,0.9801737580752867,64.41379310344828,10.5564142194745,6.141164348274086,23.353941267387945
HD,2010-10-31,USD,16598000000.0,10913000000.0,5685000000.0,4237000000.0,1448000000.0,0.0,3807000000.0,834000000.0,34.25111459211953,-14.487377640391552,1.4485667135260671,-6.529891903816454,-30.033557046979865,8.723942643692011,5.024701771297747,25.527171948427522
HD,2011-01-31,USD,15126000000.0,9883000000.0,5243000000.0,4206000000.0,1037000000.0,,3807000000.0,587000000.0,34.662171096125874,-8.86853837811784,3.8231862173107256,-0.73164975218315,-29.616306954436457,6.855745074705805,3.8807351580060825,27.806426021420073
HD,2011-04-30,USD,16823000000.0,10995000000.0,5828000000.0,4406000000.0,1422000000.0,0.0,4009000000.0,812000000.0,34.643048207810736,11.219092952532073,-0.23720571665777346,4.755111745126017,38.3304940374787,8.452713546929798,4.82672531653094,26.190334660880936
HD,2011-07-31,USD,20232000000.0,13356000000.0,6876000000.0,4582000000.0,2294000000.0,0.0,3956000000.0,1363000000.0,33.985765124555165,20.26392438922904,4.2349304482225625,3.9945528824330445,67.85714285714286,11.338473705021748,6.736852510873863,22.647291419533413
HD,2011-10-31,USD,17326000000.0,11365000000.0,5961000000.0,4346000000.0,1615000000.0,0.0,3956000000.0,934000000.0,34.4049405517719,-14.363384737050222,4.386070610916981,-5.150589262330863,-31.474688187820988,9.321251298626342,5.390742237100311,25.083689253145565
HD,2012-01-31,USD,16014000000.0,10417000000.0,5597000000.0,4267000000.0,1330000000.0,0.0,3877000000.0,774000000.0,34.95066816535532,-7.572434491515645,5.870686235620792,-1.8177634606534765,-17.1306209850107,8.305232921193955,4.833270887973024,26.64543524416136
HD,2012-04-30,USD,17808000000.0,11625000000.0,6183000000.0,4469000000.0,1714000000.0,,4086000000.0,1035000000.0,34.72035040431267,11.202697639565384,5.855079355644066,4.73400515584721,33.72093023255813,9.624887690925426,5.811994609164421,25.09546271338724
HD,2012-07-31,USD,20570000000.0,13544000000.0,7026000000.0,4457000000.0,2569000000.0,0.0,4066000000.0,1532000000.0,34.15653864851726,15.509883198562434,1.6706207987346788,-0.26851644663236085,48.019323671497595,12.489061740398638,7.447739426349052,21.66747690811862
HD,2012-10-31,USD,18130000000.0,11863000000.0,6267000000.0,4534000000.0,1733000000.0,0.0,4139000000.0,947000000.0,34.567015995587425,-11.861934856587265,4.640424795105624,1.7276194749831664,-38.18537859007834,9.558742415885273,5.223386651958081,25.008273579702152
HD,2013-01-31,USD,18246000000.0,11880000000.0,6366000000.0,4616000000.0,1750000000.0,0.0,4217000000.0,1021000000.0,34.88983886879316,0.639823496966363,13.937804421131506,1.8085575650639507,7.814149947201687,9.591143264277102,5.595747013043955,25.29869560451606
HD,2013-04-30,USD,19124000000.0,12445000000.0,6679000000.0,4585000000.0,2094000000.0,,4183000000.0,1226000000.0,34.92470194519975,4.81201359202017,7.389937106918243,-0.6715771230502598,20.07835455435847,10.949592135536498,6.410792721188035,23.975109809663252
HD,2013-07-31,USD,22522000000.0,14801000000.0,7721000000.0,4703000000.0,3018000000.0,0.0,4294000000.0,1795000000.0,34.28203534321996,17.76824932022589,9.489547885269811,2.5736095965103623,46.41109298531811,13.40023088535654,7.969984903649764,20.881804457863424
HD,2013-10-31,USD,19470000000.0,12672000000.0,6798000000.0,4505000000.0,2293000000.0,0.0,4096000000.0,1351000000.0,34.91525423728813,-13.551194387709797,7.391064533921687,-4.210078673187323,-24.73537604456825,11.777092963533642,6.938880328710837,23.13816127375449
HD,2014-01-31,USD,17696000000.0,11504000000.0,6192000000.0,4431000000.0,1761000000.0,0.0,4024000000.0,1013000000.0,34.99095840867993,-9.111453518233182,-3.014359311629944,-1.6426193118756927,-25.01850481125093,9.951401446654613,5.724457504520795,25.039556962025316
HD,2014-04-30,USD,19687000000.0,12802000000.0,6885000000.0,4608000000.0,2277000000.0,,4067000000.0,1379000000.0,34.97231675725098,11.251130198915016,2.9439447814264774,3.9945836154366976,36.13030602171767,11.56600802560065,7.004622339614974,23.406308731650327
HD,2014-07-31,USD,23811000000.0,15650000000.0,8161000000.0,4713000000.0,3448000000.0,0.0,4146000000.0,2050000000.0,34.274075007349545,20.947833595773858,5.723292780392497,2.278645833333326,48.658448150833934,14.480702196463819,8.609466213094787,19.793372810885725
HD,2014-10-31,USD,20516000000.0,13331000000.0,7185000000.0,4632000000.0,2553000000.0,0.0,4217000000.0,1537000000.0,35.021446675765254,-13.838142035193822,5.372367745249096,-1.7186505410566544,-25.024390243902438,12.443946188340806,7.491713784363424,22.577500487424448
HD,2015-01-31,USD,19162000000.0,12439000000.0,6723000000.0,4532000000.0,2191000000.0,0.0,3571000000.0,1379000000.0,35.085064189541804,-6.599727042308445,8.284358047016283,-2.1588946459412783,-10.279765777488613,11.43408829975994,7.196534808475106,23.65097588978186
HD,2015-04-30,USD,20891000000.0,13712000000.0,7179000000.0,4582000000.0,2597000000.0,,4163000000.0,1579000000.0,34.364080225934615,9.023066485753063,6.1157108751968225,1.103265666372466,14.503263234227703,12.43119046479345,7.558278684601024,21.932889761141162
HD,2015-07-31,USD,24829000000.0,16464000000.0,8365000000.0,4718000000.0,3647000000.0,0.0,4299000000.0,2234000000.0,33.6904426275726,18.8502225838878,4.275334929234398,2.9681361850720123,41.48195060164661,14.688469128841275,8.997543195456926,19.001973498731324
HD,2015-10-31,USD,21819000000.0,14254000000.0,7565000000.0,4584000000.0,2981000000.0,0.0,4161000000.0,1725000000.0,34.67161648104863,-12.12292077812236,6.351140573211156,-2.8401865197117404,-22.78424350940018,13.662404326504424,7.9059535267427465,21.009212154544205
HD,2016-01-31,USD,20980000000.0,13824000000.0,7156000000.0,4607000000.0,2549000000.0,0.0,12623000000.0,1471000000.0,34.10867492850333,-3.845272468949079,9.48752739797516,0.5017452006980783,-14.724637681159425,12.149666348903718,7.011439466158246,21.95900857959962
HD,2016-04-30,USD,22762000000.0,14971000000.0,7791000000.0,4714000000.0,3077000000.0,,4281000000.0,1803000000.0,34.22809946401898,8.493803622497609,8.956009764970553,2.3225526372910865,22.56968048946295,13.518144275546964,7.921096564449521,20.709955188472016
HD,2016-07-31,USD,26472000000.0,17545000000.0,8927000000.0,4824000000.0,4103000000.0,0.0,4281000000.0,2441000000.0,33.7224236929586,16.29909498286619,6.617262072576424,2.333474756045817,35.38546866333887,15.499395587790874,9.221063765488063,18.223028105167725
HD,2016-10-31,USD,23154000000.0,15112000000.0,8042000000.0,4722000000.0,3320000000.0,0.0,4280000000.0,1969000000.0,34.73265958365725,-12.533998186763373,6.118520555479168,-2.1144278606965217,-19.336337566571082,14.33877515764015,8.50393020644381,20.393884426017102
HD,2017-01-31,USD,22207000000.0,14654000000.0,7553000000.0,4626000000.0,2927000000.0,0.0,3394000000.0,1744000000.0,34.01179808168596,-4.0900060464714505,5.848427073403251,-2.0330368487928796,-11.427120365667854,13.180528662133561,7.853379565002026,20.83126941955239
HD,2017-04-30,USD,23887000000.0,15733000000.0,8154000000.0,4805000000.0,3349000000.0,,,2014000000.0,34.13572235944237,7.565182149772598,4.942447939548367,3.8694336359706094,15.481651376146788,14.020178339682673,8.43136434043622,20.115544019759703
HD,2017-07-31,USD,28108000000.0,18647000000.0,9461000000.0,4998000000.0,4463000000.0,0.0,4549000000.0,2672000000.0,33.65945638252455,17.670699543684854,6.180114838319728,4.016649323621224,32.67130089374379,15.878041838622456,9.506190408424647,17.78141454390209
HD,2017-10-31,USD,25026000000.0,16378000000.0,8648000000.0,4968000000.0,3680000000.0,0.0,4514000000.0,2165000000.0,34.556061695836334,-10.964849864807169,8.084996112982633,-0.600240096038418,-18.97455089820359,14.704707104611202,8.651002956924799,19.851354591225125
HD,2018-01-31,USD,23883000000.0,15790000000.0,8093000000.0,4904000000.0,3189000000.0,0.0,3473000000.0,1779000000.0,33.88602771846083,-4.567250059937667,7.547169811320753,-1.2882447665056307,-17.829099307159357,13.352593895239293,7.448812963195578,20.53343382322154
HD,2018-04-30,USD,24947000000.0,16330000000.0,8617000000.0,5236000000.0,3381000000.0,,4779000000.0,2404000000.0,34.54122740209243,4.4550517104216425,4.437560179176958,6.769983686786296,35.13209668353008,13.552731791397763,9.636429229967531,20.988495610694674
HD,2018-07-31,USD,30463000000.0,20098000000.0,10365000000.0,5464000000.0,4901000000.0,0.0,5004000000.0,3506000000.0,34.024882644519586,22.110875055116843,8.378397609221565,4.354469060351418,45.84026622296173,16.088369497423102,11.509043758001509,17.936513147096477
HD,2018-10-31,USD,26302000000.0,17151000000.0,9151000000.0,5281000000.0,3870000000.0,0.0,4808000000.0,2867000000.0,34.79203102425671,-13.65919311952204,5.098697354751058,-3.3491947291361623,-18.22589845978323,14.713709984031635,10.900311763364003,20.078321040225077
HD,2019-01-31,USD,26491000000.0,17464000000.0,9027000000.0,5649000000.0,3378000000.0,,4001000000.0,2344000000.0,34.075723830734965,0.7185765341038763,10.91990118494326,6.9683772012876455,-18.24206487617719,12.751500509607036,8.84828809784455,21.32422332112793
HD,2019-04-30,USD,26381000000.0,17364000000.0,9017000000.0,5420000000.0,3597000000.0,,4940000000.0,2513000000.0,34.179902202342596,-0.41523536295345886,5.74818615464785,-4.0538148344839815,7.209897610921501,13.634812933550661,9.525795079792275,20.545089268791934
HD,2019-07-31,USD,30839000000.0,20407000000.0,10432000000.0,5536000000.0,4896000000.0,,5044000000.0,3479000000.0,33.82729660494828,16.898525453925185,1.2342842136362053,2.1402214022140154,38.44011142061281,15.876001167353026,11.28116994714485,17.951295437595252
HD,2019-10-31,USD,27223000000.0,17836000000.0,9387000000.0,5440000000.0,3947000000.0,,4942000000.0,2769000000.0,34.48187194651581,-11.72541262686858,3.5016348566648814,-1.7341040462427793,-20.408163265306122,14.498769422914448,10.171546119090474,19.983102523601367
HD,2020-01-31,USD,25782000000.0,17046000000.0,8736000000.0,5333000000.0,3403000000.0,,3910000000.0,2481000000.0,33.88410518966721,-5.293318150093674,-2.6763806575818228,-1.966911764705881,-10.400866738894909,13.199131176790008,9.622992785664417,20.684974012877202
HD,2020-04-30,USD,28260000000.0,18635000000.0,9625000000.0,6349000000.0,3276000000.0,,4981000000.0,2245000000.0,34.05874026893135,9.611356760530597,7.122550320306287,19.05119069941872,-9.51229343006852,11.59235668789809,7.94409058740269,22.466383581033263
HD,2020-07-31,USD,38053000000.0,25112000000.0,12941000000.0,6874000000.0,6067000000.0,,5876000000.0,4332000000.0,34.007831182823956,34.65322009907996,23.392457602386596,8.269018743109147,92.96213808463251,15.943552413738733,11.384122145428744,18.064278769085224
HD,2020-10-31,USD,33536000000.0,22080000000.0,11456000000.0,6604000000.0,4852000000.0,,6076000000.0,3432000000.0,34.160305343511446,-11.870286179801859,23.18994967490724,-3.9278440500436385,-20.775623268698062,14.468034351145038,10.233778625954198,19.69227099236641
HD,2021-01-31,USD,32261000000.0,21430000000.0,10831000000.0,6748000000.0,4083000000.0,,5278000000.0,2857000000.0,33.57304485291838,-3.8018845419847347,25.12993561399426,2.1804966686856497,-16.754079254079258,12.656148290505564,8.85589411363566,20.91689656241282
HD,2021-04-30,USD,37500000000.0,24758000000.0,12742000000.0,6961000000.0,5781000000.0,,6374000000.0,4145000000.0,33.97866666666667,16.23942221257866,32.69639065817409,3.156490812092483,45.082254112705634,15.415999999999999,11.053333333333333,18.562666666666665
HD,2021-07-31,USD,41118000000.0,27453000000.0,13665000000.0,7026000000.0,6639000000.0,,6433000000.0,4807000000.0,33.233620312272,9.647999999999989,8.054555488397753,0.9337738830627718,15.971049457177333,16.146213337224573,11.690743713215623,17.087406975047426
HD,2021-10-31,USD,36820000000.0,24257000000.0,12563000000.0,6768000000.0,5795000000.0,,6168000000.0,4129000000.0,34.12004345464422,-10.452843037112702,9.792461832061061,-3.67207514944492,-14.104431038069487,15.738728951656707,11.21401412275937,18.381314502987507
HD,2022-01-31,USD,35719000000.0,23857000000.0,11862000000.0,7037000000.0,4825000000.0,,5387000000.0,3352000000.0,33.209216383437386,-2.990222705051604,10.718824586962583,3.974586288416071,-18.81811576652943,13.508216915367171,9.38436126431311,19.700999468070215
HD,2022-04-30,USD,38908000000.0,25763000000.0,13145000000.0,7216000000.0,5929000000.0,,6610000000.0,4231000000.0,33.784825742777834,8.928021501161854,3.7546666666666617,2.543697598408423,26.22315035799523,15.238511360131593,10.874370309447928,18.54631438264624
HD,2022-07-31,USD,43792000000.0,29309000000.0,14483000000.0,7273000000.0,7210000000.0,,6657000000.0,5173000000.0,33.07225063938619,12.552688393132527,6.503234593122231,0.7899113082039833,22.264240132356417,16.464194373401533,11.812659846547314,16.608056265984654
HD,2022-10-31,USD,38872000000.0,25648000000.0,13224000000.0,7076000000.0,6148000000.0,,6468000000.0,4339000000.0,34.019345544350685,-11.23492875411034,5.573058120586638,-2.708648425684035,-16.12217282041368,15.816011525005145,11.162276188516156,18.203334019345544
HD,2023-01-31,USD,35831000000.0,23905000000.0,11926000000.0,7174000000.0,4752000000.0,,6549000000.0,3362000000.0,33.284027797158885,-7.8231117513891775,0.31355861026345355,1.3849632560768876,-22.51670891910579,13.2622589377913,9.3829365633111,20.021768859367587
HD,2023-04-30,USD,37257000000.0,24700000000.0,12557000000.0,7006000000.0,5551000000.0,,6355000000.0,3873000000.0,33.70373352658561,3.979794033099826,-4.243343271306676,-2.3417897964873147,15.19928613920285,14.89921357060418,10.395361945406233,18.804519955981426
HD,2023-07-31,USD,42916000000.0,28759000000.0,14157000000.0,7568000000.0,6589000000.0,,6915000000.0,4659000000.0,32.98769689626246,15.189091982714654,-2.000365363536716,8.02169568940907,20.29434546862896,15.353248205797371,10.856090968403393,17.634448690465092
HD,2023-10-31,USD,37710000000.0,24972000000.0,12738000000.0,7332000000.0,5406000000.0,,6649000000.0,3810000000.0,33.7788385043755,-12.130673874545629,-2.989298209508129,-3.118393234672301,-18.222794591113978,14.335719968178202,10.103420843277645,19.443118536197296
HD,2024-01-31,USD,34786000000.0,23278000000.0,11508000000.0,7365000000.0,4143000000.0,,5579000000.0,2801000000.0,33.082274478238375,-7.753911429329086,-2.9164689793753973,0.45008183306056715,-26.482939632545932,11.909963778531592,8.05208992123268,21.172310699706777
HD,2024-04-30,USD,36418000000.0,23985000000.0,12433000000.0,7354000000.0,5079000000.0,,6667000000.0,3600000000.0,34.13971113185787,4.691542574598984,-2.251925812598976,-0.14935505770535817,28.52552659764369,13.946400131802955,9.885221593717393,20.193311000054916
HD,2024-07-31,USD,43175000000.0,28759000000.0,14416000000.0,7882000000.0,6534000000.0,,7144000000.0,4561000000.0,33.38969310943833,18.55401175243012,0.6035045204585643,7.179766113679631,26.694444444444443,15.13375796178344,10.563983786913724,18.255935147654892
HD,2024-10-31,USD,40217000000.0,26792000000.0,13425000000.0,8007000000.0,5418000000.0,,7212000000.0,3648000000.0,33.38140587313823,-6.851187029530981,6.648103951206585,1.585891905607717,-20.01754001315501,13.471914861874332,9.07079095904717,19.909491011263896
HD,2025-01-31,USD,39704000000.0,26670000000.0,13034000000.0,8539000000.0,4495000000.0,,7725000000.0,2997000000.0,32.82792665726375,-1.2755799786160038,14.137871557523152,6.64418633695516,-17.845394736842103,11.321277453153336,7.548357848075761,21.506649204110417
HD,2025-04-30,USD,39856000000.0,26397000000.0,13459000000.0,8326000000.0,5133000000.0,,7530000000.0,3433000000.0,33.76906864712967,0.3828329639331107,9.440386622000108,-2.4944372877386156,14.547881214547886,12.878863910076275,8.61350863107186,20.89020473705339
HD,2025-07-31,USD,45277000000.0,30152000000.0,15125000000.0,8570000000.0,6555000000.0,,7764000000.0,4551000000.0,33.40548181195751,13.601465274989955,4.868558193398953,2.9305789094403067,32.566268569764055,14.477549307595469,10.051461006692138,18.927932504362037
HD,2025-10-31,USD,41352000000.0,27537000000.0,13815000000.0,8462000000.0,5353000000.0,,7636000000.0,3601000000.0,33.40829947765525,-8.668860569384018,2.8221896213044273,-1.2602100350058376,-20.874533069655023,12.94496034049139,8.70816405494293,20.46333913716386
JNJ,2005-09-30,USD,12310000000.0,3354000000.0,8956000000.0,5700000000.0,3256000000.0,1539000000.0,4161000000.0,2538000000.0,72.75385865150284,,,,,26.45004061738424,20.617384240454914,46.303818034118606
JNJ,2005-12-31,USD,12610000000.0,3624000000.0,8986000000.0,6538000000.0,2448000000.0,1976000000.0,12566000000.0,2183000000.0,71.2609040444092,2.4370430544272903,,14.701754385964904,-13.987391646966119,19.4131641554322,17.311657414750197,51.84773988897701
JNJ,2006-03-31,USD,12992000000.0,3612000000.0,9380000000.0,5627000000.0,3753000000.0,1532000000.0,4095000000.0,3305000000.0,72.19827586206897,3.0293417922283794,,-13.933924747629245,51.39715987173614,28.887007389162562,25.438731527093594,43.311268472906406
JNJ,2006-06-30,USD,13363000000.0,3788000000.0,9575000000.0,6179000000.0,3396000000.0,1828000000.0,4351000000.0,2820000000.0,71.65307191498916,2.8556034482758674,,9.809845388306382,-14.674735249621785,25.41345506248597,21.103045723265733,46.23961685250318
JNJ,2006-09-30,USD,13287000000.0,3650000000.0,9637000000.0,6010000000.0,3627000000.0,1719000000.0,4291000000.0,2760000000.0,72.52954015202829,-0.5687345655915554,7.93663688058488,-2.7350703997410575,-2.127659574468088,27.297358320162562,20.772183337096408,45.23218183186573
JNJ,2006-12-31,USD,13682000000.0,4007000000.0,9675000000.0,6742000000.0,2933000000.0,2046000000.0,12737000000.0,2168000000.0,70.71334600204648,2.972830586287345,8.501189532117358,12.179700499168057,-21.449275362318843,21.436924426253473,15.84563660283584,49.27642157579301
JNJ,2007-03-31,USD,15037000000.0,4385000000.0,10652000000.0,6454000000.0,4198000000.0,1652000000.0,4802000000.0,2573000000.0,70.83859812462592,9.903522876772408,15.740455665024623,-4.271729457134377,18.680811808118094,27.917802753208754,17.111125889472632,42.92079537141717
JNJ,2007-06-30,USD,15131000000.0,4358000000.0,10773000000.0,6895000000.0,3878000000.0,1866000000.0,5029000000.0,3081000000.0,71.19820236600357,0.6251246924253495,13.230561999550993,6.832971800433829,19.743490089389827,25.629502346176725,20.362170378692753,45.56870001982685
JNJ,2007-09-30,USD,14970000000.0,4274000000.0,10696000000.0,6733000000.0,3963000000.0,1834000000.0,4899000000.0,2548000000.0,71.4495657982632,-1.06404071112286,12.666516143599015,-2.349528643944887,-17.29957805907173,26.472945891783567,17.020708082832332,44.97661990647963
JNJ,2007-12-31,USD,15957000000.0,4734000000.0,11223000000.0,8049000000.0,3174000000.0,2328000000.0,9831000000.0,2374000000.0,70.3327693175409,6.593186372745485,16.627686010817122,19.545522055547316,-6.8288854003139665,19.89095694679451,14.87748323619728,50.44181237074638
JNJ,2008-03-31,USD,16194000000.0,4614000000.0,11580000000.0,6835000000.0,4745000000.0,1712000000.0,6835000000.0,3598000000.0,71.50796591330122,1.4852415867644186,7.694353926980124,-15.082618958876882,51.558550968828975,29.300975670001232,22.218105471162158,42.206990243299984
JNJ,2008-06-30,USD,16450000000.0,4751000000.0,11699000000.0,7443000000.0,4256000000.0,1936000000.0,7403000000.0,3327000000.0,71.11854103343464,1.5808324070643476,8.717203092987912,8.895391367959027,-7.531962201222897,25.872340425531913,20.224924012158056,45.246200607902736
JNJ,2008-09-30,USD,15921000000.0,4774000000.0,11147000000.0,7056000000.0,4091000000.0,1861000000.0,7056000000.0,3310000000.0,70.01444632874819,-3.215805471124622,6.352705410821646,-5.199516324062881,-0.5109708446047523,25.695622134288048,20.79015137240123,44.31882419446015
JNJ,2008-12-31,USD,15182000000.0,4372000000.0,10810000000.0,7773000000.0,3037000000.0,2108000000.0,21490000000.0,2714000000.0,71.20274008694507,-4.641668236919793,-4.856802657141069,10.161564625850339,-18.00604229607251,20.00395204847846,17.876432617573442,51.1987880384666
JNJ,2009-03-31,USD,15026000000.0,4251000000.0,10775000000.0,6126000000.0,4649000000.0,1518000000.0,6126000000.0,3507000000.0,71.70903766804206,-1.02753260439995,-7.212547857231078,-21.18873021999228,29.218865143699336,30.93970451217889,23.33954478903234,40.769333155863166
JNJ,2009-06-30,USD,15239000000.0,4450000000.0,10789000000.0,6435000000.0,4354000000.0,1638000000.0,4797000000.0,3208000000.0,70.79860883260056,1.4175429255956384,-7.361702127659575,5.04407443682664,-8.525805531793551,28.57142857142857,21.051250082026378,42.227180261171995
JNJ,2009-09-30,USD,15081000000.0,4434000000.0,10647000000.0,6384000000.0,4263000000.0,1617000000.0,4767000000.0,3345000000.0,70.5987666600358,-1.0368134392020445,-5.27605049934049,-0.7925407925407968,4.270573566084779,28.267356276109012,22.18022677541277,42.331410383926794
JNJ,2009-12-31,USD,16551000000.0,5312000000.0,11239000000.0,7842000000.0,3397000000.0,2213000000.0,19801000000.0,2206000000.0,67.905262521902,9.747364233141042,9.017257278355938,22.838345864661648,-34.050822122571,20.524439610899645,13.328499788532413,47.380822911002355
JNJ,2010-03-31,USD,15631000000.0,4528000000.0,11103000000.0,6336000000.0,4767000000.0,1557000000.0,4779000000.0,4526000000.0,71.03192374128334,-5.558576521056125,4.026354319180081,-19.204284621270084,105.16772438803264,30.497089117778774,28.955281172029938,40.53483462350457
JNJ,2010-06-30,USD,15330000000.0,4630000000.0,10700000000.0,6404000000.0,4296000000.0,1648000000.0,4756000000.0,3449000000.0,69.79778212654925,-1.9256605463502052,0.5971520440973821,1.0732323232323315,-23.795846221829432,28.02348336594912,22.498369210697977,41.77429876060013
JNJ,2010-09-30,USD,14982000000.0,4594000000.0,10388000000.0,6366000000.0,4022000000.0,1657000000.0,4709000000.0,3417000000.0,69.33653717794687,-2.2700587084148682,-0.6564551422319487,-0.5933791380387299,-0.9278051609162064,26.84554799092244,22.807368842611133,42.49098918702443
JNJ,2010-12-31,USD,15644000000.0,5040000000.0,10604000000.0,7162000000.0,3442000000.0,1982000000.0,5180000000.0,1942000000.0,67.78317565839939,4.418635696168738,-5.480031418041209,12.503927112786673,-43.16652033947908,22.002045512656608,12.413704934799284,45.78113014574278
JNJ,2011-03-31,USD,16173000000.0,4778000000.0,11395000000.0,6794000000.0,4601000000.0,1738000000.0,5056000000.0,3476000000.0,70.45693439683423,3.3814881104576866,3.467468492099024,-5.138229544819883,78.99073120494336,28.448648982872687,21.492611142026835,42.008285413961545
JNJ,2011-06-30,USD,16597000000.0,5172000000.0,11425000000.0,7097000000.0,4328000000.0,1882000000.0,5215000000.0,2776000000.0,68.83774176055914,2.6216533729054525,8.264840182648392,4.45981748601707,-20.138089758342925,26.077001867807436,16.7259143218654,42.7607398927517
JNJ,2011-09-30,USD,16005000000.0,5072000000.0,10933000000.0,7013000000.0,3920000000.0,1773000000.0,5240000000.0,3202000000.0,68.30990315526398,-3.566909682472741,6.8281938325991165,-1.183598703677613,15.345821325648412,24.49234614183068,20.006248047485162,43.8175570134333
JNJ,2011-12-31,USD,16255000000.0,5338000000.0,10917000000.0,7613000000.0,3304000000.0,2155000000.0,5458000000.0,218000000.0,67.16087357736082,1.5620118712902142,3.905650728713894,8.555539711963501,-93.19175515302935,20.326053521993234,1.3411258074438634,46.83482005536758
JNJ,2012-03-31,USD,16139000000.0,4915000000.0,11224000000.0,6660000000.0,4564000000.0,1645000000.0,5015000000.0,3910000000.0,69.54582068281802,-0.7136265764380201,-0.21022692141222654,-12.518061211086295,1693.5779816513761,28.279323378152306,24.227027696883326,41.26649730466572
JNJ,2012-06-30,USD,16475000000.0,5143000000.0,11332000000.0,6731000000.0,4601000000.0,1766000000.0,4965000000.0,1408000000.0,68.78300455235204,2.081913377532696,-0.7350726034825561,1.0660660660660737,-63.989769820971865,27.927162367223062,8.546282245827012,40.855842185128985
JNJ,2012-09-30,USD,17052000000.0,5597000000.0,11455000000.0,7151000000.0,4304000000.0,1923000000.0,5228000000.0,2968000000.0,67.17687074829932,3.502276176024277,6.541705716963442,6.2397860644777925,110.79545454545455,25.2404410039878,17.4055829228243,41.93642974431152
JNJ,2012-12-31,USD,17558000000.0,6003000000.0,11555000000.0,7992000000.0,3563000000.0,2331000000.0,3361000000.0,2567000000.0,65.8104567718419,2.9673938540933698,8.015995078437399,11.760592924066572,-13.510781671159034,20.292744048297074,14.6201161863538,45.517712723544825
JNJ,2013-03-31,USD,17505000000.0,5554000000.0,11951000000.0,7007000000.0,4944000000.0,1784000000.0,5223000000.0,3497000000.0,68.27192230791202,-0.30185670349698324,8.463969266992999,-12.32482482482482,36.2290611608882,28.243359040274207,19.977149385889746,40.02856326763782
JNJ,2013-06-30,USD,17877000000.0,5489000000.0,12388000000.0,7322000000.0,5066000000.0,1946000000.0,5376000000.0,3833000000.0,69.2957431336354,2.1251071122536436,8.509863429438536,4.495504495504488,9.608235630540474,28.338088046092746,21.44095765508754,40.957655087542655
JNJ,2013-09-30,USD,17575000000.0,5344000000.0,12231000000.0,7356000000.0,4875000000.0,2042000000.0,5314000000.0,2982000000.0,69.59317211948792,-1.6893214745203333,3.0670889045273375,0.4643540016388892,-22.2019306026611,27.738264580369844,16.96728307254623,41.85490753911807
JNJ,2013-12-31,USD,18355000000.0,5955000000.0,12400000000.0,8328000000.0,4072000000.0,2411000000.0,5917000000.0,3519000000.0,67.55652410787252,4.438122332859185,4.539241371454605,13.2137030995106,18.008048289738433,22.18469081994007,19.17188776900027,45.371833287932446
JNJ,2014-03-31,USD,18115000000.0,5455000000.0,12660000000.0,7014000000.0,5646000000.0,1831000000.0,5183000000.0,4727000000.0,69.886834115374,-1.307545627894302,3.4847186518137674,-15.778097982708939,34.3279340721796,31.16754071211703,26.09439690863925,38.71929340325697
JNJ,2014-06-30,USD,19495000000.0,6039000000.0,13456000000.0,7486000000.0,5970000000.0,2005000000.0,5481000000.0,4326000000.0,69.0228263657348,7.617996135799054,9.050735582032775,6.729398346164817,-8.483181722022426,30.623236727365992,22.190305206463197,38.399589638368816
JNJ,2014-09-30,USD,18467000000.0,5399000000.0,13068000000.0,7491000000.0,5577000000.0,2023000000.0,5468000000.0,4749000000.0,70.76406563058428,-5.273146960759167,5.075391180654343,0.06679134384184326,9.778085991678221,30.199815887799858,25.71614230790058,40.564249742784426
JNJ,2014-12-31,USD,18254000000.0,5853000000.0,12401000000.0,8457000000.0,3944000000.0,2635000000.0,5822000000.0,2521000000.0,67.93579489426975,-1.1534087832349549,-0.5502587850721885,12.89547456948339,-46.91514002947989,21.606223293524707,13.810671633614549,46.32957160074504
JNJ,2015-03-31,USD,17374000000.0,5282000000.0,12092000000.0,6746000000.0,5346000000.0,1899000000.0,4847000000.0,4320000000.0,69.59825025900771,-4.820861181110992,-4.090532707700801,-20.23176067163297,71.360571201904,30.770116265684354,24.864740416714632,38.828133993323355
JNJ,2015-06-30,USD,17787000000.0,5357000000.0,12430000000.0,7513000000.0,4917000000.0,2129000000.0,5384000000.0,4516000000.0,69.88249845392703,2.3771152296535147,-8.761220825852778,11.369700563296758,4.537037037037028,27.643784786641927,25.38932928543318,42.2387136672851
JNJ,2015-09-30,USD,17102000000.0,5224000000.0,11878000000.0,7235000000.0,4643000000.0,2154000000.0,5081000000.0,3358000000.0,69.45386504502397,-3.851127227750606,-7.391563329181783,-3.7002528949820257,-25.642161204605852,27.14887147702023,19.63513039410595,42.30499356800374
JNJ,2015-12-31,USD,17811000000.0,5673000000.0,12138000000.0,8755000000.0,3383000000.0,2864000000.0,5891000000.0,3215000000.0,68.14889674919993,4.145713951584606,-2.4268653445820076,21.008984105044924,-4.258487194758787,18.99388018640166,18.05064286115322,49.155016562798274
JNJ,2016-03-31,USD,17482000000.0,5329000000.0,12153000000.0,6701000000.0,5452000000.0,2013000000.0,4688000000.0,4457000000.0,69.51721770964421,-1.8471730952781984,0.6216185104178651,-23.460879497430042,38.63141524105753,31.186363116348243,25.49479464592152,38.33085459329596
JNJ,2016-06-30,USD,18482000000.0,5336000000.0,13146000000.0,7440000000.0,5706000000.0,2264000000.0,5176000000.0,3997000000.0,71.12866572881723,5.720169317011781,3.9073480631922175,11.028204745560366,-10.320843616782593,30.873282112325505,21.62644735418245,40.25538361649172
JNJ,2016-09-30,USD,17820000000.0,5486000000.0,12334000000.0,6950000000.0,5384000000.0,2178000000.0,4772000000.0,4272000000.0,69.21436588103255,-3.581863434693211,4.198339375511639,-6.586021505376349,6.880160120090073,30.21324354657688,23.973063973063972,39.001122334455665
JNJ,2016-12-31,USD,18106000000.0,5534000000.0,12572000000.0,7949000000.0,4623000000.0,2640000000.0,5309000000.0,3814000000.0,69.43554622776979,1.6049382716049276,1.6562798270731482,14.374100719424465,-10.720973782771537,25.532972495305422,21.06484038440296,43.902573732464376
JNJ,2017-03-31,USD,17766000000.0,5409000000.0,12357000000.0,6833000000.0,5524000000.0,2070000000.0,4763000000.0,4422000000.0,69.55420466058764,-1.877830553407711,1.6245280860313516,-14.03950182412882,15.941269008914528,31.093099178205563,24.890239783856806,38.46110548238208
JNJ,2017-06-30,USD,18839000000.0,5846000000.0,12993000000.0,7585000000.0,5408000000.0,2296000000.0,5289000000.0,3827000000.0,68.96862890811614,6.039626252392205,1.9316091332106877,11.005414898287725,-13.455450022614201,28.706406921811134,20.31424173257604,40.26222198630501
JNJ,2017-09-30,USD,19650000000.0,6925000000.0,12725000000.0,8008000000.0,4717000000.0,2585000000.0,5423000000.0,3764000000.0,64.75826972010178,4.3048994107967475,10.269360269360273,5.576796308503629,-1.64619806637053,24.005089058524174,19.15521628498728,40.75318066157761
JNJ,2017-12-31,USD,20195000000.0,7243000000.0,12952000000.0,9660000000.0,3292000000.0,3635000000.0,6025000000.0,-10713000000.0,64.13468680366428,2.7735368956743,11.53761184137856,20.629370629370626,-384.6174282678002,16.301064619955437,-53.04778410497648,47.83362218370884
JNJ,2018-03-31,USD,20009000000.0,6614000000.0,13395000000.0,7667000000.0,5728000000.0,2404000000.0,5263000000.0,4367000000.0,66.94487480633715,-0.921020054468924,12.625239220983907,-20.631469979296067,-140.7635582936619,28.627117796991353,21.82517866959868,38.31775700934579
JNJ,2018-06-30,USD,20830000000.0,6927000000.0,13903000000.0,8382000000.0,5521000000.0,2639000000.0,5743000000.0,3954000000.0,66.74507921267403,4.103153580888597,10.56850151281916,9.32568149210904,-9.457293336386542,26.505040806529045,18.982237157945274,40.24003840614498
JNJ,2018-09-30,USD,20348000000.0,6589000000.0,13759000000.0,8051000000.0,5708000000.0,2508000000.0,5543000000.0,3934000000.0,67.61843915863966,-2.313970235237639,3.552162849872764,-3.948938200906704,-0.5058168942842722,28.051896992333397,19.333595439355218,39.56654216630627
JNJ,2018-12-31,USD,20394000000.0,6961000000.0,13433000000.0,9215000000.0,4218000000.0,3224000000.0,5991000000.0,3042000000.0,65.86741198391684,0.22606644387654917,0.985392423867304,14.457831325301207,-22.67412302999492,20.68255369226243,14.916151809355693,45.18485829165441
JNJ,2019-03-31,USD,20021000000.0,6615000000.0,13406000000.0,8077000000.0,5329000000.0,2858000000.0,5219000000.0,3749000000.0,66.95969232306078,-1.8289693046974587,0.05997301214453188,-12.349430276722739,23.241288625903998,26.617052095299936,18.725338394685583,40.34264022776085
JNJ,2019-06-30,USD,20562000000.0,6940000000.0,13622000000.0,8212000000.0,5410000000.0,2666000000.0,5546000000.0,5607000000.0,66.24841941445385,2.7021627291344164,-1.2866058569371064,1.6714126532128226,49.55988263536943,26.31067016827157,27.26874817624745,39.93774924618228
JNJ,2019-09-30,USD,20729000000.0,6867000000.0,13862000000.0,7973000000.0,5889000000.0,2599000000.0,5374000000.0,1753000000.0,66.87249746731632,0.8121778037155858,1.8724198938470549,-2.9103750608865053,-68.73550918494739,28.409474649042405,8.456751411066623,38.46302281827392
JNJ,2019-12-31,USD,20747000000.0,7134000000.0,13613000000.0,9271000000.0,4342000000.0,3232000000.0,6039000000.0,4010000000.0,65.6143056827493,0.08683486902407722,1.7309012454643558,16.279944813746393,128.75071306332003,20.92832698703427,19.328095628283606,44.68597869571504
JNJ,2020-03-31,USD,20691000000.0,7062000000.0,13629000000.0,7783000000.0,5846000000.0,2580000000.0,5203000000.0,5796000000.0,65.86921850079744,-0.2699185424398731,3.346486189501019,-16.050048538453243,44.53865336658354,28.253830167705768,28.012179208351455,37.61538833309168
JNJ,2020-06-30,USD,18336000000.0,6579000000.0,11757000000.0,7600000000.0,4157000000.0,2707000000.0,4893000000.0,3626000000.0,64.11976439790575,-11.381760185587941,-10.825795156113216,-2.351278427341641,-37.43961352657005,22.671247818499126,19.775305410122165,41.44851657940663
JNJ,2020-09-30,USD,21082000000.0,6972000000.0,14110000000.0,8171000000.0,5939000000.0,2840000000.0,5331000000.0,3554000000.0,66.92913385826772,14.976003490401402,1.70292826474987,7.513157894736833,-1.9856591285162706,28.170951522625938,16.85798311355659,38.75818233564178
JNJ,2020-12-31,USD,22475000000.0,7814000000.0,14661000000.0,10489000000.0,4172000000.0,4032000000.0,6457000000.0,1738000000.0,65.23248053392659,6.607532492173429,8.328915023858862,28.368620731856574,-51.09735509285313,18.562847608453836,7.733036707452726,46.66963292547275
JNJ,2021-03-31,USD,22321000000.0,7063000000.0,15258000000.0,8410000000.0,6848000000.0,3178000000.0,5232000000.0,6197000000.0,68.35715245732719,-0.6852057842046677,7.8778212749504695,-19.820764610544384,256.5592635212888,30.67962904887774,27.76309305138659,37.677523408449446
JNJ,2021-06-30,USD,23312000000.0,7587000000.0,15725000000.0,9367000000.0,6358000000.0,3394000000.0,5973000000.0,6278000000.0,67.45452985586822,4.439765243492677,27.13787085514834,11.379310344827577,1.3070840729385136,27.27350720658888,26.930336307481124,40.18102264927934
JNJ,2021-09-30,USD,23338000000.0,7250000000.0,16088000000.0,9222000000.0,6866000000.0,3422000000.0,5800000000.0,3667000000.0,68.93478447167709,0.11153054221002545,10.701072004553659,-1.5479876160990669,-41.589678241478175,29.41983031965035,15.712571771360015,39.51495415202674
JNJ,2021-12-31,USD,24804000000.0,7955000000.0,16849000000.0,12374000000.0,4475000000.0,4720000000.0,7654000000.0,4736000000.0,67.92855990969198,6.281600822692601,10.36262513904338,34.179136846671,29.151895282247065,18.041444928237382,19.09369456539268,49.88711498145461
JNJ,2022-03-31,USD,23426000000.0,7598000000.0,15828000000.0,9710000000.0,6118000000.0,4072000000.0,5638000000.0,5149000000.0,67.56595236062495,-5.555555555555558,4.950495049504955,-21.529012445450135,8.72043918918919,26.11628105523777,21.97985144711005,41.44967130538718
JNJ,2022-06-30,USD,24020000000.0,7919000000.0,16101000000.0,9629000000.0,6472000000.0,3703000000.0,5926000000.0,4814000000.0,67.03164029975021,2.535644156065908,3.0370624571036453,-0.8341915550978407,-6.5061176927558755,26.94421315570358,20.041631973355535,40.08742714404663
JNJ,2022-09-30,USD,23791000000.0,7807000000.0,15984000000.0,9686000000.0,5822000000.0,3597000000.0,6089000000.0,4458000000.0,67.18506998444789,-0.9533721898417946,1.9410403633558948,0.5919617821165124,-7.395097631906933,24.47143877937035,18.738178302719515,40.7128746164516
JNJ,2022-12-31,USD,23706000000.0,7765000000.0,15941000000.0,12036000000.0,3905000000.0,4624000000.0,7412000000.0,3520000000.0,67.24457943136758,-0.3572779622546318,-4.426705370101591,24.26182118521578,-21.040825482279047,16.4726229646503,14.848561545600269,50.771956466717285
JNJ,2023-03-31,USD,20894000000.0,6687000000.0,14207000000.0,7961000000.0,6246000000.0,3455000000.0,4506000000.0,-68000000.0,67.99559682205418,-11.861975871087493,-10.808503372321354,-33.85676304420073,-101.93181818181817,29.893749401742127,-0.32545228295204365,38.101847420312055
JNJ,2023-06-30,USD,21519000000.0,6462000000.0,15057000000.0,8699000000.0,6358000000.0,3703000000.0,4996000000.0,5144000000.0,69.97072354663321,2.991289365368055,-10.412156536219818,9.270192186911185,-7664.7058823529405,29.545982620010225,23.904456526790277,40.42474092662298
JNJ,2023-09-30,USD,21351000000.0,6606000000.0,14745000000.0,8547000000.0,6198000000.0,3447000000.0,5100000000.0,26028000000.0,69.05999718982717,-0.7807054231144583,-10.255979151780082,-1.7473272789975902,405.98755832037324,29.02908528874526,121.90529717577631,40.030911901081915
JNJ,2023-12-31,USD,21395000000.0,6798000000.0,14597000000.0,9990000000.0,4607000000.0,4480000000.0,5510000000.0,4049000000.0,68.22622107969151,0.20607934054610588,-9.748586855648355,16.883116883116877,-84.44367604118641,21.53306847394251,18.924982472540314,46.693152605749006
JNJ,2024-03-31,USD,21383000000.0,6511000000.0,14872000000.0,8599000000.0,6273000000.0,3542000000.0,5057000000.0,3255000000.0,69.55057756161438,-0.05608787099790069,2.340384799463968,-13.923923923923919,-19.60978019264016,29.336388720011225,15.222372913061777,40.214188841603146
JNJ,2024-06-30,USD,22447000000.0,6869000000.0,15578000000.0,8921000000.0,6657000000.0,3440000000.0,5481000000.0,4686000000.0,69.39902882345079,4.975915446850299,4.312468051489371,3.744621467612519,43.963133640552996,29.65652425713904,20.875840869603955,39.74250456631176
JNJ,2024-09-30,USD,22471000000.0,6963000000.0,15508000000.0,10230000000.0,5278000000.0,4952000000.0,5278000000.0,2694000000.0,69.01339504249923,0.10691851917850048,5.245655941173721,14.67324290998766,-42.50960307298336,23.488051266076276,11.988785545814604,45.52534377642294
JNJ,2024-12-31,USD,22520000000.0,7128000000.0,15392000000.0,11551000000.0,3841000000.0,5298000000.0,6253000000.0,3431000000.0,68.348134991119,0.21805883138266147,5.258237906052821,12.913000977517108,27.35708982925018,17.05595026642984,15.235346358792185,51.29218472468916
JNJ,2025-03-31,USD,21893000000.0,7357000000.0,14536000000.0,8237000000.0,6299000000.0,3225000000.0,5012000000.0,10999000000.0,66.39565157813,-2.7841918294849055,2.385072253659448,-28.690156696389923,220.5770912270475,28.771753528525103,50.23980267665464,37.6238980496049
JNJ,2025-06-30,USD,23743000000.0,7628000000.0,16115000000.0,9305000000.0,6810000000.0,3516000000.0,5789000000.0,5537000000.0,67.87263614539022,8.450189558306299,5.7736000356395145,12.965885637974983,-49.659059914537686,28.682137893273808,23.320557638040686,39.19049825211641
JNJ,2025-09-30,USD,23993000000.0,7303000000.0,16690000000.0,9594000000.0,7096000000.0,3672000000.0,5922000000.0,5152000000.0,69.56195557037469,1.0529419197237155,6.7731743135597045,3.105857066093498,-6.953223767383054,29.575292793731506,21.472929604467968,39.986662776643186
JPM,2005-09-30,USD,20772000000.0,7752000000.0,13020000000.0,9359000000.0,3661000000.0,0.0,4954000000.0,2527000000.0,62.680531484690924,,,,,17.62468707875987,12.165414981706144,45.05584440593106
JPM,2005-12-31,USD,21109000000.0,8655000000.0,12454000000.0,8535000000.0,3919000000.0,0.0,4286000000.0,2698000000.0,58.99853143209057,1.6223762757558324,,-8.80435944011112,6.766917293233088,18.565540764602776,12.781278127812781,40.4329906674878
JPM,2006-03-31,USD,23477000000.0,9072000000.0,14405000000.0,9752000000.0,4653000000.0,0.0,5600000000.0,3081000000.0,61.35792477744175,11.217963901653327,,14.258933801991791,14.195700518902887,19.81939770839545,13.123482557396601,41.538527069046296
JPM,2006-06-30,USD,24379000000.0,9932000000.0,14447000000.0,9236000000.0,5211000000.0,0.0,5268000000.0,3540000000.0,59.260018868698474,3.842058184606212,,-5.2912223133716125,14.897760467380717,21.37495385372657,14.520694039952417,37.8850650149719
JPM,2006-09-30,USD,25323000000.0,10590000000.0,14733000000.0,9796000000.0,4937000000.0,0.0,5390000000.0,3297000000.0,58.180310389764244,3.8721850773206556,21.909300982091274,6.06323083585969,-6.864406779661014,19.49611025549895,13.019784385736289,38.68420013426529
JPM,2006-12-31,USD,27055000000.0,12135000000.0,14920000000.0,9746000000.0,5174000000.0,0.0,4985000000.0,4526000000.0,55.14692293476252,6.839631955139591,28.168079965891323,-0.5104124132298882,37.2763117986048,19.124006653114026,16.72888560340048,36.02291628164849
JPM,2007-03-31,USD,29486000000.0,11526000000.0,17960000000.0,10628000000.0,7332000000.0,0.0,6234000000.0,4787000000.0,60.91026249745642,8.985400110885244,25.595263449333384,9.049866611943358,5.766681396376483,24.86603811978566,16.234823305975716,36.04422437767076
JPM,2007-06-30,USD,30082000000.0,12703000000.0,17379000000.0,11028000000.0,6351000000.0,0.0,6309000000.0,4234000000.0,57.77208962170069,2.021298243234071,23.393084211821645,3.763643206624012,-11.552120325882598,21.112293065620637,14.07486204374709,36.659796556080046
JPM,2007-09-30,USD,28005000000.0,13678000000.0,14327000000.0,9327000000.0,5000000000.0,0.0,4677000000.0,3373000000.0,51.15872165684699,-6.904461139551888,10.591162184575298,-15.424374319912948,-20.33538025507794,17.85395465095519,12.04427780753437,33.304767005891804
JPM,2007-12-31,USD,28780000000.0,13938000000.0,14842000000.0,10720000000.0,4122000000.0,0.0,5469000000.0,2971000000.0,51.57053509381515,2.7673629708980574,6.375900942524493,14.9351345555913,-11.918173732582272,14.322446143154968,10.32314107018763,37.24808895066018
JPM,2008-03-31,USD,26763000000.0,14297000000.0,12466000000.0,8931000000.0,3535000000.0,0.0,4951000000.0,2373000000.0,46.57923252251243,-7.008339124391938,-9.234891134775825,-16.688432835820898,-20.127903062941765,13.208534170309754,8.866718977693083,33.370698352202666
JPM,2008-06-30,USD,26634000000.0,11690000000.0,14944000000.0,12177000000.0,2767000000.0,0.0,7941000000.0,2003000000.0,56.10873319816776,-0.48200874341441935,-11.46200385612659,36.34531407457171,-15.592077538980199,10.388976496207855,7.520462566644139,45.7197567019599
JPM,2008-09-30,USD,23069000000.0,14119000000.0,8950000000.0,11137000000.0,-2187000000.0,0.0,6970000000.0,527000000.0,38.796653517707746,-13.385146804835923,-17.625424031422966,-8.540691467520734,-73.68946580129804,-9.480254887511379,2.284450994841562,48.276908405219125
JPM,2008-12-31,USD,25025000000.0,15112000000.0,9913000000.0,11255000000.0,-1342000000.0,0.0,5024000000.0,702000000.0,39.612387612387614,8.478911092808538,-13.047255038220984,1.0595312920894218,33.20683111954459,-5.362637362637362,2.8051948051948052,44.97502497502497
JPM,2009-03-31,USD,29584000000.0,13155000000.0,16429000000.0,13373000000.0,3056000000.0,0.0,8734000000.0,2141000000.0,55.53339643050298,18.217782217782208,10.540671823039261,18.818302976454902,204.985754985755,10.32990805840995,7.237020010816658,45.20348837209303
JPM,2009-06-30,USD,29502000000.0,11910000000.0,17592000000.0,13520000000.0,4072000000.0,0.0,8073000000.0,2721000000.0,59.629855603009965,-0.277176852352623,10.768191034016672,1.0992297913706706,27.090144792153193,13.802454070910446,9.223103518405532,45.82740153209952
JPM,2009-09-30,USD,30145000000.0,11627000000.0,18518000000.0,13455000000.0,5063000000.0,0.0,8451000000.0,3588000000.0,61.429756178470726,2.1795132533387607,30.673197797910625,-0.48076923076922906,31.863285556780596,16.79548847238348,11.902471388289932,44.63426770608724
JPM,2009-12-31,USD,26401000000.0,10521000000.0,15880000000.0,12004000000.0,3876000000.0,0.0,1670000000.0,3278000000.0,60.14923677133442,-12.419970144302539,5.498501498501507,-10.784095131921223,-8.639910813823859,14.681262073406309,12.416196356198629,45.467974697928106
JPM,2010-03-31,USD,30806000000.0,10145000000.0,20661000000.0,16124000000.0,4537000000.0,0.0,8413000000.0,3326000000.0,67.06810361617866,16.684974054013104,4.130611141157381,34.321892702432535,1.4643075045759568,14.727650457703046,10.796598065311953,52.34045315847562
JPM,2010-06-30,USD,28133000000.0,6395000000.0,21738000000.0,14631000000.0,7107000000.0,0.0,8781000000.0,4795000000.0,77.26868801763054,-8.676881127053171,-4.640363365195577,-9.259488960555695,44.167167769091996,25.262147655777913,17.044040806170692,52.00654036185263
JPM,2010-09-30,USD,26928000000.0,6327000000.0,20601000000.0,14398000000.0,6203000000.0,0.0,7845000000.0,4418000000.0,76.50401069518716,-4.2832261045747,-10.67175319290098,-1.5925090561137334,-7.8623566214807035,23.035502079619725,16.40671420083185,53.46850861556744
JPM,2010-12-31,USD,29608000000.0,6553000000.0,23055000000.0,16043000000.0,7012000000.0,0.0,3085000000.0,4831000000.0,77.86746825182384,9.952465834818769,12.147267148971629,11.425197944158905,9.348121321865088,23.68278843555796,16.31653607133207,54.18467981626588
JPM,2011-03-31,USD,28763000000.0,4711000000.0,24052000000.0,15995000000.0,8057000000.0,0.0,9463000000.0,5555000000.0,83.62131905573132,-2.8539583896244225,-6.631824969161848,-0.29919591098921394,14.986545228731107,28.011681674373328,19.31300629280673,55.60963738135799
JPM,2011-06-30,USD,30575000000.0,5606000000.0,24969000000.0,16842000000.0,8127000000.0,0.0,8786000000.0,5431000000.0,81.664758789861,6.299760108472685,8.68019763267338,5.2954048140043675,-2.232223222322227,26.580539656582175,17.762878168438267,55.08421913327882
JPM,2011-09-30,USD,27106000000.0,5754000000.0,21352000000.0,15534000000.0,5818000000.0,0.0,8156000000.0,4262000000.0,78.7722275510957,-11.34587080948487,0.661021984551402,-7.766298539365868,-21.52458110845148,21.463882535232052,15.723456061388621,57.30834501586365
JPM,2011-12-31,USD,24394000000.0,5107000000.0,19287000000.0,14540000000.0,4747000000.0,0.0,2632000000.0,3728000000.0,79.06452406329424,-10.00516490813842,-17.610105376925155,-6.398867001416253,-12.52932895354294,19.459703205706322,15.2824465032385,59.60482085758794
JPM,2012-03-31,USD,29087000000.0,3761000000.0,25326000000.0,18345000000.0,6981000000.0,0.0,8613000000.0,4924000000.0,87.06982500773542,19.238337296056418,1.1264471717136626,26.169188445667135,32.08154506437768,24.000412555437137,16.928524770516038,63.06941245229828
JPM,2012-06-30,USD,25133000000.0,3167000000.0,21966000000.0,14966000000.0,7000000000.0,0.0,7427000000.0,4960000000.0,87.39903712250826,-13.593701653659707,-17.7988552739166,-18.41918778958844,0.7311129163281915,27.851828273584527,19.735009748139895,59.54720884892373
JPM,2012-09-30,USD,27799000000.0,4442000000.0,23357000000.0,15371000000.0,7986000000.0,0.0,7503000000.0,5708000000.0,84.02100794992626,10.607567739625189,2.5566295285176732,2.7061339035146403,15.08064516129033,28.72765207381561,20.53311270189575,55.29335587611065
JPM,2012-12-31,USD,26165000000.0,3168000000.0,22997000000.0,16047000000.0,6950000000.0,0.0,3177000000.0,5692000000.0,87.89222243454998,-5.877909277312132,7.2599819627777284,4.397892134539072,-0.2803083391730854,26.56220141410281,21.754251863176,61.33002102044717
JPM,2013-03-31,USD,27554000000.0,3049000000.0,24505000000.0,15423000000.0,9082000000.0,0.0,8414000000.0,6529000000.0,88.93445597735355,5.308618383336516,-5.270395709423459,-3.8885773041690053,14.704848910751922,32.960731654206285,23.695289250199608,55.97372432314728
JPM,2013-06-30,USD,27579000000.0,2415000000.0,25164000000.0,15866000000.0,9298000000.0,0.0,8019000000.0,6496000000.0,91.24333732187534,0.09073092835885088,9.732224565312531,2.8723335278480144,-0.5054372798284579,33.71405779759962,23.55415352260778,57.52927952427571
JPM,2013-09-30,USD,25408000000.0,1748000000.0,23660000000.0,23626000000.0,34000000.0,0.0,7325000000.0,-380000000.0,93.12027707808565,-7.871931542115373,-8.601028813986112,48.90961805117862,-105.84975369458127,0.133816120906801,-1.4955919395465995,92.98646095717883
JPM,2013-12-31,USD,25511000000.0,2459000000.0,23052000000.0,15552000000.0,7500000000.0,0.0,7052000000.0,5278000000.0,90.36102073615304,0.4053841309823669,-2.499522262564491,-34.174214848048756,-1488.9473684210527,29.399082748618245,20.68911449962761,60.96193798753479
JPM,2014-03-31,USD,25341000000.0,2976000000.0,22365000000.0,14636000000.0,7729000000.0,0.0,7859000000.0,5269000000.0,88.25618562803362,-0.6663792089686815,-8.0315017783262,-5.889917695473246,-0.17051913603637336,30.49998026912908,20.792391776172998,57.756205358904545
JPM,2014-06-30,USD,26741000000.0,2755000000.0,23986000000.0,15431000000.0,8555000000.0,0.0,7610000000.0,5980000000.0,89.69746830709397,5.524643857779887,-3.0385438195728587,5.431811970483746,13.494021635984055,31.99207209902397,22.36266407389402,57.705396208070006
JPM,2014-09-30,USD,26288000000.0,2576000000.0,23712000000.0,15798000000.0,7914000000.0,0.0,7831000000.0,5565000000.0,90.20085209981741,-1.6940278972364498,3.46347607052897,2.3783293370488012,-6.93979933110368,30.1049908703591,21.16935483870968,60.0958612294583
JPM,2014-12-31,USD,24401000000.0,2729000000.0,21672000000.0,15409000000.0,6263000000.0,0.0,6860000000.0,4931000000.0,88.81603212983075,-7.178180158247105,-4.3510642467955,-2.462337004684134,-11.392632524708002,25.666980861440102,20.208188189008645,63.14905126839064
JPM,2015-03-31,USD,25954000000.0,2847000000.0,23107000000.0,14883000000.0,8224000000.0,0.0,8043000000.0,5914000000.0,89.03059258688448,6.364493258473014,2.419004774870759,-3.41358946070478,19.93510444128981,31.686830546351235,22.78646836711104,57.34376204053325
JPM,2015-06-30,USD,25642000000.0,2765000000.0,22877000000.0,14500000000.0,8377000000.0,0.0,7694000000.0,6290000000.0,89.21690975742922,-1.2021268397934826,-4.109793949366147,-2.5734058993482467,6.357795062563398,32.669058575774116,24.530067857421418,56.5478511816551
JPM,2015-09-30,USD,24595000000.0,2497000000.0,22098000000.0,15368000000.0,6730000000.0,0.0,7320000000.0,6804000000.0,89.84752998576947,-4.083144840496056,-6.44020085209982,5.986206896551716,8.171701112877594,27.363285220573285,27.664159381988206,62.48424476519617
JPM,2015-12-31,USD,24301000000.0,3181000000.0,21120000000.0,13749000000.0,7371000000.0,0.0,6693000000.0,5434000000.0,86.9100037035513,-1.195364911567387,-0.40981926970206084,-10.534877667881315,-20.13521457965902,30.332085099378624,22.361219702892885,56.57791860417267
JPM,2016-03-31,USD,25411000000.0,3996000000.0,21415000000.0,13837000000.0,7578000000.0,0.0,7660000000.0,5520000000.0,84.27452677974105,4.567713262828699,-2.0921630577175,0.6400465488399121,1.5826278984173658,29.82173074652709,21.722875919877218,54.45279603321396
JPM,2016-06-30,USD,26846000000.0,3868000000.0,22978000000.0,13638000000.0,9340000000.0,0.0,7778000000.0,6200000000.0,85.59189450942412,5.64716067844635,4.695421573980196,-1.4381730143817273,12.318840579710155,34.791030321090666,23.094688221709006,50.80086418833346
JPM,2016-09-30,USD,27140000000.0,3738000000.0,23402000000.0,14463000000.0,8939000000.0,0.0,7669000000.0,6286000000.0,86.22697126013264,1.095135215674592,10.347631632445609,6.049274087109557,1.3870967741935525,32.93662490788504,23.16138540899042,53.29034635224761
JPM,2016-12-31,USD,26089000000.0,3577000000.0,22512000000.0,13833000000.0,8679000000.0,0.0,6872000000.0,6727000000.0,86.28924067614705,-3.8725128960943267,7.357721904448367,-4.3559427504667125,7.015590200445443,33.266894093296024,25.784813522940702,53.02234658285101
JPM,2017-03-31,USD,27917000000.0,4293000000.0,23624000000.0,15283000000.0,8341000000.0,0.0,8256000000.0,6448000000.0,84.62227316688757,7.006784468549965,9.861870843335563,10.482180293501052,-4.147465437788023,29.877852204749793,23.097037647311673,54.74442096213777
JPM,2017-06-30,USD,28528000000.0,4657000000.0,23871000000.0,14122000000.0,9749000000.0,0.0,7757000000.0,7029000000.0,83.67568704430735,2.1886305835154163,6.265365417566859,-7.596676045279072,9.0105459057072,34.17344363432417,24.638951205832864,49.50224340998318
JPM,2017-09-30,USD,29467000000.0,5341000000.0,24126000000.0,14570000000.0,9556000000.0,0.0,7697000000.0,6732000000.0,81.8746394271558,3.2915030846887294,8.574060427413421,3.172355190482934,-4.225352112676061,32.42949740387552,22.84589540842298,49.44514202328028
JPM,2017-12-31,USD,28119000000.0,5274000000.0,22845000000.0,14591000000.0,8254000000.0,0.0,7456000000.0,4232000000.0,81.24399871972687,-4.574608884514886,7.7810571505232184,0.14413177762526708,-37.13606654783126,29.35381770333227,15.050321846438353,51.89018101639461
JPM,2018-03-31,USD,32290000000.0,5548000000.0,26742000000.0,16080000000.0,10662000000.0,0.0,8862000000.0,8712000000.0,82.8182099721276,14.833386678046878,15.66429057563492,10.204920841614683,105.86011342155008,33.01951068442242,26.98048931557758,49.798699287705176
JPM,2018-06-30,USD,32834000000.0,6291000000.0,26543000000.0,15971000000.0,10572000000.0,0.0,8338000000.0,8316000000.0,80.83998294450873,1.6847321152059447,15.093942793045434,-0.6778606965174183,-4.545454545454541,32.19833099835536,25.327404519705183,48.64165194615338
JPM,2018-09-30,USD,32791000000.0,6479000000.0,26312000000.0,15623000000.0,10689000000.0,0.0,8108000000.0,8380000000.0,80.24152968802414,-0.13096180788206846,11.280415379916509,-2.178949345689063,0.7696007696007756,32.597359031441556,25.555792748010127,47.644170656582595
JPM,2018-12-31,USD,32793000000.0,8232000000.0,24561000000.0,15720000000.0,8841000000.0,0.0,7809000000.0,7066000000.0,74.89708169426402,0.006099234546064203,16.6222127387176,0.6208794725724998,-15.680190930787585,26.960021955905223,21.54728143201293,47.9370597383588
JPM,2019-03-31,USD,36059000000.0,8431000000.0,27628000000.0,16395000000.0,11233000000.0,,8937000000.0,9179000000.0,76.61887462214703,9.959442563961819,11.672344379064725,4.293893129770998,29.903764506085473,31.15172356415874,25.45550348040711,45.467151057988296
JPM,2019-06-30,USD,35952000000.0,8354000000.0,27598000000.0,16256000000.0,11342000000.0,,8547000000.0,9652000000.0,76.76346239430352,-0.29673590504450953,9.496253883169882,-0.8478194571515663,5.15306678287395,31.547619047619047,26.846906987093906,45.21584334668447
JPM,2019-09-30,USD,36184000000.0,8407000000.0,27777000000.0,16372000000.0,11405000000.0,,8583000000.0,9080000000.0,76.76597391112094,0.6453048509123205,10.347351407398374,0.7135826771653475,-5.926232905097384,31.519456113199208,25.093964183064337,45.24651779792173
JPM,2019-12-31,USD,34092000000.0,7188000000.0,26904000000.0,16339000000.0,10565000000.0,,8088000000.0,8520000000.0,78.91587469200985,-5.781560910899842,3.9612112341048444,-0.20156364524798187,-6.167400881057272,30.989674997066764,24.991200281590988,47.926199694943094
JPM,2020-03-31,USD,32999000000.0,12998000000.0,20001000000.0,16791000000.0,3210000000.0,,8895000000.0,2865000000.0,60.610927603866784,-3.2060307403496413,-8.48609223772151,2.7663871717975352,-66.37323943661973,9.727567502045517,8.682081275190157,50.88336010182126
JPM,2020-06-30,USD,35330000000.0,12728000000.0,22602000000.0,16942000000.0,5660000000.0,,9509000000.0,4687000000.0,63.97395980752901,7.063850419709694,-1.7300845571873613,0.8992912869989933,63.59511343804538,16.02037928106425,13.266345881686952,47.95358052646476
JPM,2020-09-30,USD,30845000000.0,2201000000.0,28644000000.0,16875000000.0,11769000000.0,,8630000000.0,9443000000.0,92.8643216080402,-12.694593829606571,-14.755140393544108,-0.39546688702633004,101.47215703008321,38.15529259199222,30.614362133246882,54.709029016047985
JPM,2020-12-31,USD,30558000000.0,-555000000.0,31113000000.0,16048000000.0,15065000000.0,,7954000000.0,12136000000.0,101.81621833889652,-0.9304587453396018,-10.366068285814855,-4.900740740740739,28.518479296833643,49.299692388245305,39.714641010537335,52.516525950651214
JPM,2021-03-31,USD,33632000000.0,-2790000000.0,36422000000.0,18725000000.0,17697000000.0,,10601000000.0,14300000000.0,108.29567078972406,10.059558871653905,1.9182399466650457,16.68120638085744,17.83124588002636,52.61952901998097,42.519029495718364,55.676141769743104
JPM,2021-06-30,USD,31839000000.0,-925000000.0,32764000000.0,17667000000.0,15097000000.0,,9814000000.0,11948000000.0,102.90524199880649,-5.331232159847765,-9.881120860458537,-5.650200267022698,-16.44755244755245,47.416690222682874,37.5263042180973,55.488551776123614
JPM,2021-09-30,USD,31061000000.0,-113000000.0,31174000000.0,17063000000.0,14111000000.0,,9087000000.0,11687000000.0,100.36380026399665,-2.443544081158333,0.7002755714054176,-3.4188034188034178,-2.1844660194174748,45.42996040050224,37.62596181706964,54.93383986349441
JPM,2021-12-31,USD,30706000000.0,161000000.0,30545000000.0,17888000000.0,12657000000.0,,9065000000.0,10399000000.0,99.47567250700189,-1.1429123337947877,0.4843248903724007,4.835023149504769,-11.02079233336185,41.219957011658956,33.866345339673025,58.25571549534293
JPM,2022-03-31,USD,32342000000.0,3088000000.0,29254000000.0,19191000000.0,10063000000.0,,10787000000.0,8282000000.0,90.45204378207903,5.327948935061544,-3.835632730732641,7.284212880143115,-20.35772670449082,31.114340486055287,25.6075691051883,59.33770329602375
JPM,2022-06-30,USD,34227000000.0,4613000000.0,29614000000.0,18749000000.0,10865000000.0,,10301000000.0,8649000000.0,86.52233616735326,5.82833467318038,7.500235560162061,-2.3031629409619114,4.431296788215411,31.743944838869897,25.26952405995267,54.77839132848336
JPM,2022-09-30,USD,40795000000.0,9616000000.0,31179000000.0,19178000000.0,12001000000.0,,10539000000.0,9737000000.0,76.42848388282879,19.189528734624716,31.338334245516887,2.2881220331750995,12.579488958261065,29.41782081137394,23.868121093271235,47.010663071454836
JPM,2022-12-31,USD,34547000000.0,15115000000.0,32259000000.0,-19022000000.0,11155000000.0,,4908000000.0,11008000000.0,93.37713839117724,-15.31560240225518,12.508955904383502,-199.18656794243404,13.053301838348563,32.28934495035748,31.863837670420008,-55.061220945378764
JPM,2023-03-31,USD,54641000000.0,18567000000.0,36074000000.0,20107000000.0,15967000000.0,,11993000000.0,12622000000.0,66.02002159550521,58.16424002084118,68.94749860862038,-205.7039217747871,14.662063953488369,29.22164674877839,23.099870060943246,36.798374846726816
JPM,2023-06-30,USD,58447000000.0,22751000000.0,35696000000.0,18110000000.0,17586000000.0,,11216000000.0,14472000000.0,61.07413554160179,6.965465492944856,70.76284804394193,-9.931864524792356,14.656948185707485,30.08879839854911,24.760894485602343,30.985337143052682
JPM,2023-09-30,USD,61591000000.0,23201000000.0,38390000000.0,21657000000.0,16733000000.0,,11726000000.0,13151000000.0,62.33053530548295,5.379232467021411,50.97683539649467,19.58586416344561,-9.12797125483693,27.167930379438555,21.352145605689145,35.16260492604439
JPM,2023-12-31,USD,61933000000.0,26084000000.0,35849000000.0,24523000000.0,11326000000.0,,11847000000.0,9307000000.0,57.883519286971406,0.5552759331720614,79.27171679161722,13.233596527681591,-29.2297163713786,18.28750423845123,15.027529749891011,39.59601504852017
JPM,2024-03-31,USD,66264000000.0,26214000000.0,40050000000.0,22757000000.0,17293000000.0,,13366000000.0,13419000000.0,60.44005795001811,6.993040866743083,21.271572628612212,-7.201402764751464,44.181798646180305,26.097126644935408,20.250814922129663,34.34293130508269
JPM,2024-06-30,USD,67835000000.0,28796000000.0,39039000000.0,15604000000.0,23435000000.0,,12953000000.0,18149000000.0,57.54993734797671,2.370819751297848,16.062415521754758,-31.4320868304258,35.248528206274685,34.54706272573155,26.754625193484188,23.002874622245155
JPM,2024-09-30,USD,69667000000.0,30124000000.0,39543000000.0,22565000000.0,16978000000.0,,12817000000.0,12898000000.0,56.760015502318176,2.7006707451905365,13.112305369290977,44.610356318892585,-28.9327235660367,24.370218324314237,18.513787015373133,32.38979717800393
JPM,2024-12-31,USD,67007000000.0,26870000000.0,40137000000.0,22762000000.0,17375000000.0,,12469000000.0,14005000000.0,59.89971197039116,-3.818163549456699,8.192724395717942,0.8730334588965105,8.582726004031628,25.930126703180267,20.900801408808036,33.96958526721089
JPM,2025-03-31,USD,68907000000.0,26902000000.0,42005000000.0,23597000000.0,18408000000.0,2578000000.0,14427000000.0,14643000000.0,60.95897368917527,2.835524646678711,3.9885910901847232,3.668394692909227,4.555515887183148,26.714267055596675,21.250380948234575,34.244706633578595
JPM,2025-06-30,USD,69914000000.0,27891000000.0,42023000000.0,23739000000.0,18284000000.0,,13710000000.0,14987000000.0,60.10670252023915,1.4613899894060145,3.0647895629100086,0.6017714116201223,2.3492453732158802,26.152129759418713,21.43633607002889,33.95457276082043
JPM,2025-09-30,USD,71900000000.0,28876000000.0,43024000000.0,24281000000.0,18743000000.0,2839000000.0,18159000000.0,14393000000.0,59.838664812239216,2.840632777412244,3.2052478217807545,2.283162728000332,-3.9634349769800514,26.068150208623088,20.01808066759388,33.77051460361613
LLY,2005-09-30,USD,3601100000.0,845700000.0,2755400000.0,1821900000.0,933500000.0,751000000.0,1070900000.0,794400000.0,76.51550914998195,,,,,25.922634750492907,22.059926133681376,50.59287439948904
LLY,2005-12-31,USD,3879100000.0,898200000.0,2980900000.0,1999500000.0,981400000.0,809900000.0,1189600000.0,700600000.0,76.84514449227913,7.719863375079838,,9.74806520665239,-11.807653575025178,25.29968291614034,18.0608904127246,51.5454615761388
LLY,2006-03-31,USD,3714700000.0,806500000.0,2908200000.0,1883700000.0,1024500000.0,740800000.0,1142900000.0,834800000.0,78.28896007752981,-4.238096465675023,,-5.7914478619654925,19.15500999143591,27.579616119740493,22.472878025143352,50.70934395778932
LLY,2006-06-30,USD,3866900000.0,860600000.0,3006300000.0,2012700000.0,993600000.0,774800000.0,1237900000.0,822000000.0,77.74444645581731,4.097235308369451,,6.8482242395285775,-1.5333013895543868,25.695001163722882,21.25733791926349,52.04944529209444
LLY,2006-09-30,USD,3864100000.0,860400000.0,3003700000.0,1953900000.0,1049800000.0,755700000.0,1198200000.0,873600000.0,77.73349550995057,-0.07240942356926405,7.303323984338128,-2.921448800119242,6.277372262773717,27.16803395357263,22.60811055614503,50.56546155637795
LLY,2006-12-31,USD,4245300000.0,1019000000.0,3226300000.0,2168800000.0,1057500000.0,858000000.0,1310800000.0,132300000.0,75.99698490094929,9.865169120881955,9.440334098115532,10.99851578893496,-84.85576923076923,24.90990036039856,3.116387534449862,51.087084540550734
LLY,2007-03-31,USD,4226100000.0,922500000.0,3303600000.0,2171000000.0,1132600000.0,834200000.0,1336800000.0,508700000.0,78.17136366863066,-0.4522648576072319,13.766925996715763,0.10143858354849655,284.50491307634167,26.80012304488772,12.037102766143725,51.37124062374293
LLY,2007-06-30,USD,4631000000.0,998900000.0,3632100000.0,2379100000.0,1253000000.0,854400000.0,1524700000.0,663600000.0,78.43014467717555,9.580937507394527,19.760014481884713,9.58544449562413,30.45016709258894,27.056791189807818,14.32951846253509,51.37335348736774
LLY,2007-09-30,USD,4586800000.0,1054600000.0,3532200000.0,2322300000.0,1209900000.0,844500000.0,1477800000.0,926300000.0,77.00793581581931,-0.9544374865039895,18.702932118733994,-2.3874574418897954,39.58710066305002,26.377866922473185,20.194907124792884,50.63006889334613
LLY,2007-12-31,USD,5189600000.0,1272800000.0,3916800000.0,2709400000.0,1207400000.0,953600000.0,1755800000.0,854400000.0,75.47402497302296,13.142059823842335,22.243422137422563,16.668819704603187,-7.76206412609306,23.26576229381841,16.463696624017267,52.208262679204566
LLY,2008-03-31,USD,4807600000.0,1111300000.0,3696300000.0,2427600000.0,1268700000.0,877100000.0,1550500000.0,1064300000.0,76.88451618271071,-7.3608755973485485,13.759731194245294,-10.400826751310255,24.566947565543074,26.389466677760215,22.137865047008905,50.495049504950494
LLY,2008-06-30,USD,5150400000.0,1200900000.0,3949500000.0,2651600000.0,1297900000.0,951500000.0,1700100000.0,958800000.0,76.68336439888164,7.130376903236546,11.215720146836539,9.227220299884653,-9.912618622568825,25.199984467225846,18.616029822926375,51.48337993165579
LLY,2008-09-30,USD,5209500000.0,1155200000.0,4054300000.0,2602200000.0,1452100000.0,953000000.0,1649200000.0,-465600000.0,77.82512717151359,1.1474836905871477,13.575913490886894,-1.863026097450593,-148.56070087609513,27.874076206929647,-8.937517995968904,49.951050964583935
LLY,2008-12-31,USD,5210500000.0,915400000.0,4295100000.0,2785900000.0,1509200000.0,1059300000.0,1726600000.0,-3629400000.0,82.4316284425679,0.01919570016315486,0.4027285339910591,7.059411267389137,679.5103092783505,28.964590730256212,-69.65550331062278,53.46703771231168
LLY,2009-03-31,USD,5047000000.0,816400000.0,4230600000.0,2476500000.0,1754100000.0,947300000.0,1529200000.0,1313100000.0,83.82405389340202,-3.137894635831495,4.979615608619681,-11.10592627158189,-136.17953380724086,34.75530017832376,26.01743610065385,49.06875371507826
LLY,2009-06-30,USD,5292800000.0,947400000.0,4345400000.0,2748600000.0,1596800000.0,1040400000.0,1708200000.0,1158500000.0,82.1002116082225,4.870219932633257,2.7648337993165573,10.987280436099333,-11.773665372020414,30.169286577992743,21.88822551390568,51.930925030229744
LLY,2009-09-30,USD,5562000000.0,1051900000.0,4510100000.0,2823900000.0,1686200000.0,1122100000.0,1701800000.0,941800000.0,81.08773822366055,5.086154776299878,6.766484307515119,2.7395765116786652,-18.705222270176957,30.316432937792158,16.93275800071917,50.771305285868394
LLY,2009-12-31,USD,5934200000.0,1431300000.0,4502900000.0,3170000000.0,1332900000.0,1216700000.0,1953300000.0,915400000.0,75.88048936672172,6.691837468536499,13.889262066980134,12.25609972024506,-2.8031429178169476,22.461325873748777,15.425836675541774,53.419163492972935
LLY,2010-03-31,USD,5485500000.0,1122500000.0,4363000000.0,2653500000.0,1709500000.0,1039100000.0,1614400000.0,1248100000.0,79.53696107920882,-7.561255097570019,8.68832970081237,-16.293375394321764,36.344767314835046,31.1639777595479,22.75271169446723,48.372983319660925
LLY,2010-06-30,USD,5748700000.0,1023900000.0,4724800000.0,2942600000.0,1782200000.0,1187200000.0,1755400000.0,1348900000.0,82.18901664724198,4.798104092607791,8.613588270858518,10.895044281138123,8.076275939427923,31.00179170942996,23.46443543757719,51.187224937812026
LLY,2010-09-30,USD,5654800000.0,987600000.0,4667200000.0,2914700000.0,1752500000.0,1219800000.0,1694900000.0,1302900000.0,82.53519134186885,-1.6334127715831426,1.6684645810859378,-0.9481410997077444,-3.4101860775446635,30.991370163401005,23.040602673834616,51.54382117846785
LLY,2010-12-31,USD,6187000000.0,1232200000.0,4954800000.0,3426800000.0,1528000000.0,1438100000.0,1988700000.0,1169600000.0,80.08404719573299,9.411473438494733,4.260051902531092,17.569561189830864,-10.231023102310232,24.696945207693553,18.90415387101988,55.38710198803943
LLY,2011-03-31,USD,5839200000.0,1180100000.0,4659100000.0,2909700000.0,1749400000.0,1124000000.0,1785700000.0,1055900000.0,79.79003973147006,-5.621464360756423,6.4479081214109835,-15.08987977121513,-9.721272229822164,29.95958350458967,18.08295656939307,49.83045622688039
LLY,2011-06-30,USD,6252800000.0,1228000000.0,5024800000.0,3303600000.0,1721200000.0,1260600000.0,2043000000.0,1197300000.0,80.36079836233367,7.083162076996841,8.76893906448415,13.53747809052479,13.39141964201156,27.526867963152508,19.148221596724667,52.83393039918116
LLY,2011-09-30,USD,6147900000.0,1338100000.0,4809800000.0,3198700000.0,1611100000.0,1280900000.0,1917800000.0,1236300000.0,78.2348444184193,-1.6776484135107461,8.720025465091608,-3.1753238890906865,3.2573289902280145,26.205696254005435,20.109305616551993,52.02914816441386
LLY,2011-12-31,USD,6046600000.0,1321700000.0,4724900000.0,3488700000.0,1236200000.0,1355300000.0,2133400000.0,858200000.0,78.14143485595211,-1.6477171066543006,-2.26927428479069,9.066183136899376,-30.58319178192995,20.44454734892336,14.193100254688584,57.69688750702874
LLY,2012-03-31,USD,5602000000.0,1197900000.0,4404100000.0,2999000000.0,1405100000.0,1151500000.0,1847500000.0,1011100000.0,78.61656551231702,-7.35289253464757,-4.062200301411156,-14.036747212428702,17.81635982288512,25.082113530881827,18.04891110317744,53.534451981435204
LLY,2012-06-30,USD,5600700000.0,1146700000.0,4454000000.0,3251800000.0,1202200000.0,1320700000.0,1931100000.0,923600000.0,79.52577356401879,-0.02320599785791133,-10.428927840327528,8.429476492164056,-8.65394125210167,21.465173996107627,16.49079579338297,58.060599567911154
LLY,2012-09-30,USD,5443300000.0,1203600000.0,4239700000.0,3100200000.0,1139500000.0,1342800000.0,1757400000.0,1326600000.0,77.8884132787096,-2.810362990340498,-11.460824021210492,-4.662033335383475,43.633607622347334,20.933992247349952,24.371245384233827,56.95442103135965
LLY,2012-12-31,USD,5957400000.0,1248300000.0,4709100000.0,3440600000.0,1268500000.0,1463100000.0,1977500000.0,827300000.0,79.04622822036458,9.444638362757885,-1.4752092084807988,10.979936778272359,-37.637569727121964,21.292845872360424,13.88693054016853,57.753382348004166
LLY,2013-03-31,USD,5602000000.0,1158300000.0,4443700000.0,3000100000.0,1443600000.0,1348100000.0,1652000000.0,1548000000.0,79.32345590860407,-5.96568973041931,0.0,-12.802999476835431,87.11471050404931,25.769368082827558,27.63298821849339,53.554087825776506
LLY,2013-06-30,USD,5929700000.0,1165200000.0,4764500000.0,3198000000.0,1566500000.0,1330400000.0,1867600000.0,1206200000.0,80.34976474357893,5.849696536951088,5.874265716785398,6.596446785107157,-22.08010335917313,26.417862623741506,20.341669898983085,53.931902119837424
LLY,2013-09-30,USD,5772600000.0,1198100000.0,4574500000.0,3029800000.0,1544700000.0,1377400000.0,1652400000.0,1203100000.0,79.24505422166787,-2.649375179182756,6.049639005750196,-5.259537210756726,-0.257005471729399,26.759172643176388,20.84156186120639,52.48588157849149
LLY,2013-12-31,USD,5808800000.0,1386500000.0,4422300000.0,3429000000.0,993300000.0,1475400000.0,1953600000.0,727500000.0,76.13104255612174,0.6271004400097091,-2.4943767415315454,13.175787180671982,-39.53121103815144,17.099917366753893,12.524101363448562,59.03112518936785
LLY,2014-03-31,USD,4683100000.0,1222700000.0,3460400000.0,2594200000.0,866200000.0,1109300000.0,1484900000.0,727900000.0,73.89122589737566,-19.379217738603494,-16.40307033202427,-24.34529017206183,0.05498281786942005,18.49629518908415,15.543123144925369,55.39493070829151
LLY,2014-06-30,USD,4935600000.0,1189700000.0,3745900000.0,2859300000.0,886600000.0,1195400000.0,1663900000.0,733500000.0,75.89553448415593,5.391727701736038,-16.76476044319274,10.218949965307234,0.7693364473141839,17.963368182186564,14.861415025528812,57.93216630196937
LLY,2014-09-30,USD,4875600000.0,1267000000.0,3608600000.0,2915300000.0,693300000.0,1243200000.0,1672100000.0,500600000.0,74.01345475428666,-1.2156576707999078,-15.5389252676437,1.9585213164061033,-31.75187457396046,14.219788333743539,10.267454262039543,59.79366642054311
LLY,2014-12-31,USD,5121300000.0,1253100000.0,3868200000.0,2985600000.0,882600000.0,1185700000.0,1799900000.0,428500000.0,75.53160330384863,5.039379768643859,-11.835490979203966,2.4114156347545768,-14.402716739912103,17.2339054536934,8.367016187296194,58.29769785015524
LLY,2015-03-31,USD,4644700000.0,1192700000.0,3452000000.0,2562800000.0,889200000.0,1039300000.0,1523500000.0,529500000.0,74.32126940383664,-9.306230839825824,-0.8199696782046129,-14.161307609860662,23.5705950991832,19.14440114539152,11.400090425646436,55.17686825844511
LLY,2015-06-30,USD,4978700000.0,1218400000.0,3760300000.0,2804900000.0,955400000.0,1169500000.0,1635400000.0,600800000.0,75.52774820736336,7.190991883221742,0.873247426857926,9.44669892305292,13.465533522190754,19.189748327876753,12.067407154478078,56.33799987948661
LLY,2015-09-30,USD,4959700000.0,1236900000.0,3722800000.0,2719100000.0,1003700000.0,1143400000.0,1575700000.0,799700000.0,75.0609915922334,-0.38162572559101715,1.724915907785718,-3.058932582266749,33.105858854860195,20.23711111559167,16.123959110430068,54.823880476641726
LLY,2015-12-31,USD,5375600000.0,1389200000.0,3986400000.0,3242600000.0,743800000.0,1444200000.0,1798400000.0,478400000.0,74.15730337078652,8.385587837974073,4.965536094351042,19.252693906071872,-40.1775665874703,13.83659498474589,8.899471686881464,60.320708386040636
LLY,2016-03-31,USD,4865100000.0,1323000000.0,3542100000.0,2694900000.0,847200000.0,1221000000.0,1473900000.0,440100000.0,72.80631436147253,-9.49661433142347,4.745193446293627,-16.890766668722634,-8.005852842809368,17.41382499845841,9.046062773632608,55.39248936301412
LLY,2016-06-30,USD,5404800000.0,1465000000.0,3939800000.0,2958500000.0,981300000.0,1335900000.0,1622600000.0,747700000.0,72.89446417998816,11.093297157304072,8.558459035491195,9.781439014434667,69.89320608952512,18.15608348134991,13.833999407933689,54.738380698638245
LLY,2016-09-30,USD,5191700000.0,1400900000.0,3790800000.0,2801800000.0,989000000.0,1236400000.0,1565400000.0,778000000.0,73.01654564015641,-3.942791592658379,4.67770228037987,-5.29660300828122,4.052427444162099,19.049636920469208,14.98545755725485,53.96690871968719
LLY,2016-12-31,USD,5760500000.0,1466000000.0,4294500000.0,3240700000.0,1053800000.0,1450600000.0,1790100000.0,771800000.0,74.5508202412985,10.955948918466007,7.160130962125155,15.664929688057683,-0.7969151670951136,18.293550907039318,13.39814252235049,56.25726933425918
LLY,2017-03-31,USD,5228300000.0,1347900000.0,3880400000.0,2762800000.0,1117600000.0,1258300000.0,1504500000.0,-110800000.0,74.21915345332135,-9.238781355785086,7.465416949291903,-14.746813959946925,-114.3560507903602,21.375973069640228,-2.1192356980280396,52.84318038368112
LLY,2017-06-30,USD,5824300000.0,1571700000.0,4252600000.0,2938200000.0,1314400000.0,1272100000.0,1666100000.0,1008000000.0,73.01478289236475,11.399498881089464,7.761619301361744,6.348631822788486,-1009.7472924187725,22.567518843466168,17.306800817265593,50.447264048898575
LLY,2017-09-30,USD,5658000000.0,1586300000.0,4071700000.0,2854700000.0,1217000000.0,1340000000.0,1514700000.0,555600000.0,71.96359137504419,-2.8552787459437234,8.981643777568049,-2.841875978490227,-44.88095238095238,21.50936726758572,9.819724284199363,50.454224107458465
LLY,2017-12-31,USD,6160700000.0,1624800000.0,4535900000.0,3767400000.0,768500000.0,1473200000.0,2294200000.0,-1656900000.0,73.62637362637363,8.88476493460586,6.947313601249894,31.971835919711356,-398.2181425485961,12.47423182430568,-26.894671060106806,61.15214180206795
LLY,2018-03-31,USD,4963800000.0,1164600000.0,3799200000.0,2390200000.0,1409000000.0,1107500000.0,1282700000.0,1217400000.0,76.53813610540313,-19.42798707939033,-5.05900579538282,-36.555714816584384,-173.47456092703243,28.385511100366656,24.525565091260727,48.15262500503646
LLY,2018-06-30,USD,5585000000.0,1234300000.0,4350700000.0,2701800000.0,1648900000.0,1271000000.0,1430800000.0,-259900000.0,77.89973142345569,12.514605745598129,-4.108648249575053,13.036565977742454,-121.34877608017085,29.523724261414504,-4.6535362578334825,48.37600716204118
LLY,2018-09-30,USD,5306900000.0,1152900000.0,4154000000.0,2675600000.0,1478400000.0,1280900000.0,1394700000.0,1149500000.0,78.27545271250635,-4.979409131602508,-6.2053729232944494,-0.9697238877785175,-542.2854944209312,27.858071567204963,21.660479752774688,50.4173811453014
LLY,2018-12-31,USD,6438600000.0,1593700000.0,4844900000.0,3247400000.0,1597500000.0,1453800000.0,1793600000.0,1125000000.0,75.24772466064051,21.325067365128426,4.510851039654584,21.37090746000898,-2.131361461504999,24.811294380766004,17.472742521666202,50.436430279874514
LLY,2019-03-31,USD,5092200000.0,1138700000.0,3953500000.0,2691700000.0,1261800000.0,1230500000.0,1461200000.0,4241600000.0,77.6383488472566,-20.911378249930113,2.586727910068909,-17.112151259469112,277.0311111111111,24.7790738776953,83.29602136601076,52.859274969561284
LLY,2019-06-30,USD,5636700000.0,1124900000.0,4511800000.0,2938700000.0,1573100000.0,1402200000.0,1536500000.0,1327200000.0,80.04328773928007,10.692824319547544,0.9256938227394818,9.17635694913994,-68.70992078460958,27.908173221920627,23.54569162808026,52.13511451735945
LLY,2019-09-30,USD,5476600000.0,1175000000.0,4301600000.0,2741000000.0,1560600000.0,1380900000.0,1360100000.0,1253900000.0,78.54508271555345,-2.840314368336083,3.1977237181782137,-6.727464525130156,-5.522905364677522,28.4957820545594,22.89559215571705,50.04930066099404
LLY,2019-12-31,USD,6114000000.0,1282600000.0,4831400000.0,3227500000.0,1603900000.0,1581400000.0,1646100000.0,1495700000.0,79.02191691200522,11.638607895409558,-5.041468642251424,17.74899671652681,19.283834436557946,26.233235197906446,24.463526333006218,52.78868171409879
LLY,2020-03-31,USD,5859800000.0,1215100000.0,4644700000.0,2897100000.0,1747600000.0,1392100000.0,1505000000.0,1456500000.0,79.26379739922864,-4.157670919201828,15.07403479831899,-10.237025561580172,-2.6208464264224074,29.82354346564729,24.85579712618178,49.44025393358135
LLY,2020-06-30,USD,5499400000.0,1222000000.0,4277400000.0,2802900000.0,1474500000.0,1390200000.0,1412700000.0,1412000000.0,77.77939411572171,-6.150380559063451,-2.435822378341934,-3.2515273894584196,-3.0552694816340598,26.812015856275227,25.6755282394443,50.967378259446484
LLY,2020-09-30,USD,5740600000.0,1326400000.0,4414200000.0,2920500000.0,1493700000.0,1465400000.0,1455100000.0,1208400000.0,76.89440128209594,4.38593301087391,4.8205090749735335,4.1956545006957,-14.419263456090647,26.019928230498557,21.050064453193045,50.87447305159739
LLY,2020-12-31,USD,7440000000.0,1719800000.0,5720200000.0,3334600000.0,2385600000.0,1838000000.0,1496600000.0,2116800000.0,76.88440860215053,29.603177368219356,21.68792934249264,14.179078924841626,75.17378351539226,32.064516129032256,28.451612903225808,44.81989247311828
LLY,2021-03-31,USD,6805600000.0,1878600000.0,4927000000.0,3174700000.0,1752300000.0,1672100000.0,1502600000.0,1355300000.0,72.39626190196309,-8.526881720430113,16.14048261032799,-4.795177832423681,-35.974111866969004,25.74791348301399,19.914482191136713,46.6483484189491
LLY,2021-06-30,USD,6740100000.0,1953200000.0,4786900000.0,3269600000.0,1517300000.0,1655000000.0,1614600000.0,1390200000.0,71.02120146585362,-0.9624426942517972,22.560642979234103,2.9892588276057674,2.5750756290120247,22.511535437159687,20.62580673877242,48.509666028693935
LLY,2021-09-30,USD,6772800000.0,1430800000.0,5342000000.0,3210600000.0,2131400000.0,1705300000.0,1505300000.0,1110100000.0,78.87432081266242,0.4851560065874283,17.980698881649992,-1.8045020797651135,-20.14818011796864,31.46999763760926,16.390562248995984,47.40432317505315
LLY,2021-12-31,USD,7999900000.0,2050200000.0,5949700000.0,3478800000.0,2470900000.0,1959400000.0,1519400000.0,1726100000.0,74.37217965224565,18.118060477202924,7.525537634408597,8.353578770323299,55.49049635168002,30.886636082951036,21.57651970649633,43.48554356929461
LLY,2022-03-31,USD,7810000000.0,2072100000.0,5737900000.0,3074700000.0,2663200000.0,1610100000.0,1464600000.0,1902900000.0,73.46862996158771,-2.3737796722459015,14.758434230633588,-11.616074508451192,10.242743757603856,34.09987195902689,24.36491677336748,39.368758002560824
LLY,2022-06-30,USD,6488000000.0,1430500000.0,5057500000.0,3312700000.0,1744800000.0,1781900000.0,1530800000.0,952500000.0,77.9516029593095,-16.92701664532651,-3.7403005890120355,7.740592578137706,-49.94482106258869,26.892725030826142,14.680949445129471,51.05887792848336
LLY,2022-09-30,USD,6941600000.0,1579100000.0,5362500000.0,3324700000.0,2037800000.0,1802900000.0,1521800000.0,1451700000.0,77.25164227267489,6.991368680641186,2.492322230096855,0.3622422797114222,52.409448818897644,29.3563443586493,20.9130459836349,47.89529791402558
LLY,2022-12-31,USD,7301800000.0,1548100000.0,5753700000.0,3546200000.0,2207500000.0,1995900000.0,1550300000.0,1937700000.0,78.79837848201812,5.189005416618642,-8.726359079488489,6.662255241074377,33.47799132052076,30.232271494699937,26.537292174532308,48.5661069873182
LLY,2023-03-31,USD,6960000000.0,1626700000.0,5333300000.0,3618500000.0,1714800000.0,1985100000.0,1633400000.0,1344900000.0,76.6278735632184,-4.681037552384348,-10.883482714468629,2.038802098020409,-30.592971048149863,24.637931034482758,19.323275862068964,51.98994252873563
LLY,2023-06-30,USD,8312100000.0,1807400000.0,6504700000.0,4166300000.0,2338400000.0,2356500000.0,1809800000.0,1763200000.0,78.2557957676159,19.42672413793103,28.11498150431566,15.138869697388424,31.102684214439734,28.132481563022584,21.212449320869574,50.123314204593306
LLY,2023-09-30,USD,9498600000.0,1860100000.0,7638500000.0,4097500000.0,3541000000.0,2409100000.0,1688400000.0,-57400000.0,80.4171141010254,14.274371097556582,36.83588797971649,-1.65134531838802,-103.255444646098,37.279177984123976,-0.6042995809908829,43.137936116901436
LLY,2023-12-31,USD,9353400000.0,1788000000.0,7565400000.0,4372300000.0,3193100000.0,2562700000.0,1809600000.0,2189700000.0,80.88395663608955,-1.52864632682711,28.09718151688625,6.706528370957909,-3914.8083623693383,34.138388179699355,23.410738341137982,46.74556845639019
LLY,2024-03-31,USD,8768000000.0,1673500000.0,7094500000.0,4358900000.0,2735600000.0,2522800000.0,1836100000.0,2242900000.0,80.91354927007299,-6.25868668077918,25.977011494252867,-0.30647485305217437,2.429556560259405,31.199817518248175,25.5805200729927,49.71373175182482
LLY,2024-06-30,USD,11302800000.0,2170200000.0,9132600000.0,4714100000.0,4418500000.0,2711200000.0,2002900000.0,2967000000.0,80.79944792440811,28.909671532846716,35.98007723679937,8.148844892059914,32.284096482232826,39.092083377570155,26.25013271047882,41.70736454683795
LLY,2024-09-30,USD,11439100000.0,2170800000.0,9268300000.0,4718500000.0,4549800000.0,2734100000.0,1984400000.0,970300000.0,81.02298257730067,1.2058958842056766,20.429326427052395,0.09333701024585306,-67.29693292888439,39.77410810291019,8.482310671294071,41.24887447439047
LLY,2024-12-31,USD,13532800000.0,2403800000.0,11129000000.0,5331200000.0,5797800000.0,3022500000.0,2308700000.0,4409800000.0,82.23723102388271,18.30301334895228,44.683216798169646,12.985058811062844,354.4779964959291,42.84257507685032,32.586013241901156,39.3946559470324
LLY,2025-03-31,USD,12728500000.0,2224200000.0,10504300000.0,5095900000.0,5408400000.0,2733700000.0,2362200000.0,2759300000.0,82.52582786659858,-5.9433376684795425,45.16993613138687,-4.413640456182478,-37.42800126989886,42.490474132851475,21.67812389519582,40.0353537337471
LLY,2025-06-30,USD,15557700000.0,2447800000.0,13109900000.0,5983700000.0,7126200000.0,3336100000.0,2647600000.0,5660500000.0,84.26631185843667,22.227285226067494,37.64465442191316,17.421848937381036,105.14260863262423,45.80497117183131,36.38391278916549,38.46134068660535
LLY,2025-09-30,USD,17600800000.0,3008300000.0,14592500000.0,6862100000.0,7730400000.0,4121400000.0,2740700000.0,5582500000.0,82.90816326530613,13.13240389003516,53.86525163692948,14.679880341594664,-1.3779701439802117,43.92073087586928,31.71730830416799,38.98743238943684
MA,2005-09-30,USD,734407000.0,569254000.0,734407000.0,734407000.0,734407000.0,0.0,350064000.0,66680000.0,100.0,,,,,100.0,9.079434155720193,100.0
MA,2005-12-31,USD,734407000.0,741973000.0,734407000.0,2544444000.0,-1810037000.0,0.0,1351082000.0,66680000.0,100.0,0.0,,246.46238393697226,0.0,-246.46238393697226,9.079434155720193,346.4623839369723
MA,2006-03-31,USD,738453000.0,530520000.0,738453000.0,555740000.0,182713000.0,0.0,347837000.0,126744000.0,100.0,0.5509206747757123,,-78.15868614125522,90.07798440311939,24.74267150380593,17.16344845237273,75.25732849619408
MA,2006-06-30,USD,846489000.0,672227000.0,846489000.0,1120455000.0,-273966000.0,0.0,388411000.0,-310460000.0,100.0,14.630044159885603,,101.61496383200776,-344.95045130341475,-32.36498052544097,-36.67620016326261,132.36498052544096
MA,2006-09-30,USD,901969000.0,602070000.0,901969000.0,627209000.0,274760000.0,0.0,392883000.0,193004000.0,100.0,6.554131240925742,22.81595899821216,-44.02193751645537,-162.16710687367134,30.462244267818516,21.398074656667802,69.53775573218148
MA,2006-12-31,USD,839163000.0,752238000.0,839163000.0,793175000.0,45988000.0,0.0,376054000.0,40902000.0,100.0,-6.963210487278393,14.264025261197123,26.461036113958826,-78.80769310480612,5.4802225550935875,4.874142449083194,94.51977744490641
MA,2007-03-31,USD,915103000.0,576977000.0,915103000.0,601165000.0,313938000.0,0.0,398526000.0,214906000.0,100.0,9.04949336422125,23.92163076052234,-24.20777255964951,425.41685003178327,34.306302132109714,23.484350941915828,65.69369786789028
MA,2007-06-30,USD,996959000.0,699716000.0,996959000.0,728143000.0,268816000.0,0.0,431463000.0,252286000.0,100.0,8.945004005013635,17.775777358004664,21.121988139695436,17.393651177724223,26.963596296337162,25.30555419029268,73.03640370366283
MA,2007-09-30,USD,1082850000.0,707273000.0,1082850000.0,729547000.0,353303000.0,0.0,432848000.0,314461000.0,100.0,8.615299124638032,20.05401516016625,0.19281926764385116,24.644649326557943,32.62714133998245,29.040125594496008,67.37285866001754
MA,2007-12-31,USD,1072687000.0,874479000.0,1072687000.0,900631000.0,172056000.0,0.0,495550000.0,304233000.0,100.0,-0.9385418109618127,27.828205009038776,23.45071667760954,-3.2525496007454024,16.03972081324748,28.36176815790627,83.96027918675252
MA,2008-03-31,USD,1182084000.0,641213000.0,1182084000.0,666477000.0,515607000.0,0.0,461625000.0,446878000.0,100.0,10.198408296175865,29.174967189485777,-25.998883005359573,46.88676113373631,43.618473814043675,37.80425079774364,56.38152618595633
MA,2008-06-30,USD,1246504000.0,802413000.0,1246504000.0,2479708000.0,-1233204000.0,0.0,499349000.0,-746653000.0,100.0,5.449697314234858,25.030618109671508,272.0620516536955,-267.0820671413674,-98.93301585875376,-59.89976767022007,198.93301585875375
MA,2008-09-30,USD,1338178000.0,761200000.0,1338178000.0,1617442000.0,-279264000.0,0.0,493740000.0,-193582000.0,100.0,7.354489034932898,23.5792584383802,-34.772884549309836,-74.07336473569383,-20.868972588101133,-14.466087471173491,120.86897258810114
MA,2008-12-31,USD,1224834000.0,726428000.0,1224834000.0,762478000.0,462356000.0,0.0,478590000.0,239442000.0,100.0,-8.470024167188516,14.183727406037372,-52.859020601666096,-223.6902191319441,37.748462240597505,19.548934794429286,62.251537759402495
MA,2009-03-31,USD,1156000000.0,563822000.0,1156000000.0,595000000.0,561000000.0,0.0,448000000.0,367000000.0,100.0,-5.619863589678276,-2.206611374487766,-21.964961612007162,53.27302645317029,48.529411764705884,31.747404844290656,51.470588235294116
MA,2009-06-30,USD,1280000000.0,686482000.0,1279889000.0,723000000.0,557000000.0,0.0,507000000.0,349000000.0,99.991328125,10.726643598615926,2.6871955485100685,21.512605042016798,-4.904632152588551,43.515625,27.265625,56.484375
MA,2009-09-30,USD,1364000000.0,648285000.0,1364275000.0,691000000.0,673000000.0,0.0,475000000.0,452000000.0,100.02016129032259,6.562500000000004,1.9296386579363833,-4.426002766251724,29.51289398280803,49.34017595307918,33.137829912023456,50.65982404692082
MA,2009-12-31,USD,1298418000.0,778618000.0,1298418000.0,830292000.0,468126000.0,0.0,506660000.0,294001000.0,100.0,-4.808064516129029,6.0076712436134105,20.15803183791607,-34.95553097345133,36.0535667250454,22.643016347586062,63.94643327495459
MA,2010-03-31,USD,1308000000.0,573000000.0,1308000000.0,608000000.0,700000000.0,0.0,458000000.0,455000000.0,100.0,0.7379749818625436,13.14878892733564,-26.772749827771435,54.76137836265864,53.51681957186545,34.785932721712534,46.48318042813456
MA,2010-06-30,USD,1365000000.0,613000000.0,1365000000.0,648000000.0,717000000.0,0.0,433000000.0,458000000.0,100.0,4.357798165137616,6.640625,6.578947368421062,0.659340659340657,52.52747252747253,33.55311355311355,47.47252747252747
MA,2010-09-30,USD,1428000000.0,625000000.0,1428000000.0,662000000.0,766000000.0,0.0,444000000.0,518000000.0,100.0,4.615384615384621,4.692082111436946,2.1604938271605034,13.100436681222716,53.641456582633054,36.27450980392157,46.358543417366946
MA,2010-12-31,USD,1438000000.0,816000000.0,1438000000.0,865000000.0,569000000.0,0.0,518000000.0,415000000.0,100.0,0.7002801120448154,10.75015903969292,30.664652567975835,-19.88416988416989,39.56884561891516,28.85952712100139,60.15299026425591
MA,2011-03-31,USD,1501000000.0,623000000.0,1501000000.0,665000000.0,836000000.0,0.0,494000000.0,562000000.0,100.0,4.381084840055638,14.755351681957185,-23.121387283236995,35.42168674698796,55.69620253164557,37.4417055296469,44.303797468354425
MA,2011-06-30,USD,1667000000.0,732000000.0,1667000000.0,782000000.0,885000000.0,0.0,540000000.0,608000000.0,100.0,11.059293804130576,22.124542124542135,17.593984962406005,8.185053380782925,53.08938212357528,36.472705458908216,46.910617876424716
MA,2011-09-30,USD,1818000000.0,764000000.0,1818000000.0,816000000.0,1002000000.0,0.0,565000000.0,717000000.0,100.0,9.058188362327524,27.31092436974789,4.347826086956519,17.927631578947366,55.115511551155116,39.43894389438944,44.884488448844884
MA,2011-12-31,USD,1728000000.0,916000000.0,1728000000.0,1738000000.0,-10000000.0,0.0,597000000.0,19000000.0,100.0,-4.950495049504955,20.16689847009736,112.99019607843137,-97.35006973500697,-0.5787037037037037,1.099537037037037,100.5787037037037
MA,2012-03-31,USD,1758000000.0,704000000.0,1758000000.0,758000000.0,1000000000.0,0.0,579000000.0,682000000.0,100.0,1.736111111111116,17.121918720852758,-56.386651323360184,3489.473684210526,56.882821387940844,38.79408418657565,43.117178612059156
MA,2012-06-30,USD,1820000000.0,770000000.0,1820000000.0,846000000.0,974000000.0,0.0,591000000.0,700000000.0,100.0,3.526734926052333,9.178164367126573,11.609498680738795,2.639296187683282,53.51648351648352,38.46153846153847,46.48351648351648
MA,2012-09-30,USD,1918000000.0,402000000.0,1516000000.0,452000000.0,1064000000.0,0.0,203000000.0,772000000.0,79.04066736183525,5.384615384615388,5.500550055005493,-46.57210401891253,10.285714285714276,55.47445255474452,40.25026068821689,23.56621480709072
MA,2012-12-31,USD,1895000000.0,1565000000.0,330000000.0,-569000000.0,899000000.0,0.0,953000000.0,605000000.0,17.41424802110818,-1.1991657977059478,9.66435185185186,-225.88495575221242,-21.632124352331605,47.440633245382585,31.926121372031663,-30.026385224274403
MA,2013-03-31,USD,1906000000.0,737000000.0,1906000000.0,799000000.0,1107000000.0,0.0,608000000.0,766000000.0,100.0,0.5804749340369453,8.418657565415245,-240.42179261862918,26.61157024793388,58.0797481636936,40.18887722980063,41.9202518363064
MA,2013-06-30,USD,2096000000.0,807000000.0,2096000000.0,868000000.0,1228000000.0,0.0,621000000.0,848000000.0,100.0,9.968520461699892,15.164835164835155,8.635794743429281,10.704960835509137,58.587786259541986,40.458015267175576,41.412213740458014
MA,2013-09-30,USD,2218000000.0,452000000.0,1766000000.0,518000000.0,1248000000.0,0.0,235000000.0,879000000.0,79.62128043282236,5.820610687022909,15.64129301355579,-40.32258064516129,3.655660377358494,56.266907123534715,39.630297565374214,23.354373309287645
MA,2013-12-31,USD,2126000000.0,452000000.0,1674000000.0,754000000.0,920000000.0,0.0,266000000.0,623000000.0,78.73941674506115,-4.147880973850315,12.189973614775717,45.559845559845556,-29.124004550625713,43.273753527751644,29.303857008466604,35.4656632173095
MA,2014-03-31,USD,2172000000.0,450000000.0,1722000000.0,437000000.0,1285000000.0,0.0,234000000.0,870000000.0,79.28176795580112,2.1636876763875934,13.955928646379846,-42.04244031830239,39.64686998394864,59.162062615101284,40.055248618784525,20.119705340699817
MA,2014-06-30,USD,2368000000.0,485000000.0,1883000000.0,500000000.0,1383000000.0,0.0,229000000.0,931000000.0,79.51858108108108,9.023941068139973,12.977099236641232,14.416475972540056,7.0114942528735735,58.40371621621622,39.31587837837838,21.114864864864867
MA,2014-09-30,USD,2490000000.0,511000000.0,1979000000.0,559000000.0,1420000000.0,0.0,291000000.0,1015000000.0,79.47791164658634,5.152027027027017,12.263300270513966,11.800000000000011,9.022556390977442,57.028112449799195,40.76305220883534,22.449799196787147
MA,2014-12-31,USD,2416000000.0,618000000.0,1798000000.0,780000000.0,1018000000.0,0.0,369000000.0,801000000.0,74.4205298013245,-2.9718875502008024,13.640639698965185,39.53488372093024,-21.083743842364534,42.13576158940398,33.15397350993378,32.28476821192053
MA,2015-03-31,USD,2230000000.0,468000000.0,1762000000.0,411000000.0,1351000000.0,0.0,270000000.0,1020000000.0,79.01345291479821,-7.698675496688745,2.6703499079189674,-47.30769230769231,27.340823970037455,60.582959641255606,45.73991031390135,18.4304932735426
MA,2015-06-30,USD,2390000000.0,488000000.0,1902000000.0,651000000.0,1251000000.0,0.0,302000000.0,921000000.0,79.581589958159,7.17488789237668,0.929054054054057,58.3941605839416,-9.705882352941176,52.34309623430963,38.53556485355649,27.238493723849373
MA,2015-09-30,USD,2530000000.0,584000000.0,1946000000.0,577000000.0,1369000000.0,0.0,311000000.0,977000000.0,76.91699604743083,5.857740585774063,1.6064257028112428,-11.367127496159757,6.080347448425627,54.11067193675889,38.616600790513836,22.806324110671934
MA,2015-12-31,USD,2517000000.0,565000000.0,1952000000.0,845000000.0,1107000000.0,0.0,435000000.0,890000000.0,77.55264203416766,-0.5138339920948587,4.180463576158933,46.4471403812825,-8.904810644831118,43.98092967818832,35.3595550258244,33.57171235597934
MA,2016-03-31,USD,2446000000.0,520000000.0,1926000000.0,578000000.0,1348000000.0,0.0,308000000.0,959000000.0,78.74080130825838,-2.820818434644423,9.68609865470853,-31.59763313609467,7.752808988764048,55.110384300899426,39.20686835650041,23.630417007358954
MA,2016-06-30,USD,2694000000.0,551000000.0,2143000000.0,763000000.0,1380000000.0,0.0,388000000.0,983000000.0,79.54714179658501,10.13900245298447,12.71966527196653,32.006920415224904,2.502606882168923,51.224944320712694,36.488492947290275,28.322197475872308
MA,2016-09-30,USD,2880000000.0,575000000.0,2305000000.0,635000000.0,1670000000.0,0.0,346000000.0,1184000000.0,80.03472222222221,6.9042316258352,13.833992094861669,-16.775884665792915,20.44760935910479,57.986111111111114,41.11111111111111,22.04861111111111
MA,2016-12-31,USD,2756000000.0,579000000.0,2177000000.0,814000000.0,1363000000.0,0.0,413000000.0,933000000.0,78.99129172714079,-4.305555555555552,9.495431068732607,28.188976377952745,-21.19932432432432,49.45573294629899,33.853410740203195,29.535558780841797
MA,2017-03-31,USD,2734000000.0,594000000.0,2140000000.0,634000000.0,1506000000.0,0.0,320000000.0,1081000000.0,78.27359180687637,-0.79825834542816,11.774325429272281,-22.11302211302212,15.86280814576635,55.08412582297001,39.53913679590344,23.189465983906366
MA,2017-06-30,USD,3053000000.0,644000000.0,2409000000.0,756000000.0,1653000000.0,0.0,398000000.0,1177000000.0,78.90599410415984,11.667885881492325,13.325909428359317,19.242902208201883,8.880666049953746,54.14346544382575,38.5522436947265,24.762528660334098
MA,2017-09-30,USD,3398000000.0,723000000.0,2675000000.0,734000000.0,1941000000.0,0.0,390000000.0,1430000000.0,78.72277810476751,11.300360301342938,17.986111111111104,-2.910052910052907,21.495327102803728,57.12183637433784,42.08357857563272,21.600941730429664
MA,2017-12-31,USD,3312000000.0,726000000.0,2586000000.0,1064000000.0,1522000000.0,0.0,625000000.0,227000000.0,78.07971014492753,-2.5309005297233678,20.174165457184333,44.959128065395106,-84.12587412587412,45.95410628019324,6.853864734299517,32.125603864734295
MA,2018-03-31,USD,3580000000.0,752000000.0,2828000000.0,1003000000.0,1825000000.0,0.0,541000000.0,1492000000.0,78.99441340782123,8.091787439613519,30.94367227505486,-5.733082706766912,557.2687224669603,50.977653631284916,41.675977653631286,28.016759776536315
MA,2018-06-30,USD,3665000000.0,797000000.0,2868000000.0,932000000.0,1936000000.0,0.0,446000000.0,1569000000.0,78.2537517053206,2.3743016759776525,20.045856534556172,-7.078763708873382,5.160857908847194,52.82401091405185,42.810368349249664,25.429740791268756
MA,2018-09-30,USD,3898000000.0,822000000.0,3076000000.0,789000000.0,2287000000.0,0.0,444000000.0,1899000000.0,78.91226269881992,6.357435197817196,14.714537963507945,-15.343347639484984,21.032504780114714,58.67111339148281,48.71729091841971,20.241149307337096
MA,2018-12-31,USD,3807000000.0,843000000.0,2964000000.0,1730000000.0,1234000000.0,0.0,654000000.0,899000000.0,77.85657998423956,-2.334530528476142,14.945652173913038,119.26489226869457,-52.6592943654555,32.41397425794589,23.614394536380352,45.44260572629367
MA,2019-03-31,USD,3889000000.0,811000000.0,3078000000.0,865000000.0,2213000000.0,,555000000.0,1862000000.0,79.14631010542556,2.1539269766220226,8.63128491620111,-50.0,107.11902113459399,56.90408845461559,47.87863203908459,22.242221650809977
MA,2019-06-30,USD,4113000000.0,853000000.0,3260000000.0,863000000.0,2397000000.0,,503000000.0,2048000000.0,79.26088013615366,5.7598354332733415,12.223738062755807,-0.23121387283236983,9.98925886143931,58.27862873814734,49.79333819596402,20.982251398006323
MA,2019-09-30,USD,4467000000.0,937000000.0,3530000000.0,875000000.0,2655000000.0,,513000000.0,2108000000.0,79.02395343631072,8.606856309263321,14.597229348383788,1.3904982618771822,2.9296875,59.43586299529886,47.190508171032015,19.588090441011865
MA,2019-12-31,USD,4414000000.0,936000000.0,3478000000.0,1079000000.0,2399000000.0,,623000000.0,2100000000.0,78.79474399637517,-1.1864786209984324,15.944313107433672,23.31428571428571,-0.3795066413662229,54.34979610330765,47.5758948799275,24.44494789306751
MA,2020-03-31,USD,4009000000.0,962000000.0,3047000000.0,836000000.0,2211000000.0,,584000000.0,1693000000.0,76.00399102020454,-9.17535115541459,3.085626124967855,-22.520852641334564,-19.380952380952376,55.15091045148416,42.2299825392866,20.85308056872038
MA,2020-06-30,USD,3335000000.0,915000000.0,2420000000.0,713000000.0,1707000000.0,,434000000.0,1420000000.0,72.56371814092954,-16.812172611623843,-18.915633357646488,-14.712918660287077,-16.12522150029534,51.18440779610195,42.578710644677656,21.379310344827587
MA,2020-09-30,USD,3837000000.0,940000000.0,2897000000.0,792000000.0,2105000000.0,,460000000.0,1513000000.0,75.50169403179568,15.052473763118446,-14.103425117528545,11.079943899018229,6.54929577464789,54.86056815220224,39.43184779775867,20.64112587959343
MA,2020-12-31,USD,4120000000.0,970000000.0,3150000000.0,1092000000.0,2058000000.0,,636000000.0,1785000000.0,76.45631067961165,7.375553818087055,-6.660625283189847,37.87878787878789,17.97752808988764,49.95145631067961,43.3252427184466,26.50485436893204
MA,2021-03-31,USD,4155000000.0,1104000000.0,3051000000.0,854000000.0,2197000000.0,,564000000.0,1828000000.0,73.42960288808665,0.8495145631068013,3.6418059366425615,-21.794871794871796,2.408963585434165,52.876052948255115,43.99518652226234,20.553549939831527
MA,2021-06-30,USD,4528000000.0,1130000000.0,3398000000.0,1057000000.0,2341000000.0,,580000000.0,2066000000.0,75.04416961130742,8.977135980746098,35.77211394302849,23.77049180327868,13.019693654266963,51.70053003533569,45.62720848056537,23.343639575971732
MA,2021-09-30,USD,4985000000.0,1166000000.0,3819000000.0,1102000000.0,2717000000.0,,646000000.0,2414000000.0,76.6098294884654,10.092756183745589,29.919207714360184,4.257332071901598,16.84414327202324,54.50351053159479,48.425275827482444,22.106318956870613
MA,2021-12-31,USD,5216000000.0,1089000000.0,4127000000.0,1300000000.0,2827000000.0,,757000000.0,2379000000.0,79.12193251533742,4.633901705115351,26.601941747572823,17.96733212341197,-1.4498757249378658,54.19861963190185,45.609662576687114,24.92331288343558
MA,2022-03-31,USD,5167000000.0,1181000000.0,3986000000.0,1036000000.0,2950000000.0,,627000000.0,2631000000.0,77.14341010257402,-0.9394171779141147,24.35619735258725,-20.307692307692303,10.592686002522079,57.09309076833753,50.919295529320685,20.0503193342365
MA,2022-06-30,USD,5497000000.0,1319000000.0,4178000000.0,1160000000.0,3018000000.0,,593000000.0,2275000000.0,76.00509368746589,6.386684730017422,21.400176678445227,11.969111969111967,-13.530976814899276,54.9026741859196,41.3862106603602,21.1024195015463
MA,2022-09-30,USD,5756000000.0,1382000000.0,4374000000.0,1262000000.0,3112000000.0,,649000000.0,2499000000.0,75.99027102154274,4.7116609059487,15.466399197592784,8.793103448275863,9.846153846153838,54.06532314107019,43.415566365531625,21.92494788047255
MA,2022-12-31,USD,5817000000.0,1381000000.0,4436000000.0,1252000000.0,3184000000.0,,844000000.0,2525000000.0,76.25924015815713,1.0597637248088931,11.52223926380369,-0.7923930269413626,1.0404161664665956,54.73611827402441,43.40725459859034,21.523121884132713
MA,2023-03-31,USD,5748000000.0,1426000000.0,4322000000.0,1186000000.0,3136000000.0,,601000000.0,2361000000.0,75.19137091162143,-1.186178442496133,11.244435842848844,-5.271565495207664,-6.49504950495049,54.55810716771051,41.07515657620041,20.633263743910927
MA,2023-06-30,USD,6269000000.0,1495000000.0,4774000000.0,1118000000.0,3656000000.0,,681000000.0,2845000000.0,76.15249641091083,9.06402226861518,14.044024013098056,-5.733558178752107,20.499788225328253,58.318711118200675,45.38203860264795,17.83378529271016
MA,2023-09-30,USD,6533000000.0,1573000000.0,4960000000.0,1116000000.0,3844000000.0,,687000000.0,3198000000.0,75.92224093065973,4.211197958207058,13.498957609451011,-0.17889087656529634,12.40773286467487,58.839736721261296,48.9514771161794,17.08250420939844
MA,2023-12-31,USD,6548000000.0,1528000000.0,5020000000.0,1648000000.0,3372000000.0,,853000000.0,2791000000.0,76.66463042150275,0.22960355120158482,12.566615093690903,47.67025089605734,-12.72670419011882,51.496640195479536,42.623701893708,25.167990226023214
MA,2024-03-31,USD,6348000000.0,1514000000.0,4834000000.0,1230000000.0,3604000000.0,,744000000.0,3011000000.0,76.14996849401386,-3.054367745876607,10.438413361169108,-25.36407766990292,7.882479398065212,56.773787019533714,47.43226212980466,19.376181474480152
MA,2024-06-30,USD,6961000000.0,1607000000.0,5354000000.0,1318000000.0,4036000000.0,,806000000.0,3258000000.0,76.9142364602787,9.656584751102715,11.038443132876052,7.154471544715446,8.203254732646958,57.980175262174974,46.803620169515874,18.93406119810372
MA,2024-09-30,USD,7369000000.0,1899000000.0,5470000000.0,1466000000.0,4004000000.0,,829000000.0,3263000000.0,74.22988193784774,5.861226835224831,12.796571253635381,11.229135053110785,0.15346838551257846,54.3357307640114,44.28009227846383,19.89415117383634
MA,2024-12-31,USD,7489000000.0,1653000000.0,5836000000.0,1898000000.0,3938000000.0,,1076000000.0,3342000000.0,77.92762718654026,1.6284434794409108,14.370800244349425,29.467939972714863,2.421084891204406,52.583789558018424,44.62545066096942,25.343837628521833
MA,2025-03-31,USD,7250000000.0,1688000000.0,5562000000.0,1413000000.0,4149000000.0,,834000000.0,3280000000.0,76.71724137931034,-3.1913473093871048,14.209199747952116,-25.553213909378293,-1.8551765409934196,57.227586206896554,45.241379310344826,19.48965517241379
MA,2025-06-30,USD,8133000000.0,1852000000.0,6281000000.0,1504000000.0,4777000000.0,,873000000.0,3701000000.0,77.22857494159597,12.179310344827577,16.83666139922424,6.440198159943389,12.835365853658542,58.73601377105619,45.50596335915406,18.492561170539776
MA,2025-09-30,USD,8602000000.0,1893000000.0,6709000000.0,1648000000.0,5061000000.0,,1403000000.0,3927000000.0,77.99348988607301,5.766629779909005,16.73225675125525,9.57446808510638,6.106457714131319,58.83515461520577,45.65217391304348,19.15833527086724
META,2010-03-31,USD,345000000.0,100000000.0,0.0,0.0,162000000.0,25000000.0,83000000.0,95000000.0,0.0,,,,,46.95652173913044,27.536231884057973,0.0
META,2010-06-30,USD,432000000.0,111000000.0,0.0,0.0,219000000.0,32000000.0,102000000.0,129000000.0,0.0,25.217391304347835,,,35.78947368421053,50.69444444444444,29.86111111111111,0.0
META,2010-09-30,USD,467000000.0,131000000.0,0.0,0.0,216000000.0,41000000.0,120000000.0,131000000.0,0.0,8.10185185185186,,,1.5503875968992276,46.25267665952891,28.051391862955033,0.0
META,2010-12-31,USD,730000000.0,151000000.0,1620000000.0,0.0,435000000.0,46000000.0,144000000.0,251000000.0,221.91780821917808,56.3169164882227,,,91.6030534351145,59.589041095890416,34.38356164383561,0.0
META,2011-03-31,USD,731000000.0,167000000.0,564000000.0,176000000.0,388000000.0,57000000.0,51000000.0,233000000.0,77.1545827633379,0.136986301369868,111.88405797101449,inf,-7.171314741035861,53.077975376196996,31.874145006839942,24.076607387140903
META,2011-06-30,USD,895000000.0,210000000.0,685000000.0,278000000.0,407000000.0,99000000.0,83000000.0,240000000.0,76.53631284916202,22.435020519835835,107.17592592592591,57.95454545454546,3.0042918454935563,45.47486033519553,26.81564245810056,31.06145251396648
META,2011-09-30,USD,954000000.0,236000000.0,718000000.0,304000000.0,414000000.0,108000000.0,82000000.0,227000000.0,75.26205450733752,6.59217877094973,104.28265524625266,9.35251798561152,-5.41666666666667,43.39622641509434,23.79454926624738,31.865828092243188
META,2011-12-31,USD,1131000000.0,247000000.0,884000000.0,337000000.0,547000000.0,124000000.0,58000000.0,302000000.0,78.16091954022988,18.553459119496864,54.93150684931507,10.855263157894735,33.0396475770925,48.36427939876216,26.702033598585324,29.79664014146773
META,2012-03-31,USD,1058000000.0,277000000.0,781000000.0,400000000.0,381000000.0,153000000.0,88000000.0,205000000.0,73.81852551984878,-6.454465075154725,44.733242134062934,18.694362017804146,-32.11920529801324,36.01134215500945,19.376181474480152,37.80718336483932
META,2012-06-30,USD,1184000000.0,367000000.0,817000000.0,1560000000.0,-743000000.0,705000000.0,463000000.0,-157000000.0,69.00337837837837,11.909262759924388,32.290502793296085,290.0,-176.58536585365854,-62.75337837837838,-13.260135135135135,131.75675675675674
META,2012-09-30,USD,1262000000.0,322000000.0,940000000.0,563000000.0,377000000.0,244000000.0,151000000.0,-59000000.0,74.48494453248811,6.587837837837829,32.28511530398323,-63.91025641025641,-62.42038216560509,29.873217115689382,-4.675118858954041,44.61172741679873
META,2012-12-31,USD,1585000000.0,398000000.0,1187000000.0,664000000.0,523000000.0,297000000.0,174000000.0,64000000.0,74.88958990536277,25.594294770206027,40.141467727674616,17.939609236234453,-208.4745762711864,32.99684542586751,4.037854889589906,41.89274447949527
META,2013-03-31,USD,1458000000.0,413000000.0,1045000000.0,672000000.0,373000000.0,293000000.0,176000000.0,219000000.0,71.67352537722908,-8.012618296529972,37.807183364839325,1.2048192771084265,242.1875,25.58299039780521,15.020576131687244,46.09053497942387
META,2013-06-30,USD,1813000000.0,465000000.0,1348000000.0,786000000.0,562000000.0,344000000.0,173000000.0,333000000.0,74.3519029233315,24.348422496570656,53.125,16.964285714285722,52.05479452054795,30.99834528405957,18.367346938775512,43.35355763927192
META,2013-09-30,USD,2016000000.0,507000000.0,1509000000.0,773000000.0,736000000.0,369000000.0,171000000.0,425000000.0,74.85119047619048,11.196911196911197,59.74643423137876,-1.653944020356235,27.627627627627625,36.507936507936506,21.081349206349206,38.34325396825397
META,2013-12-31,USD,2585000000.0,491000000.0,2094000000.0,961000000.0,1133000000.0,408000000.0,261000000.0,523000000.0,81.00580270793036,28.224206349206348,63.09148264984228,24.320827943078903,23.058823529411754,43.829787234042556,20.2321083172147,37.176015473887816
META,2014-03-31,USD,2502000000.0,462000000.0,2040000000.0,965000000.0,1075000000.0,455000000.0,187000000.0,642000000.0,81.5347721822542,-3.21083172147002,71.60493827160495,0.41623309053069324,22.753346080305924,42.965627498001595,25.65947242206235,38.5691446842526
META,2014-06-30,USD,2910000000.0,473000000.0,2437000000.0,1047000000.0,1390000000.0,492000000.0,197000000.0,791000000.0,83.74570446735396,16.306954436450848,60.50744622173194,8.497409326424865,23.208722741433018,47.766323024054984,27.18213058419244,35.97938144329897
META,2014-09-30,USD,3203000000.0,565000000.0,2638000000.0,1241000000.0,1397000000.0,608000000.0,259000000.0,806000000.0,82.3602872307212,10.068728522336778,58.87896825396825,18.52913085004775,1.896333754740831,43.61536059943803,25.163908835466746,38.74492663128317
META,2014-12-31,USD,3851000000.0,653000000.0,3198000000.0,2065000000.0,1133000000.0,1111000000.0,330000000.0,701000000.0,83.04336535964684,20.23103340618171,48.97485493230174,66.39806607574536,-13.027295285359797,29.42092962866788,18.203064139184626,53.62243573097897
META,2015-03-31,USD,3543000000.0,654000000.0,2889000000.0,1956000000.0,933000000.0,1062000000.0,274000000.0,512000000.0,81.54106689246402,-7.997922617501951,41.60671462829737,-5.27845036319613,-26.961483594864475,26.333615580016932,14.451030200395145,55.20745131244708
META,2015-06-30,USD,4042000000.0,668000000.0,3374000000.0,2101000000.0,1273000000.0,1170000000.0,305000000.0,719000000.0,83.47352795645719,14.084109511713239,38.90034364261168,7.413087934560325,40.4296875,31.49430974764968,17.788223651657596,51.979218208807524
META,2015-09-30,USD,4501000000.0,720000000.0,3781000000.0,2322000000.0,1459000000.0,1271000000.0,345000000.0,896000000.0,84.00355476560765,11.355764473033148,40.52450827349361,10.518800571156595,24.61752433936022,32.415018884692294,19.906687402799378,51.58853588091535
META,2015-12-31,USD,5841000000.0,824000000.0,5017000000.0,2457000000.0,2560000000.0,1314000000.0,371000000.0,1562000000.0,85.89282657079266,29.771161964007998,51.6748896390548,5.813953488372103,74.33035714285714,43.82811162472179,26.741996233521657,42.06471494607088
META,2016-03-31,USD,5382000000.0,838000000.0,4544000000.0,2535000000.0,2009000000.0,1343000000.0,366000000.0,1510000000.0,84.429580081754,-7.858243451463787,51.905165114309916,3.1746031746031855,-3.3290653008962834,37.32813080639168,28.056484578223706,47.10144927536232
META,2016-06-30,USD,6436000000.0,916000000.0,5520000000.0,2774000000.0,2746000000.0,1463000000.0,412000000.0,2055000000.0,85.76755748912367,19.583797844667416,59.22810489856507,9.428007889546342,36.09271523178808,42.66625233064015,31.929770043505286,43.101305158483534
META,2016-09-30,USD,7011000000.0,987000000.0,6024000000.0,2902000000.0,3122000000.0,1539000000.0,438000000.0,2379000000.0,85.92212237911852,8.93412057178371,55.76538546989558,4.6142754145638065,15.766423357664227,44.530024247610896,33.9323919554985,41.39209813150763
META,2016-12-31,USD,8809000000.0,1047000000.0,7762000000.0,3196000000.0,4566000000.0,1563000000.0,515000000.0,3568000000.0,88.11442842547395,25.645414348880323,50.81321691491183,10.130944176430056,49.97898276586801,51.83335225337723,40.50402996934953,36.28107617209672
META,2017-03-31,USD,8032000000.0,1159000000.0,6873000000.0,3546000000.0,3327000000.0,1834000000.0,655000000.0,3064000000.0,85.57021912350598,-8.820524463616753,49.238201412114456,10.951188986232797,-14.125560538116588,41.42181274900398,38.147410358565736,44.14840637450199
META,2017-06-30,USD,9321000000.0,1237000000.0,8084000000.0,3683000000.0,4401000000.0,1919000000.0,640000000.0,3894000000.0,86.72889174981225,16.04830677290836,44.825978868862634,3.8635081782289804,27.088772845953013,47.21596395236563,41.77663340843257,39.51292779744663
META,2017-09-30,USD,10328000000.0,1448000000.0,8880000000.0,3758000000.0,5122000000.0,2052000000.0,536000000.0,4707000000.0,85.97986057319908,10.803561849586952,47.31136785052061,2.036383383111584,20.87827426810478,49.593338497288926,45.57513555383424,36.38652207591015
META,2017-12-31,USD,12972000000.0,1611000000.0,11361000000.0,4009000000.0,7352000000.0,1949000000.0,686000000.0,4268000000.0,87.58094357076781,25.600309837335388,47.25848563968669,6.679084619478437,-9.32653494794986,56.675917360468695,32.90163428923836,30.90502621029911
META,2018-03-31,USD,11966000000.0,1927000000.0,10039000000.0,4590000000.0,5449000000.0,2238000000.0,757000000.0,4988000000.0,83.89603877653352,-7.755164970706141,48.97908366533865,14.492392117735097,16.869728209934397,45.53735584155106,41.68477352498746,38.358682934982454
META,2018-06-30,USD,13231000000.0,2214000000.0,11017000000.0,5154000000.0,5863000000.0,2523000000.0,776000000.0,5106000000.0,83.26657093190235,10.571619588835034,41.948288810213484,12.287581699346406,2.365677626303131,44.31259919885118,38.59118736301111,38.95397173305117
META,2018-09-30,USD,13727000000.0,2418000000.0,11309000000.0,5528000000.0,5781000000.0,2657000000.0,943000000.0,5137000000.0,82.38508049828805,3.7487718237472656,32.91053446940357,7.256499805975936,0.6071288679984299,42.11408173672325,37.42259779995629,40.2709987615648
META,2018-12-31,USD,16914000000.0,2796000000.0,14118000000.0,6298000000.0,7820000000.0,2855000000.0,976000000.0,6882000000.0,83.46931536005677,23.217017556640208,30.38852913968548,13.92908827785817,33.969242748686,46.23388908596429,40.68818730046115,37.23542627409247
META,2019-03-31,USD,15077000000.0,2816000000.0,12261000000.0,8944000000.0,3317000000.0,2860000000.0,4064000000.0,2429000000.0,81.3225442727333,-10.86082535177959,25.998662878154775,42.013337567481734,-64.7050276082534,22.000397957153282,16.110632088611794,59.32214631558003
META,2019-06-30,USD,16886000000.0,3307000000.0,13579000000.0,8953000000.0,4626000000.0,3315000000.0,3224000000.0,2616000000.0,80.41572900627739,11.998408171386888,27.62451817700855,0.10062611806798127,7.698641416220675,27.395475541869,15.492123652730072,53.020253464408384
META,2019-09-30,USD,17652000000.0,3155000000.0,14497000000.0,7312000000.0,7185000000.0,3548000000.0,1348000000.0,6091000000.0,82.12667119873103,4.536302262229075,28.59328331026445,-18.329051714509102,132.83639143730886,40.70360299116248,34.50600498527079,41.42306820756855
META,2019-12-31,USD,21082000000.0,3492000000.0,17590000000.0,8732000000.0,8858000000.0,3877000000.0,1829000000.0,7349000000.0,83.4361066312494,19.431225923408114,24.64230814709707,19.42013129102844,20.653423083237566,42.01688644341144,34.85912152547196,41.419220187837965
META,2020-03-31,USD,17737000000.0,3459000000.0,14278000000.0,8385000000.0,5893000000.0,4015000000.0,1583000000.0,4902000000.0,80.49839318937813,-15.866616070581541,17.642767128739134,-3.973889143380671,-33.297047217308474,33.224333314540225,27.637142696059087,47.27405987483791
META,2020-06-30,USD,18687000000.0,3829000000.0,14858000000.0,8895000000.0,5963000000.0,4462000000.0,1593000000.0,5178000000.0,79.5098196607267,5.356035406213011,10.665640175293145,6.082289803220031,5.630354957160333,31.90988387649168,27.70910258468454,47.59993578423503
META,2020-09-30,USD,21470000000.0,4194000000.0,17276000000.0,9236000000.0,8040000000.0,4763000000.0,1790000000.0,7846000000.0,80.46576618537495,14.892706159362113,21.629277135735325,3.83361439010681,51.52568559289301,37.447601304145316,36.54401490451793,43.01816488122962
META,2020-12-31,USD,28072000000.0,5210000000.0,22862000000.0,10087000000.0,12775000000.0,5208000000.0,1599000000.0,11219000000.0,81.44058136221146,30.74988355845365,33.15624703538565,9.213945430922488,42.99005862860057,45.50797948133371,39.965089769165004,35.93260188087774
META,2021-03-31,USD,26171000000.0,5131000000.0,21040000000.0,9662000000.0,11378000000.0,5197000000.0,1622000000.0,9497000000.0,80.39432960146728,-6.771872328298656,47.55031854315837,-4.2133439080004,-15.348961583028785,43.47560276642085,36.28825799549119,36.91872683504643
META,2021-06-30,USD,29077000000.0,5399000000.0,23678000000.0,11311000000.0,12367000000.0,6096000000.0,1956000000.0,10394000000.0,81.43205970354576,11.103893622712157,55.60014983678494,17.066859863382323,9.445087922501848,42.53189806376174,35.74646627918974,38.90016163978402
META,2021-09-30,USD,29010000000.0,5771000000.0,23239000000.0,12816000000.0,10423000000.0,6316000000.0,2946000000.0,9194000000.0,80.1068597035505,-0.23042267083949186,35.1187703772706,13.30563168596941,-11.545122185876465,35.92899000344708,31.692519820751464,44.177869700103415
META,2021-12-31,USD,33671000000.0,6348000000.0,27323000000.0,14738000000.0,12585000000.0,7046000000.0,3305000000.0,10285000000.0,81.14698108164295,16.066873491899347,19.945141065830718,14.99687890137329,11.866434631281276,37.376377297971544,30.545573342045085,43.770603783671405
META,2022-03-31,USD,27908000000.0,6005000000.0,21903000000.0,13379000000.0,8524000000.0,7707000000.0,2360000000.0,7465000000.0,78.48287229468252,-17.11561878174096,6.637117420045091,-9.221061202334102,-27.418570734078752,30.5432134155081,26.748602551239784,47.93965887917443
META,2022-06-30,USD,28822000000.0,5192000000.0,23630000000.0,15272000000.0,8358000000.0,8690000000.0,2987000000.0,6687000000.0,81.98598292970647,3.2750465816253405,-0.8769818069264357,14.149039539576957,-10.42196918955124,28.99868156269516,23.201026993269032,52.987301367011305
META,2022-09-30,USD,27714000000.0,5716000000.0,21998000000.0,16334000000.0,5664000000.0,9170000000.0,3384000000.0,4395000000.0,79.37504510355777,-3.8442856151550853,-4.467425025853156,6.953902566788894,-34.27545984746523,20.4373240961247,15.858410911452694,58.93772100743306
META,2022-12-31,USD,32165000000.0,8336000000.0,23829000000.0,17430000000.0,6399000000.0,9771000000.0,3085000000.0,4652000000.0,74.08363127623193,16.060474850256192,-4.472691633750115,6.709930206930337,5.847554038680314,19.894295041193843,14.46292554018343,54.18933623503809
META,2023-03-31,USD,28645000000.0,6108000000.0,22537000000.0,15310000000.0,7227000000.0,9381000000.0,2885000000.0,5709000000.0,78.67690696456624,-10.943572205813767,2.640819836606001,-12.162937464142287,22.72141014617368,25.229533950078547,19.93017978704835,53.447373014487695
META,2023-06-30,USD,31999000000.0,5945000000.0,26054000000.0,16662000000.0,9392000000.0,9344000000.0,4164000000.0,7788000000.0,81.42129441545049,11.70884971199162,11.022829782804799,8.830829523187456,36.41618497109826,29.350917216163,24.338260570642834,52.07037719928748
META,2023-09-30,USD,34146000000.0,6210000000.0,27936000000.0,14188000000.0,13748000000.0,9241000000.0,2070000000.0,11583000000.0,81.81338956246705,6.709584674521074,23.20848668542974,-14.848157484095548,48.728813559322035,40.26240262402624,33.92198207696362,41.550986938440815
META,2023-12-31,USD,40111000000.0,7695000000.0,32416000000.0,16032000000.0,16384000000.0,10517000000.0,2289000000.0,14017000000.0,80.81573633167959,17.469103262461203,24.70387066687394,12.996898787707911,21.013554346887673,40.84665054473835,34.94552616489242,39.969085786941235
META,2024-03-31,USD,36455000000.0,6640000000.0,29815000000.0,15997000000.0,13818000000.0,9978000000.0,3455000000.0,12369000000.0,81.78576326978467,-9.1147066889382,27.26479315761914,-0.2183133732534981,-11.757152029678252,37.90426553284872,33.929502125908655,43.88149773693595
META,2024-06-30,USD,39071000000.0,7308000000.0,31763000000.0,16916000000.0,14847000000.0,10537000000.0,3658000000.0,13465000000.0,81.29559007959868,7.175970374434226,22.10069064658271,5.74482715509157,8.860861831999344,38.000051188861306,34.462900872770085,43.295538890737376
META,2024-09-30,USD,40589000000.0,7375000000.0,33214000000.0,15864000000.0,17350000000.0,11177000000.0,1865000000.0,15688000000.0,81.83005247727216,3.8852345729569304,18.86897440402975,-6.218964294159379,16.50946899368735,42.74557146024785,38.65086599817685,39.084481017024316
META,2024-12-31,USD,48385000000.0,8839000000.0,39546000000.0,16182000000.0,23364000000.0,12180000000.0,762000000.0,20838000000.0,81.73194171747443,19.207174357584567,20.627757971628725,2.0045385779122515,32.827638959714434,48.287692466673555,43.06706623953704,33.444249250800866
META,2025-03-31,USD,42314000000.0,7572000000.0,34742000000.0,17187000000.0,17555000000.0,12150000000.0,2280000000.0,16644000000.0,82.10521340454696,-12.547277048672111,16.071869428062,6.210604375231732,-20.126691621076876,41.487450961856595,39.33449922011628,40.61776244269036
META,2025-06-30,USD,47516000000.0,8491000000.0,39025000000.0,18584000000.0,20441000000.0,12942000000.0,2663000000.0,18337000000.0,82.13022981732469,12.293803469300935,21.614496685521225,8.128236457787864,10.171833693823595,43.019193534809325,38.59121138142941,39.111036282515364
META,2025-09-30,USD,51242000000.0,9206000000.0,42036000000.0,21501000000.0,20535000000.0,15144000000.0,3512000000.0,2709000000.0,82.0342687639046,7.841569155652839,26.246027248761973,15.696297890658627,-85.22659104542728,40.07454822216151,5.286678896217946,41.9597205417431
MSFT,2005-09-30,USD,9741000000.0,1253000000.0,8488000000.0,4442000000.0,4046000000.0,1515000000.0,982000000.0,3141000000.0,87.13684426650241,,,,,41.53577661431064,32.245149368647986,45.601067652191766
MSFT,2005-12-31,USD,11837000000.0,2239000000.0,9598000000.0,4941000000.0,4657000000.0,1591000000.0,661000000.0,3653000000.0,81.08473430767931,21.517298018683917,,11.233678523187752,16.30054122890798,39.34273886964603,30.860860015206555,41.741995438033285
MSFT,2006-03-31,USD,10900000000.0,2028000000.0,8872000000.0,4984000000.0,3888000000.0,1617000000.0,1005000000.0,2977000000.0,81.39449541284404,-7.915857058376274,,0.8702691762801029,-18.50533807829181,35.669724770642205,27.31192660550459,45.72477064220183
MSFT,2006-06-30,USD,11804000000.0,2130000000.0,9674000000.0,5793000000.0,3881000000.0,1861000000.0,1110000000.0,2828000000.0,81.95526940020332,8.293577981651378,,16.23194221508828,-5.005038629492775,32.87868519146052,23.957980345645545,49.0765842087428
MSFT,2006-09-30,USD,10811000000.0,1696000000.0,9115000000.0,4641000000.0,4474000000.0,1786000000.0,664000000.0,3478000000.0,84.31227453519563,-8.41240257539817,10.984498511446471,-19.886069394096328,22.984441301272994,41.38377578392378,32.17093700860235,42.92849875127185
MSFT,2006-12-31,USD,12542000000.0,3620000000.0,8922000000.0,5450000000.0,3472000000.0,1637000000.0,814000000.0,2626000000.0,71.13697974804656,16.011469799278522,5.9559009884261105,17.43158801982332,-24.496837262794713,27.682985169829372,20.93764949768777,43.45399457821719
MSFT,2007-03-31,USD,14398000000.0,2140000000.0,12258000000.0,5669000000.0,6589000000.0,1750000000.0,983000000.0,4926000000.0,85.13682455896652,14.798277786636893,32.091743119266056,4.0183486238532184,87.58568164508758,45.763300458397,34.21308515071538,39.373524100569526
MSFT,2007-06-30,USD,13371000000.0,3237000000.0,10134000000.0,6145000000.0,3989000000.0,1948000000.0,782000000.0,3035000000.0,75.79089073367736,-7.132935129879147,13.275160962385634,8.39654260010585,-38.388144539179855,29.833221150250544,22.698377084735622,45.95766958342682
MSFT,2007-09-30,USD,13762000000.0,2675000000.0,11087000000.0,5169000000.0,5918000000.0,1837000000.0,718000000.0,4289000000.0,80.56241825316087,2.924239024755071,27.296272315234482,-15.882831570382427,41.317957166392084,43.00247057113792,31.165528266240372,37.55994768202296
MSFT,2007-12-31,USD,16367000000.0,3543000000.0,12824000000.0,6343000000.0,6481000000.0,1885000000.0,1066000000.0,4707000000.0,78.35278303904197,18.928934747856417,30.49752830489556,22.712323466821438,9.7458615061786,39.59797152807478,28.759088409604693,38.754811510967194
MSFT,2008-03-31,USD,14454000000.0,2514000000.0,11940000000.0,7531000000.0,4409000000.0,2035000000.0,2341000000.0,4388000000.0,82.6068908260689,-11.688152990774114,0.38894290873732196,18.729307898470758,-6.777140429148076,30.503666805036666,30.358378303583784,52.10322402103223
MSFT,2008-06-30,USD,15837000000.0,2866000000.0,12971000000.0,7287000000.0,5684000000.0,2407000000.0,781000000.0,4297000000.0,81.9031382206226,9.568285595682857,18.44289881085932,-3.2399415748240568,-2.073837739288975,35.89063585274989,27.132664014649237,46.012502367872706
MSFT,2008-09-30,USD,15061000000.0,2848000000.0,12213000000.0,6214000000.0,5999000000.0,2283000000.0,887000000.0,4373000000.0,81.09023305225416,-4.899917913746288,9.43903502397907,-14.724852477013862,1.7686758203397712,39.83135249983401,29.035256623066196,41.25888055242016
MSFT,2008-12-31,USD,16629000000.0,3907000000.0,12722000000.0,6783000000.0,5939000000.0,2290000000.0,831000000.0,4174000000.0,76.50490107643274,10.410995285837599,1.6007820614651447,9.156742838751208,-4.55065172650354,35.71471525647964,25.100727644476517,40.790185819953095
MSFT,2009-03-31,USD,13648000000.0,2814000000.0,10834000000.0,6396000000.0,4438000000.0,2212000000.0,1203000000.0,2977000000.0,79.38159437280189,-17.926513921462504,-5.576311055763106,-5.705440070765144,-28.677527551509343,32.51758499413834,21.812719812426728,46.86400937866354
MSFT,2009-06-30,USD,13099000000.0,2586000000.0,10513000000.0,6526000000.0,3987000000.0,2225000000.0,1399000000.0,3045000000.0,80.2580349645011,-4.022567409144195,-17.288627896697605,2.0325203252032464,2.284178703392681,30.4374379723643,23.246049316741736,49.82059699213681
MSFT,2009-09-30,USD,12920000000.0,2842000000.0,10078000000.0,5596000000.0,4482000000.0,2065000000.0,741000000.0,3574000000.0,78.0030959752322,-1.3665165279792335,-14.215523537613706,-14.250689549494332,17.372742200328407,34.690402476780186,27.662538699690405,43.31269349845201
MSFT,2009-12-31,USD,19022000000.0,3628000000.0,15394000000.0,6881000000.0,8513000000.0,2079000000.0,1183000000.0,6662000000.0,80.92734728209442,47.22910216718266,14.390522581033128,22.962830593280927,86.4017907106883,44.753443381347914,35.022605404268745,36.1739039007465
MSFT,2010-03-31,USD,14503000000.0,2755000000.0,11748000000.0,6575000000.0,5173000000.0,2220000000.0,1152000000.0,4006000000.0,81.00393022133352,-23.756702765219217,6.264654161781946,-4.447028048248802,-39.867907535274696,35.668482382955254,27.621871336964766,45.335447838378265
MSFT,2010-06-30,USD,16039000000.0,3170000000.0,12869000000.0,6880000000.0,5930000000.0,2350000000.0,928000000.0,4518000000.0,80.23567554086914,10.590912225056881,22.44446140926788,4.638783269961988,12.780828756864704,36.97237982417857,28.168838456262858,42.89544235924933
MSFT,2010-09-30,USD,16195000000.0,3139000000.0,13056000000.0,5940000000.0,7116000000.0,2196000000.0,938000000.0,5410000000.0,80.61747452917567,0.9726292162853145,25.348297213622285,-13.66279069767442,19.743249225320938,43.939487496140785,33.40537202840383,36.67798703303489
MSFT,2010-12-31,USD,19953000000.0,4833000000.0,15120000000.0,6955000000.0,8165000000.0,2185000000.0,945000000.0,6634000000.0,75.77807848443842,23.204692806421747,4.894332877720542,17.087542087542083,22.624768946395555,40.92116473713226,33.24813311281511,34.856913747306166
MSFT,2011-03-31,USD,16428000000.0,3897000000.0,12531000000.0,6822000000.0,5709000000.0,2269000000.0,1160000000.0,5232000000.0,76.27830533235938,-17.666516313336345,13.273115907053711,-1.912293314162472,-21.13355441664154,34.75164353542732,31.848064280496715,41.52666179693207
MSFT,2011-06-30,USD,17367000000.0,3708000000.0,13659000000.0,7488000000.0,6171000000.0,2393000000.0,1179000000.0,5874000000.0,78.64916220418034,5.7158509861212625,8.279817943762069,9.762532981530336,12.27064220183487,35.53290723786491,33.82276731732596,43.116254966315424
MSFT,2011-09-30,USD,17372000000.0,3777000000.0,13595000000.0,6392000000.0,7203000000.0,2329000000.0,1163000000.0,5738000000.0,78.25811650932535,0.02879023435251593,7.2676752083976615,-14.63675213675214,-2.315287708546132,41.46327423440018,33.03016348146443,36.794842274925166
MSFT,2011-12-31,USD,20885000000.0,5638000000.0,15247000000.0,7253000000.0,7994000000.0,2371000000.0,1120000000.0,6624000000.0,73.00454871917644,20.222196638268475,4.67097679546935,13.46996245306633,15.44092018124783,38.27627483840077,31.716542973425906,34.72827388077568
MSFT,2012-03-31,USD,17407000000.0,3952000000.0,13455000000.0,7081000000.0,6374000000.0,2517000000.0,1150000000.0,5108000000.0,77.29648991784914,-16.65310031122815,5.9593377160944705,-2.371432510685234,-22.886473429951693,36.617452748894124,29.344516573792152,40.67903716895502
MSFT,2012-06-30,USD,18059000000.0,4163000000.0,13896000000.0,7511000000.0,192000000.0,2594000000.0,1136000000.0,-492000000.0,76.94778226922864,3.74561957833055,3.984568434387059,6.072588617426922,-109.6319498825372,1.0631817930117946,-2.724403344592724,41.59145024641453
MSFT,2012-09-30,USD,16008000000.0,4168000000.0,11840000000.0,6532000000.0,5308000000.0,2460000000.0,1127000000.0,4466000000.0,73.96301849075462,-11.357218007641624,-7.851715404098547,-13.034216482492344,-1007.7235772357724,33.158420789605195,27.898550724637683,40.804597701149426
MSFT,2012-12-31,USD,21456000000.0,5692000000.0,15764000000.0,7993000000.0,7771000000.0,2528000000.0,1156000000.0,6377000000.0,73.47129008202835,34.032983508245884,2.734019631314344,22.36680955296999,42.789968652037615,36.218307233407906,29.721290082028336,37.252982848620434
MSFT,2013-03-31,USD,20489000000.0,4787000000.0,15702000000.0,8090000000.0,7612000000.0,2640000000.0,1656000000.0,6055000000.0,76.63624383815706,-4.506897837434753,17.70552076750733,1.213561866633306,-5.049396267837536,37.15164234467275,29.552442774171507,39.484601493484305
MSFT,2013-06-30,USD,19896000000.0,5602000000.0,14294000000.0,8221000000.0,6073000000.0,2783000000.0,1210000000.0,4965000000.0,71.84358665058303,-2.8942359314754307,10.172213300847233,1.6192830655129775,-18.001651527663086,30.523723361479693,24.954764776839568,41.31986328910334
MSFT,2013-09-30,USD,18529000000.0,5145000000.0,13384000000.0,7050000000.0,6334000000.0,2767000000.0,979000000.0,5244000000.0,72.23271628258405,-6.870727784479291,15.748375812093961,-14.24400924461744,5.61933534743202,34.18425171353014,28.301581304981383,38.04846456905391
MSFT,2013-12-31,USD,24519000000.0,8322000000.0,16197000000.0,8228000000.0,7969000000.0,2748000000.0,1197000000.0,6558000000.0,66.0589746727028,32.32770252037347,14.27572706935123,16.709219858156033,25.057208237986274,32.5013255026714,26.746604673926345,33.557649170031404
MSFT,2014-03-31,USD,20403000000.0,5978000000.0,14425000000.0,7451000000.0,6974000000.0,2743000000.0,1166000000.0,5660000000.0,70.70038719796108,-16.786981524531996,-0.41973742007906933,-9.443364122508513,-13.693199146081126,34.18124785570749,27.74101847767485,36.519139342253595
MSFT,2014-06-30,USD,23382000000.0,7595000000.0,15787000000.0,9305000000.0,6482000000.0,3123000000.0,1373000000.0,4612000000.0,67.5177486955778,14.600794000882233,17.52110977080821,24.882566098510274,-18.51590106007067,27.722179454281072,19.724574458985543,39.795569241296725
MSFT,2014-09-30,USD,23201000000.0,8273000000.0,14928000000.0,7944000000.0,5844000000.0,3065000000.0,1151000000.0,4540000000.0,64.34205422180078,-0.7740997348387624,25.21452857682551,-14.626544868350344,-1.5611448395490002,25.188569458213006,19.568122063704152,34.23990345243739
MSFT,2014-12-31,USD,26470000000.0,10136000000.0,16334000000.0,8558000000.0,7776000000.0,2903000000.0,1097000000.0,5863000000.0,61.70759350207783,14.089909917675957,7.9570944981443015,7.729103726082576,29.1409691629956,29.376652814506986,22.14960332451832,32.33094068757084
MSFT,2015-03-31,USD,21729000000.0,7161000000.0,14568000000.0,7784000000.0,6594000000.0,2984000000.0,1091000000.0,4985000000.0,67.04404252381609,-17.910842463165842,6.499044258197317,-9.044169198410845,-14.975268633805216,30.34654148833356,22.941690827925814,35.823093561599705
MSFT,2015-06-30,USD,22180000000.0,7468000000.0,14712000000.0,8327000000.0,-2053000000.0,3094000000.0,1272000000.0,-3195000000.0,66.33002705139765,2.0755672143218717,-5.140706526387817,6.975847893114073,-164.09227683049147,-9.256086564472497,-14.404869251577997,37.54283137962128
MSFT,2015-09-30,USD,20379000000.0,7207000000.0,13172000000.0,7379000000.0,5793000000.0,2962000000.0,1084000000.0,4902000000.0,64.63516364885422,-8.11992786293958,-12.163268824619633,-11.384652335775192,-253.42723004694835,28.426321213013395,24.054173413808332,36.208842435840815
MSFT,2015-12-31,USD,23796000000.0,9872000000.0,13924000000.0,7898000000.0,6026000000.0,2900000000.0,1038000000.0,5018000000.0,58.514035972432346,16.767260415133233,-10.102002266717037,7.033473370375387,2.3663810689514397,25.3235837955959,21.08757774415868,33.190452176836445
MSFT,2016-03-31,USD,20531000000.0,7722000000.0,12809000000.0,7526000000.0,5283000000.0,2980000000.0,1140000000.0,3756000000.0,62.388583118211486,-13.72079341065725,-5.513369230061205,-4.710053178019747,-25.149461937026707,25.731820174370462,18.294286688422385,36.656762943841024
MSFT,2016-06-30,USD,20614000000.0,7979000000.0,12635000000.0,8445000000.0,3080000000.0,3146000000.0,1301000000.0,3122000000.0,61.29329581837586,0.40426671862061614,-7.06041478809738,12.211001860217907,-16.879659211927578,14.941302027748133,15.145047055399244,40.96730377413408
MSFT,2016-09-30,USD,21928000000.0,7844000000.0,14084000000.0,7369000000.0,6715000000.0,3106000000.0,1045000000.0,5667000000.0,64.22838380153229,6.374308722227617,7.600961774375592,-12.741267021906456,81.51825752722614,30.622947829259395,25.843670193360087,33.60543597227289
MSFT,2016-12-31,USD,25826000000.0,9901000000.0,15925000000.0,8020000000.0,7905000000.0,3062000000.0,879000000.0,6267000000.0,61.66266553086037,17.77635899306822,8.530845520255514,8.834305875966898,10.587612493382736,30.608688918144505,24.26624332068458,31.053976612715868
MSFT,2017-03-31,USD,23212000000.0,8060000000.0,15152000000.0,8429000000.0,6723000000.0,3355000000.0,1202000000.0,5486000000.0,65.27658107875237,-10.12158290095253,13.058302079781804,5.09975062344139,-12.462103079623422,28.963467172152335,23.63432707220403,36.31311390660004
MSFT,2017-06-30,USD,23317000000.0,8456000000.0,14861000000.0,9225000000.0,5330000000.0,3514000000.0,1355000000.0,6513000000.0,63.734614229960975,0.452352231604336,13.112447850975073,9.44358761418911,18.72037914691944,22.85885834369773,27.93240982973796,39.563408671784536
MSFT,2017-09-30,USD,24538000000.0,8278000000.0,16260000000.0,8552000000.0,7708000000.0,3574000000.0,1166000000.0,6576000000.0,66.26456923954682,5.236522708753277,11.902590295512594,-7.295392953929536,0.9672961768770083,31.41250305648382,26.799250142635913,34.852066183063
MSFT,2017-12-31,USD,28918000000.0,11064000000.0,17854000000.0,9175000000.0,8679000000.0,3504000000.0,1109000000.0,-6302000000.0,61.74009267584204,17.849865514711883,11.972430883605668,7.284845650140315,-195.83333333333334,30.012448993706343,-21.792655093713257,31.727643682135692
MSFT,2018-03-31,USD,26819000000.0,9269000000.0,17550000000.0,9258000000.0,8292000000.0,3715000000.0,1208000000.0,7424000000.0,65.43868153174988,-7.25845494155889,15.539376184732046,0.9046321525885581,-217.80387178673436,30.918378761325926,27.68186733286103,34.52030277042395
MSFT,2018-06-30,USD,30085000000.0,9742000000.0,20343000000.0,9964000000.0,10379000000.0,3933000000.0,1271000000.0,8873000000.0,67.6184144922719,12.177933554569531,29.026032508470223,7.625837113847478,19.51778017241379,34.49891972743892,29.49310287518697,33.11949476483297
MSFT,2018-09-30,USD,29084000000.0,9905000000.0,19179000000.0,9224000000.0,9955000000.0,3977000000.0,1149000000.0,8824000000.0,65.94347407509284,-3.3272394881170064,18.526367267095935,-7.426736250501809,-0.5522371238589008,34.228441754916794,30.339705680099023,31.71503232017604
MSFT,2018-12-31,USD,32471000000.0,12423000000.0,20048000000.0,9790000000.0,10258000000.0,4070000000.0,1132000000.0,8420000000.0,61.74124603492347,11.645578324852156,12.286465177398153,6.136166522116215,-4.578422484134181,31.59126605278556,25.93083058729328,30.149979982137907
MSFT,2019-03-31,USD,30571000000.0,10170000000.0,20401000000.0,10060000000.0,10341000000.0,4316000000.0,1179000000.0,8809000000.0,66.73317850250237,-5.851375073142185,13.990081658525666,2.7579162410623193,4.619952494061752,33.82617513329626,28.81488992836348,32.90700336920611
MSFT,2019-06-30,USD,33717000000.0,10412000000.0,23305000000.0,10900000000.0,12405000000.0,4513000000.0,1425000000.0,13187000000.0,69.11943529970046,10.290798469137407,12.07246135948148,8.349900596421467,49.69917130207742,36.79152949550672,39.11083429723878,32.327905804193726
MSFT,2019-09-30,USD,33055000000.0,10406000000.0,22649000000.0,9963000000.0,12686000000.0,4565000000.0,1061000000.0,10678000000.0,68.51913477537438,-1.9634012515941546,13.653555219364598,-8.596330275229358,-19.026313793887915,38.378460142187265,32.30373619724701,30.140674633187114
MSFT,2019-12-31,USD,36906000000.0,12358000000.0,24548000000.0,10657000000.0,13891000000.0,4603000000.0,1121000000.0,11649000000.0,66.51492982170922,11.650279836635914,13.65834128915031,6.965773361437311,9.093463195354934,37.638866309001244,31.56397333766867,28.87606351270796
MSFT,2020-03-31,USD,35021000000.0,10975000000.0,24046000000.0,11071000000.0,12975000000.0,4887000000.0,1273000000.0,10752000000.0,68.66166014676908,-5.107570584728771,14.556278826338698,3.8847705733320748,-7.700231779551892,37.04919905199737,30.701579052568455,31.61246109477171
MSFT,2020-06-30,USD,38033000000.0,12339000000.0,25694000000.0,12287000000.0,13407000000.0,5214000000.0,1656000000.0,11202000000.0,67.5571214471643,8.60055395334227,12.80066435329359,10.983650980037929,4.18526785714286,35.250966266137304,29.453369442326398,32.306155181027
MSFT,2020-09-30,USD,37154000000.0,11002000000.0,26152000000.0,10276000000.0,15876000000.0,4926000000.0,1119000000.0,13893000000.0,70.38811433493028,-2.311150842689247,12.400544546967174,-16.366891836900788,24.022495982860192,42.73025784572321,37.393012865371155,27.657856489207084
MSFT,2020-12-31,USD,43076000000.0,14194000000.0,28882000000.0,10985000000.0,17897000000.0,4899000000.0,1139000000.0,15463000000.0,67.04893676293064,15.939064434515803,16.718148810491517,6.899571817827943,11.300655006118188,41.547497446373846,35.89701922184047,25.501439316556784
MSFT,2021-03-31,USD,41706000000.0,13045000000.0,28661000000.0,11613000000.0,17048000000.0,5204000000.0,1327000000.0,15457000000.0,68.72152687862658,-3.180425294827749,19.088546871876865,5.716886663632237,-0.03880230226993575,40.87661247782094,37.06181364791637,27.84491440080564
MSFT,2021-06-30,USD,46152000000.0,13991000000.0,32161000000.0,13066000000.0,19095000000.0,5687000000.0,1522000000.0,16458000000.0,69.68495406482927,10.660336642209757,21.347251071437956,12.511840179109623,6.476030277544154,41.374154966198645,35.660426417056684,28.31079909863061
MSFT,2021-09-30,USD,45317000000.0,13646000000.0,31671000000.0,11433000000.0,20238000000.0,5599000000.0,1287000000.0,20505000000.0,69.88768012004326,-1.8092390362281163,21.970716477364483,-12.498086637073325,24.589865111192122,44.658737339188384,45.247920206545004,25.22894278085487
MSFT,2021-12-31,USD,51728000000.0,16960000000.0,34768000000.0,12521000000.0,22247000000.0,5758000000.0,1384000000.0,18765000000.0,67.21311475409836,14.147008848776398,20.08543040208004,9.516312428933782,-8.485735186539866,43.00765542839468,36.27629137024436,24.205459325703682
MSFT,2022-03-31,USD,49360000000.0,15615000000.0,33745000000.0,13381000000.0,20364000000.0,6306000000.0,1480000000.0,16728000000.0,68.36507293354943,-4.577791524899477,18.352275451973334,6.868460985544278,-10.855315747402084,41.25607779578606,33.88978930307942,27.10899513776337
MSFT,2022-06-30,USD,51865000000.0,16429000000.0,35436000000.0,14902000000.0,20534000000.0,6849000000.0,1749000000.0,16740000000.0,68.32353224718017,5.07495948136143,12.378661813139203,11.366863463119348,0.0717360114777632,39.59124650535043,32.27610141714065,28.73228574182975
MSFT,2022-09-30,USD,50122000000.0,15452000000.0,34670000000.0,13152000000.0,21518000000.0,6628000000.0,1398000000.0,17556000000.0,69.1712222177886,-3.3606478357273706,10.60308493501334,-11.743390148973287,4.874551971326158,42.93124775547664,35.02653525398029,26.23997446231196
MSFT,2022-12-31,USD,52747000000.0,17488000000.0,35259000000.0,14860000000.0,20399000000.0,6844000000.0,2337000000.0,16425000000.0,66.84550780139155,5.2372211803200175,1.9699195793380753,12.98661800486618,-6.44224196855776,38.67328947617874,31.13921170872277,28.172218325212807
MSFT,2023-03-31,USD,52857000000.0,16128000000.0,36729000000.0,14377000000.0,22352000000.0,6984000000.0,1643000000.0,18299000000.0,69.48748510131108,0.2085426659335976,7.08468395461912,-3.2503364737550444,11.409436834094366,42.28768185859962,34.61982329681972,27.199803242711468
MSFT,2023-06-30,USD,56189000000.0,16795000000.0,39394000000.0,15140000000.0,24254000000.0,6739000000.0,2197000000.0,20081000000.0,70.1098079695314,6.303800821083305,8.337028824833691,5.307087709536074,9.738237062134548,43.16503230169606,35.7383117692075,26.94477566783534
MSFT,2023-09-30,USD,56517000000.0,16302000000.0,40215000000.0,13320000000.0,26895000000.0,6659000000.0,1474000000.0,22291000000.0,71.15558150644938,0.5837441492106965,12.758868361198683,-12.02113606340819,11.005428016533036,47.58745156324646,39.4412300723676,23.56812994320293
MSFT,2023-12-31,USD,62020000000.0,19623000000.0,42397000000.0,15365000000.0,27032000000.0,7142000000.0,1977000000.0,21870000000.0,68.36020638503709,9.736893324132566,17.58014673820312,15.35285285285286,-1.8886546139697646,43.5859400193486,35.26281844566269,24.774266365688487
MSFT,2024-03-31,USD,61858000000.0,18505000000.0,43353000000.0,15772000000.0,27581000000.0,7653000000.0,1912000000.0,21939000000.0,70.08471014258463,-0.26120606256045953,17.028964943148495,2.6488773185811887,0.31550068587105073,44.58760386692101,35.466714087102716,25.49710627566362
MSFT,2024-06-30,USD,64727000000.0,19684000000.0,45043000000.0,17118000000.0,27925000000.0,8056000000.0,2246000000.0,22036000000.0,69.58919770729372,4.638041967085904,15.195144957198025,8.534111082931783,0.4421350107115085,43.14273796097455,34.04452546850619,26.446459746319157
MSFT,2024-09-30,USD,65585000000.0,20099000000.0,45486000000.0,14934000000.0,30552000000.0,7544000000.0,1673000000.0,24667000000.0,69.35427308073493,1.3255673830086412,16.04472990427659,-12.758499824745883,11.939553457977858,46.58382252039338,37.61073416177479,22.77045056034154
MSFT,2024-12-31,USD,69632000000.0,21799000000.0,47833000000.0,16180000000.0,31653000000.0,7917000000.0,1823000000.0,24108000000.0,68.69399126838235,6.170618281619267,12.273460174137373,8.343377527788931,-2.266185592086589,45.45754825367647,34.62201286764706,23.23644301470588
MSFT,2025-03-31,USD,70066000000.0,21919000000.0,48147000000.0,16147000000.0,32000000000.0,8198000000.0,1737000000.0,25824000000.0,68.71663859789342,0.6232766544117752,13.269100197225914,-0.20395550061804713,7.117969138875058,45.6712242742557,36.856677989324346,23.045414323637715
MSFT,2025-06-30,USD,76441000000.0,24014000000.0,52427000000.0,18104000000.0,34323000000.0,8829000000.0,1990000000.0,27233000000.0,68.58492170432098,9.098564210886884,18.097548163826538,12.11989843314547,5.456164807930608,44.901296424693555,35.62616920239139,23.683625279627424
MSFT,2025-09-30,USD,77673000000.0,24043000000.0,53630000000.0,15669000000.0,37961000000.0,8146000000.0,1806000000.0,27747000000.0,69.04587179586214,1.6117005272039853,18.431043683769154,-13.450066283694206,1.8874160026438602,48.872838695557014,35.72283805183268,20.173033100305126
NFLX,2005-09-30,USD,174317000.0,99067000.0,75250000.0,69730000.0,5520000.0,8955000.0,8020000.0,6946000.0,43.16848041212274,,,,,3.1666446760786386,3.9846945507322866,40.00183573604411
NFLX,2005-12-31,USD,189259000.0,170187000.0,19072000.0,16274000.0,2798000.0,4773000.0,9585000.0,38211000.0,10.077195800463915,8.571739990936056,,-76.66140828911516,450.11517420097897,1.47839732852863,20.189792823590953,8.598798471935284
NFLX,2006-03-31,USD,224126000.0,148265000.0,75861000.0,71079000.0,4782000.0,11206000.0,8292000.0,4404000.0,33.84747865040201,18.422901949180748,,336.76416369669414,-88.47452304310278,2.133621266608961,1.9649661351204235,31.71385738379304
NFLX,2006-06-30,USD,239351000.0,150579000.0,88772000.0,65284000.0,23488000.0,12043000.0,6773000.0,17037000.0,37.08862716261891,6.793053907177216,,-8.152900294039023,286.85286103542234,9.81320320366324,7.117998253610806,27.275423958955674
NFLX,2006-09-30,USD,255950000.0,158793000.0,97157000.0,80102000.0,17055000.0,11929000.0,9948000.0,12781000.0,37.95936706387966,6.93500340504114,46.83020015259556,22.6977513632743,-24.980923871573633,6.663410822426255,4.993553428403985,31.29595624145341
NFLX,2006-12-31,USD,277233000.0,169348000.0,107885000.0,89197000.0,18688000.0,13201000.0,13812000.0,14860000.0,38.91491994098827,8.315295956241453,46.4833904860535,11.35427330154053,16.266332837806118,6.7409002535773155,5.360112252148914,32.17401968741095
NFLX,2007-03-31,USD,305320000.0,194972000.0,110348000.0,99133000.0,11215000.0,15715000.0,12188000.0,9864000.0,36.141752914974454,10.131189288432463,36.226943772699286,11.139388096012205,-33.620457604306864,3.673195336040875,3.230708764574872,32.46855757893358
NFLX,2007-06-30,USD,303693000.0,196693000.0,107000000.0,68727000.0,38273000.0,18907000.0,13847000.0,25580000.0,35.23294906369261,-0.5328835320319691,26.88185969559349,-30.671925594907854,159.32684509326847,12.602529528174836,8.422979785507074,22.630419535517778
NFLX,2007-09-30,USD,293972000.0,194453000.0,99519000.0,77967000.0,21552000.0,18216000.0,12895000.0,15732000.0,33.85322411658253,-3.2009298864313585,14.855245165071306,13.444497795626177,-38.498827208756836,7.33131046494224,5.351530077694474,26.521913651640293
NFLX,2007-12-31,USD,302355000.0,200050000.0,102305000.0,82184000.0,20121000.0,18557000.0,52532000.0,15776000.0,33.83605364554911,2.8516321282298973,9.06169178993843,5.408698551951474,0.2796847190439822,6.654760132956293,5.217707661523706,27.181293512592813
NFLX,2008-03-31,USD,326183000.0,222805000.0,103378000.0,88435000.0,14943000.0,20516000.0,13816000.0,13378000.0,31.69325194752639,7.8808023680772665,6.833158653216298,7.606103377786422,-15.200304259634889,4.581170692525362,4.101378673934571,27.112081255001026
NFLX,2008-06-30,USD,337614000.0,230087000.0,107527000.0,73326000.0,34201000.0,22186000.0,13419000.0,26579000.0,31.849093935678024,3.50447448211586,11.169503412986149,-17.084864589811723,98.67693227687249,10.130207870526696,7.872600069902315,21.718886065151327
NFLX,2008-09-30,USD,341269000.0,224496000.0,116773000.0,82699000.0,34074000.0,23368000.0,11742000.0,20371000.0,34.21728900075893,1.0825972856575827,16.088947246676554,12.782641900553692,-23.35678543210805,9.984499031555751,5.969191458937085,24.232789969203182
NFLX,2008-12-31,USD,359595000.0,232846000.0,126749000.0,88828000.0,37921000.0,24052000.0,49662000.0,22732000.0,35.24770922843754,5.3699574236159675,18.93138859949397,7.411214162202695,11.590005399833103,10.545474770227617,6.321556195164003,24.702234458209933
NFLX,2009-03-31,USD,394098000.0,259268000.0,134830000.0,99456000.0,36471000.0,24200000.0,13014000.0,22363000.0,34.212302523737755,9.594960997789181,20.8211341486221,11.964695816634396,-1.6232623614288233,9.254297154514866,5.674476906759232,25.236362529117123
NFLX,2009-06-30,USD,408509000.0,269243000.0,139266000.0,86484000.0,52782000.0,27119000.0,13252000.0,32443000.0,34.091292970289516,3.6567046775167533,20.998832986783732,-13.042953667953672,45.07445333810311,12.920645567172325,7.941807891625399,21.17064740311719
NFLX,2009-09-30,USD,423120000.0,275274000.0,147846000.0,98509000.0,49337000.0,30014000.0,11543000.0,30141000.0,34.94186046511628,3.5766653855851427,23.984305635730173,13.904305998797462,-7.095521375951675,11.66028549820382,7.123511060692002,23.281574966912462
NFLX,2009-12-31,USD,444542000.0,275486000.0,169056000.0,115707000.0,53349000.0,33209000.0,13524000.0,30913000.0,38.0292525790589,5.062866326337678,23.62296472420362,17.458303302236345,2.561295245678652,12.000890804468419,6.953898619253074,26.028361774590476
NFLX,2010-03-31,USD,493665000.0,307162000.0,186503000.0,128158000.0,58345000.0,37399000.0,17193000.0,32272000.0,37.77926326557483,11.05024947024129,25.264528112296937,10.760800988704222,4.396208714780192,11.818743479890209,6.537226661805071,25.96051978568462
NFLX,2010-06-30,USD,519819000.0,314934000.0,204885000.0,127543000.0,77342000.0,37863000.0,17119000.0,43519000.0,39.41468087930607,5.297924706025348,27.24786969197741,-0.47987640256558217,34.85064452156668,14.87864044984889,8.371952545020477,24.536040429457177
NFLX,2010-09-30,USD,553219000.0,344469000.0,208750000.0,139249000.0,69501000.0,42108000.0,17135000.0,37967000.0,37.73370039713025,6.4253134264042,30.747542068443945,9.178081117740678,-12.757646085617779,12.563017539166225,6.862924086121409,25.170682857964028
NFLX,2010-12-31,USD,595922000.0,390790000.0,205132000.0,132773000.0,78453000.0,45959000.0,19108000.0,47095000.0,34.422625779883944,7.7190045895025206,34.05302536093326,-4.650661764177844,24.04193115073616,13.164977966915133,7.902879907101937,22.280264866878554
NFLX,2011-03-31,USD,718553000.0,438151000.0,280402000.0,178162000.0,102240000.0,50905000.0,22998000.0,60233000.0,39.023147909757526,20.57836428257389,45.55477905057073,34.1854142031889,27.896804331670033,14.228595524616832,8.382541023417897,24.79455238514069
NFLX,2011-06-30,USD,788610000.0,489978000.0,298632000.0,183518000.0,115114000.0,57865000.0,30670000.0,68214000.0,37.86814775364248,9.749733144249628,51.708575484928396,3.006252736273729,13.250211677983836,14.597075867665893,8.6499029938753,23.27107188597659
NFLX,2011-09-30,USD,821839000.0,536617000.0,285222000.0,188380000.0,96842000.0,69480000.0,29792000.0,62460000.0,34.70533766345963,4.213616362967754,48.555816051147914,2.6493314007345337,-8.435218576831737,11.783573181608563,7.600028716086728,22.921764481851067
NFLX,2011-12-31,USD,875575000.0,575155000.0,300420000.0,229548000.0,70872000.0,80783000.0,34477000.0,40732000.0,34.31116694743454,6.538506933839838,46.92778585116844,21.853699968149478,-34.7870637207813,8.094338006452903,4.652028666876053,26.21682894098164
NFLX,2012-03-31,USD,869791000.0,623933000.0,245858000.0,247793000.0,-1935000.0,82801000.0,29092000.0,-4584000.0,28.26633064724744,-0.6605944664934471,21.04757756212834,7.9482286929095425,-111.25405086909555,-0.22246723638207339,-0.5270231584369118,28.488797883629513
NFLX,2012-06-30,USD,889163000.0,643428000.0,245735000.0,229581000.0,16154000.0,81547000.0,29810000.0,6164000.0,27.636665043417235,2.2272017070767536,12.750662558171966,-7.349683001537577,-234.4677137870855,1.8167647551686248,0.6932362232796461,25.81990028824861
NFLX,2012-09-30,USD,905089000.0,662638000.0,242451000.0,226316000.0,16135000.0,82521000.0,30562000.0,7675000.0,26.787531391940462,1.7911226625489274,10.12972127144125,-1.4221560146527756,24.51330304996755,1.7826976131629046,0.8479829055485151,25.00483377877756
NFLX,2012-12-31,USD,945239000.0,695867000.0,249372000.0,229734000.0,19638000.0,82139000.0,30223000.0,7897000.0,26.38189918105368,4.436027838146295,7.95637152728208,1.510277664857984,2.8925081433224697,2.077569799807245,0.8354500819369494,24.304329381246436
NFLX,2013-03-31,USD,1023961000.0,726863000.0,297098000.0,265276000.0,31822000.0,91975000.0,44126000.0,2689000.0,29.01458161004179,8.328264068664115,17.7249477173252,15.470935952014075,-65.94909459288337,3.1077355485218674,0.26260765790884616,25.90684606151992
NFLX,2013-06-30,USD,1069372000.0,753525000.0,315847000.0,258730000.0,57117000.0,93126000.0,43844000.0,29471000.0,29.535746213665593,4.4348368736699895,20.26726258290099,-2.4676186311615056,995.9836370397918,5.341172202002671,2.755916556633239,24.19457401166292
NFLX,2013-09-30,USD,1105999000.0,791019000.0,314980000.0,257860000.0,57120000.0,95540000.0,46211000.0,31822000.0,28.479230089719792,3.4250943544435364,22.197817010260867,-0.3362578750048306,7.977333650028839,5.164561631610878,2.8772177913361583,23.314668458108915
NFLX,2013-12-31,USD,1175230000.0,811849000.0,363381000.0,281093000.0,82288000.0,98128000.0,46120000.0,48421000.0,30.919990129591657,6.2595897464645,24.331518272098386,9.009927867835255,52.16202627113318,7.001863465023868,4.120129676744127,23.918126664567787
NFLX,2014-03-31,USD,1270089000.0,869186000.0,400903000.0,303308000.0,97595000.0,110310000.0,55900000.0,53115000.0,31.56495332216876,8.07152642461475,24.036852966079756,7.903078340620362,9.694140971892363,7.684107176741158,4.18199039594863,23.880846145427604
NFLX,2014-06-30,USD,1340407000.0,914848000.0,425559000.0,295959000.0,129600000.0,115182000.0,60014000.0,71018000.0,31.748491316443438,5.5364624053904965,25.345249361307374,-2.422949608978331,33.70610938529606,9.668705102256254,5.2982415042595274,22.079786214187184
NFLX,2014-09-30,USD,1409432000.0,954394000.0,455038000.0,344631000.0,110407000.0,120953000.0,78024000.0,59295000.0,32.2852042524932,5.149555321629928,27.435196596018628,16.445521170162092,-16.50708271142527,7.833439286180532,4.207013889283059,24.45176496631267
NFLX,2014-12-31,USD,1484728000.0,1014332000.0,470396000.0,405350000.0,65046000.0,125876000.0,75803000.0,83371000.0,31.682301404701736,5.342293916982155,26.33510036333313,17.618554337827995,40.603760856733274,4.381004466811429,5.615237269048607,27.301296937890307
NFLX,2015-03-31,USD,1573129000.0,1046401000.0,526728000.0,429272000.0,97456000.0,143106000.0,91489000.0,23696000.0,33.48282308698142,5.954019860876869,23.85974526194621,5.90156654742815,-71.57764690359957,6.195041856071562,1.5062973220886526,27.287781230909864
NFLX,2015-06-30,USD,1644694000.0,1121752000.0,522942000.0,448107000.0,74835000.0,155061000.0,95906000.0,26335000.0,31.795701814440864,4.5492137008471545,22.701090042054382,4.387660970200713,11.136900742741386,4.55008652065369,1.6012097083104821,27.245615293787175
NFLX,2015-09-30,USD,1738355000.0,1173958000.0,564397000.0,490756000.0,73641000.0,171762000.0,110892000.0,29432000.0,32.467303859108185,5.69473713651294,23.337273454838538,9.517592896339488,11.7600151889121,4.236246336335213,1.6930949086924132,28.231057522772968
NFLX,2015-12-31,USD,1823333000.0,1249365000.0,573968000.0,514074000.0,59894000.0,180859000.0,109042000.0,43178000.0,31.479055115000936,4.88841462186953,22.805860736781412,4.751444709794694,46.70426746398477,3.284863489006122,2.368080871678404,28.19419162599481
NFLX,2016-03-31,USD,1957736000.0,1369540000.0,588196000.0,538743000.0,49453000.0,203508000.0,127225000.0,27658000.0,30.044704699714366,7.371281055078804,24.448535371225113,4.798725475320675,-35.94423085830747,2.5260300673839575,1.4127543243828584,27.51867463233041
NFLX,2016-06-30,USD,2105204000.0,1473098000.0,632106000.0,561736000.0,70370000.0,207300000.0,138407000.0,40755000.0,30.025878727192236,7.5325784477580315,27.999737337158148,4.267897680341082,47.35338780822909,3.342668928996905,1.9359168992648692,26.68320979819533
NFLX,2016-09-30,USD,2290188000.0,1532844000.0,757344000.0,651308000.0,106036000.0,216099000.0,153166000.0,51517000.0,33.06907555187609,8.786986914332285,31.744551601945513,15.945568736915572,26.406575880260096,4.63001290723731,2.24946598270535,28.43906264463878
NFLX,2016-12-31,USD,2477541000.0,1654419000.0,823122000.0,669188000.0,153934000.0,225191000.0,159001000.0,66748000.0,33.223345244337025,8.180682109940317,35.879787180948284,2.745244953232562,29.564997961837847,6.2131766941495625,2.6941229226882624,27.010168550187462
NFLX,2017-03-31,USD,2636635000.0,1657024000.0,979611000.0,722669000.0,256942000.0,257108000.0,194291000.0,178222000.0,37.153834338086234,6.421447717716888,34.6777604334803,7.9919245413844875,167.00725115359262,9.745072791645413,6.759449070500846,27.408761546440825
NFLX,2017-06-30,USD,2785464000.0,1902308000.0,883156000.0,755349000.0,127807000.0,267083000.0,213943000.0,65600000.0,31.705884549216933,5.644656920658342,32.31325800254987,4.522125620443118,-63.19197405483049,4.588355835867921,2.3550833900563783,27.117528713349014
NFLX,2017-09-30,USD,2984859000.0,1992980000.0,991879000.0,783252000.0,208627000.0,255236000.0,215526000.0,129590000.0,33.230346894107896,7.1584123865898075,30.332487987885703,3.694054006823344,97.54573170731706,6.989509387210585,4.341578613931177,26.240837506897314
NFLX,2017-12-31,USD,3285755000.0,2107354000.0,1178401000.0,933098000.0,245303000.0,273351000.0,239808000.0,185517000.0,35.863933859949995,10.080744182556023,32.62161958167393,19.13126299071053,43.15687938884174,7.465650969107557,5.646099602678836,28.39828289084244
NFLX,2018-03-31,USD,3700856000.0,2196075000.0,1504781000.0,1058203000.0,446578000.0,300730000.0,278251000.0,290124000.0,40.660349929854064,12.633352151940723,40.36284885848818,13.407487745124303,56.386746228108464,12.06688398575897,7.839375539064476,28.593465944095097
NFLX,2018-06-30,USD,3907270000.0,2289867000.0,1617403000.0,1155190000.0,462213000.0,317213000.0,311197000.0,384349000.0,41.394707813895636,5.577466402367448,40.27357740039002,9.165254681757663,32.477492382567455,11.829563864283758,9.836765823708113,29.565143949611876
NFLX,2018-09-30,USD,3999374000.0,2412346000.0,1587028000.0,1106360000.0,480668000.0,327026000.0,344065000.0,402835000.0,39.68191021894927,2.3572468756958287,33.988707674298844,-4.227010275365961,4.8096911921196694,12.018580907912089,10.072451338634496,27.663329311037177
NFLX,2018-12-31,USD,4186841000.0,2733400000.0,1453441000.0,1237674000.0,215767000.0,331789000.0,175530000.0,133934000.0,34.71450193594646,4.687408579442676,27.424016702401733,11.869011894862425,-66.75214417813746,5.153455791609951,3.1989273058136196,29.561046144336505
NFLX,2019-03-31,USD,4520992000.0,2870614000.0,1650378000.0,1191294000.0,459084000.0,372764000.0,201952000.0,344052000.0,36.50477594297888,7.98098136518679,22.16071092741787,-3.7473518874921785,156.88174772649214,10.154497066130618,7.610099730324673,26.350278876848265
NFLX,2019-06-30,USD,4923116000.0,3005657000.0,1917459000.0,1211040000.0,706419000.0,383233000.0,224657000.0,270650000.0,38.9480767871405,8.894596584112513,25.998868775385375,1.6575253463880557,-21.334565705184104,14.349022042137541,5.497534488319999,24.599054745002963
NFLX,2019-09-30,USD,5244905000.0,3097919000.0,2146986000.0,1166747000.0,980239000.0,379776000.0,233174000.0,665244000.0,40.93469757793516,6.536287180720501,31.143148902803297,-3.6574349319593025,145.79493811195272,18.68935662323722,12.683623440272035,22.24534095469794
NFLX,2019-12-31,USD,5467434000.0,3466023000.0,2001411000.0,1542899000.0,458512000.0,409376000.0,254586000.0,586970000.0,36.60603859141236,4.242765121579906,30.58613880966581,32.23938008839964,-11.766209090198487,8.386237492761687,10.735749164964771,28.219801098650667
NFLX,2020-03-31,USD,5767691000.0,3599701000.0,2167990000.0,1209734000.0,958256000.0,453817000.0,252087000.0,709067000.0,37.588525460188485,5.491735245455187,27.575784252659584,-21.59344195569509,20.801233453157742,16.614204887189693,12.293775793467438,20.9743205729988
NFLX,2020-06-30,USD,6148286000.0,3643707000.0,2504579000.0,1146651000.0,1357928000.0,435045000.0,277236000.0,720196000.0,40.7362149386024,6.598741160024013,24.886068091834513,-5.214617428294154,1.5695272802147109,22.086285511116433,11.713768682849171,18.64992942748597
NFLX,2020-09-30,USD,6435637000.0,3867751000.0,2567886000.0,1253023000.0,1314863000.0,453802000.0,271624000.0,789976000.0,39.90103854521316,4.67367653359001,22.7026418972317,9.27675465333393,9.689029097634538,20.43096899343453,12.275024212832388,19.470069551778636
NFLX,2020-12-31,USD,6644442000.0,4165160000.0,2479282000.0,1525040000.0,954242000.0,486936000.0,275539000.0,542156000.0,37.3136224230718,3.2445117709404725,21.527612404649066,21.708859294681737,-31.37057328323899,14.361506955738346,8.159541463376458,22.95211546733345
NFLX,2021-03-31,USD,7163282000.0,3868511000.0,3294771000.0,1334915000.0,1959856000.0,525207000.0,297196000.0,1706715000.0,45.99527144121926,7.808631635282537,24.196701938436014,-12.466886114462572,214.80145935856098,27.35974934394597,23.825880371595034,18.635522097273288
NFLX,2021-06-30,USD,7341777000.0,4018008000.0,3323769000.0,1476139000.0,1847630000.0,537321000.0,334845000.0,1353013000.0,45.27199613935428,2.491804734198655,19.41176776747211,10.5792503642554,-20.724139648388864,25.165978209362667,18.4289580029467,20.10601792999161
NFLX,2021-09-30,USD,7483467000.0,4206589000.0,3276878000.0,1521625000.0,1755253000.0,563887000.0,321790000.0,1449071000.0,43.7882334484805,1.9299142428324867,16.281682761162575,3.081417129416675,7.09956223628303,23.45507770662983,19.363631856731644,20.33315574185067
NFLX,2021-12-31,USD,7709318000.0,5239575000.0,2469743000.0,1837973000.0,631770000.0,647470000.0,397790000.0,607429000.0,32.0358169166196,3.01799954486337,16.02656776897142,20.7901421178017,-58.081488070632844,8.194888315672022,7.87915351267129,23.84092860094758
NFLX,2022-03-31,USD,7867767000.0,4284705000.0,3583062000.0,1611436000.0,1971626000.0,657530000.0,397928000.0,1597447000.0,45.54102835022948,2.0552920504770977,9.834667963651288,-12.325371482606107,162.98497437560604,25.059537223204497,20.303689725432896,20.481491127024988
NFLX,2022-06-30,USD,7970141000.0,4690755000.0,3279386000.0,1701103000.0,1578283000.0,716846000.0,409297000.0,1440951000.0,41.14589691700561,1.3011824066472721,8.558745382759515,5.564415837799319,-9.796631750536955,19.802447660587184,18.0793664754488,21.343449256418427
NFLX,2022-09-30,USD,7925589000.0,4788665000.0,3136924000.0,1603906000.0,1533018000.0,662739000.0,373213000.0,1398242000.0,39.57969559107847,-0.5589863466656353,5.907983558957364,-5.713763364123158,-2.9639453388768944,19.342638130743342,17.6421209830588,20.237057460335127
NFLX,2022-12-31,USD,7852053000.0,5404160000.0,2447893000.0,1897989000.0,549904000.0,673926000.0,392453000.0,55284000.0,31.17519711087024,-0.9278300956559793,1.8514607906951142,18.335426140933443,-96.04617798635715,7.003314929229336,0.704070642416703,24.171882181640903
NFLX,2023-03-31,USD,8161503000.0,4803625000.0,3357878000.0,1643561000.0,1714317000.0,687275000.0,400924000.0,1305120000.0,41.142887529417074,3.9410075301325564,3.7334100005757653,-13.405135646202371,2260.755372259605,21.004917844176497,15.991172214235538,20.137969685240574
NFLX,2023-06-30,USD,8187301000.0,4673470000.0,3513831000.0,1686648000.0,1827183000.0,657983000.0,401497000.0,1487610000.0,42.91806298559195,0.31609373910663763,2.724669488281317,2.621563787410386,13.98262228760574,22.317281360487417,18.16972406413298,20.600781625104535
NFLX,2023-09-30,USD,8541668000.0,4930788000.0,3610880000.0,1694486000.0,1916394000.0,657159000.0,478591000.0,1677422000.0,42.27371047434763,4.328251764531443,7.773289783257753,0.46470870033343825,12.759527026572815,22.43582869294381,19.63810815405141,19.83788178140382
NFLX,2023-12-31,USD,8832825000.0,5307485000.0,3525340000.0,2029231000.0,1496109000.0,673341000.0,439273000.0,937838000.0,39.91180624545375,3.40866678498859,12.490644166563825,19.75495814069872,-44.0905150880339,16.938057756153892,10.617644977682678,22.973748489299854
NFLX,2024-03-31,USD,9381681000.0,4977267000.0,4404414000.0,1760833000.0,2632534000.0,702473000.0,404020000.0,2332209000.0,46.94695971862612,6.2138217387981864,14.950408031461858,-13.226586820327501,148.67930282202258,28.060365727634522,24.85918035371273,18.76884323822138
NFLX,2024-06-30,USD,9559310000.0,5174143000.0,4385167000.0,1782330000.0,2602837000.0,711254000.0,426992000.0,2147306000.0,45.873258634775944,1.8933600492278435,16.757769135396394,1.2208426352754653,-7.928234562168313,27.228293673915793,22.46298111474573,18.644964960860147
NFLX,2024-09-30,USD,9824703000.0,5119884000.0,4704819000.0,1795342000.0,2909477000.0,735063000.0,417353000.0,2363509000.0,47.88764606930103,2.776277785739767,15.020895216250496,0.7300556013757342,10.068569640284153,29.61389265405784,24.056798459963623,18.27375341524319
NFLX,2024-12-31,USD,10246513000.0,5767364000.0,4479149000.0,2206383000.0,2272766000.0,776505000.0,453674000.0,1868607000.0,43.71388588488591,4.293361336215451,16.004936133117088,22.8948579156506,-20.93928984404121,22.180872653945784,18.236516168964016,21.533013230940128
NFLX,2025-03-31,USD,10542801000.0,5263147000.0,5279654000.0,1932655000.0,3346999000.0,822823000.0,421462000.0,2890351000.0,50.078285647239284,2.891598341796864,12.376460039517445,-12.406186958474574,54.6794483805316,31.746772039043513,27.415399380107807,18.331513608195774
NFLX,2025-06-30,USD,11079166000.0,5325311000.0,5753855000.0,1979161000.0,3774694000.0,824683000.0,441213000.0,3125413000.0,51.93400839016222,5.087499991700506,15.899222851858564,2.406327047507184,8.132645481465751,34.07019986883489,28.209821930639905,17.863808521327325
NFLX,2025-09-30,USD,11510307000.0,6164250000.0,5346057000.0,2097810000.0,3248247000.0,853584000.0,457931000.0,2546916000.0,46.44582459877047,3.8914571728593916,17.15679344200023,5.994914006490637,-18.50945779005847,28.220333306487827,22.12726385143333,18.225491292282648
NVDA,2005-10-31,USD,583415000.0,355420000.0,227995000.0,158423000.0,69572000.0,88829000.0,55400000.0,64447000.0,39.079386028813104,,,,,11.92495907715777,11.04651063136875,27.154426951655342
NVDA,2006-01-31,USD,633614000.0,378674000.0,254940000.0,142598000.0,112342000.0,92435000.0,50800000.0,98052000.0,40.23585337445195,8.60433824978788,,-9.989079868453443,52.14362189085606,17.730353180327455,15.475036852089758,22.505500194124497
NVDA,2006-04-30,USD,681807000.0,393050000.0,288757000.0,188072000.0,100685000.0,122404000.0,65668000.0,90676000.0,42.35172123489492,7.60605037136175,,31.88964782114756,-7.522539060906452,14.767375518291834,13.299364776248998,27.58434571660309
NVDA,2006-07-31,USD,687500000.0,395400000.0,292100000.0,196300000.0,95800000.0,127300000.0,69100000.0,86800000.0,42.48727272727273,0.8349870271205706,,4.374920243311076,-4.27455997176761,13.934545454545455,12.625454545454545,28.552727272727275
NVDA,2006-10-31,USD,820572000.0,486630000.0,333942000.0,216329000.0,117613000.0,140732000.0,69100000.0,106511000.0,40.69624603325485,19.35592727272728,40.64979474302169,10.203260315843089,22.70852534562211,14.333050603725205,12.980091935869126,26.363195429529647
NVDA,2007-01-31,USD,878873000.0,493167000.0,385706000.0,247192000.0,138514000.0,162276000.0,84900000.0,163506000.0,43.88643182803431,7.104921932505626,38.7079515288488,14.266695634889448,53.51090497695075,15.76041134498386,18.60405314533499,28.12602048305045
NVDA,2007-04-30,USD,844280000.0,464142000.0,380138000.0,238892000.0,141246000.0,158321000.0,80600000.0,132259000.0,45.0251101530298,-3.9360635723250104,23.829764141465247,-3.357713841871901,-19.110613677785526,16.729757900222676,15.665300611171649,28.295352252807128
NVDA,2007-07-31,USD,935253000.0,511261000.0,423992000.0,239232000.0,184760000.0,157952000.0,81300000.0,172732000.0,45.33447099341034,10.77521675273605,36.0368,0.14232372787703618,30.601320137003917,19.755082314625028,18.469013197498434,25.579388678785314
NVDA,2007-10-31,USD,1115597000.0,600044000.0,515553000.0,267712000.0,247841000.0,179529000.0,81280000.0,235661000.0,46.21319347398747,19.282910613491744,35.953578723134605,11.904761904761907,36.43158187249611,22.215997353883168,21.12420524615968,23.997196120104302
NVDA,2008-01-31,USD,1202730000.0,653133000.0,549597000.0,287098000.0,262499000.0,195835000.0,91263000.0,256993000.0,45.69579207303385,7.810436923010733,36.849123821075395,7.2413638536935165,9.051985691310826,21.825264190632975,21.367472333774,23.87052788240087
NVDA,2008-04-30,USD,1153388000.0,638545000.0,514843000.0,311864000.0,202979000.0,218830000.0,91263000.0,176805000.0,44.63745071042876,-4.102500145502319,36.61202444686597,8.626322719071533,-31.20240629122194,17.598501111508007,15.329186709069281,27.03894959892075
NVDA,2008-07-31,USD,892676000.0,742759000.0,149917000.0,305309000.0,-155392000.0,212910000.0,92400000.0,-120929000.0,16.79411118927808,-22.60401530100885,-4.552457997996262,-2.101877741579661,-168.39682135686206,-17.407435620538696,-13.546796374048368,34.201546809816776
NVDA,2008-10-31,USD,897655000.0,529812000.0,367843000.0,311047000.0,56796000.0,212360000.0,90300000.0,61748000.0,40.97821546139664,0.5577611585838582,-19.53590767992385,1.8794074200236377,-151.0613665870056,6.327152413789262,6.878812015752154,34.65106304760738
NVDA,2009-01-31,USD,481140000.0,339474000.0,141666000.0,316749000.0,-175083000.0,211779000.0,86400000.0,-147665000.0,29.443820925302404,-46.40034311623062,-59.99600907934449,1.833163476902211,-339.1413487076504,-36.389200648459905,-30.690651369663712,65.83302157376232
NVDA,2009-04-30,USD,664231000.0,474535000.0,189696000.0,420661000.0,-230965000.0,301797000.0,80600000.0,-201338000.0,28.558739354230685,38.05358107827244,-42.41044644126695,32.80578628503959,36.347814309416584,-34.771788730125515,-30.311442856476134,63.330528084356196
NVDA,2009-07-31,USD,776520000.0,619797000.0,156723000.0,266830000.0,-110107000.0,192855000.0,74000000.0,-105302000.0,20.18273837119456,16.9051128297234,-13.012111897261713,-36.56887612590661,-47.6988943964875,-14.179544635038377,-13.560758254777728,34.362283006232936
NVDA,2009-10-31,USD,903206000.0,511423000.0,391783000.0,283938000.0,107845000.0,197948000.0,86000000.0,107577000.0,43.37692619402439,16.31458301138413,0.6183890247366763,6.411572911591645,-202.16045279291941,11.94024397535003,11.910571896112293,31.436682218674367
NVDA,2010-01-31,USD,982488000.0,543767000.0,438721000.0,304439000.0,134282000.0,216251000.0,88188000.0,131076000.0,44.654082289045775,8.77784248554594,104.2000249407657,7.220238221020092,21.84388856354054,13.667546066720407,13.341231648630822,30.986536222325363
NVDA,2010-04-30,USD,1001813000.0,545436000.0,456377000.0,308984000.0,147393000.0,218105000.0,90900000.0,137594000.0,45.55510858812972,1.9669451433503404,50.82298176387432,1.4929099097027665,4.972687601086401,14.712626009045602,13.734499352673602,30.84248257908412
NVDA,2010-07-31,USD,811208000.0,676916000.0,134292000.0,309499000.0,-175207000.0,210635000.0,98900000.0,-140961000.0,16.554570467746863,-19.026005851391425,4.467109668778657,0.16667529710276963,-202.44705437737113,-21.598283054407748,-17.376677744795415,38.152853522154615
NVDA,2010-10-31,USD,843912000.0,451850000.0,392062000.0,288279000.0,103783000.0,204527000.0,83752000.0,84862000.0,46.457687531401376,4.031518426839975,-6.564836814635866,-6.856241861847701,-160.20246734912493,12.297846220932989,10.055787807259525,34.159841310468394
NVDA,2011-01-31,USD,886376000.0,460017000.0,426359000.0,246581000.0,179778000.0,215563000.0,88000000.0,171651000.0,48.101370073196925,5.031804263951689,-9.782511338560873,-14.464459776813431,102.27074544554688,20.282363240881974,19.36548372248346,27.81900683231495
NVDA,2011-04-30,USD,962039000.0,477536000.0,484503000.0,329641000.0,154862000.0,231524000.0,98100000.0,135219000.0,50.362095507562586,8.536219392221822,-3.970202023730973,33.684671568369005,-21.224461261513184,16.097268405958594,14.055459290111937,34.26482710160399
NVDA,2011-07-31,USD,1016517000.0,491233000.0,525284000.0,351254000.0,174030000.0,247721000.0,103533000.0,151573000.0,51.674885909433875,5.662764191472491,25.309045275687623,6.556526645653915,12.094454181734825,17.120225239715616,14.911014769059443,34.55466066971826
NVDA,2011-10-31,USD,1066180000.0,509463000.0,556717000.0,359627000.0,197090000.0,256498000.0,103100000.0,178273000.0,52.21604231930819,4.885604470953275,26.337817213169146,2.3837450961412543,17.615274488200395,18.485621564838958,16.720722579676977,33.73042075446923
NVDA,2012-01-31,USD,953194000.0,463181000.0,490013000.0,367696000.0,122317000.0,266862000.0,100800000.0,116025000.0,51.407478435659485,-10.59727250558067,7.538335875520086,2.2437136255064383,-34.91723368092756,12.832330039844983,12.172233564206238,38.575148395814495
NVDA,2012-04-30,USD,924877000.0,461513000.0,463364000.0,390538000.0,72826000.0,283902000.0,106600000.0,60437000.0,50.10006736030845,-2.9707488716882446,-3.8628371614872203,6.212197032331046,-47.91036414565827,7.874128127307739,6.534598654740035,42.225939233000716
NVDA,2012-07-31,USD,1044270000.0,503551000.0,540719000.0,401096000.0,139623000.0,281193000.0,119900000.0,119046000.0,51.77961638273627,12.909067908489448,2.730205200700042,2.703450112409045,96.97536277445936,13.370392714527851,11.39992530667356,38.40922366820841
NVDA,2012-10-31,USD,1204110000.0,567452000.0,636658000.0,384441000.0,252217000.0,284180000.0,100300000.0,209080000.0,52.873740771192004,15.3063862794105,12.936839933219524,-4.152372499351776,75.62958856240445,20.946342111601098,17.363862105621582,31.9273986595909
NVDA,2013-01-31,USD,1106902000.0,521300000.0,585602000.0,402029000.0,183573000.0,298007000.0,104000000.0,173973000.0,52.90459317988404,-8.073016584863513,16.125573597819542,4.574954284272481,-16.791180409412664,16.58439500515854,15.71710955441403,36.32019817472549
NVDA,2013-04-30,USD,954739000.0,436171000.0,518568000.0,435787000.0,82781000.0,327161000.0,108600000.0,77891000.0,54.31515838360013,-13.746745421003848,3.2287536612976675,8.396906690810857,-55.22811010903991,8.670537183460612,8.158355320145088,45.64462120013951
NVDA,2013-07-31,USD,977238000.0,431700000.0,545538000.0,440004000.0,105534000.0,331738000.0,108300000.0,96448000.0,55.82447673954554,2.3565602745881264,-6.419029561320344,0.9676745749643834,23.82431859906793,10.799211655707207,9.869448384119323,45.02526508383833
NVDA,2013-10-31,USD,1053967000.0,469552000.0,584415000.0,443427000.0,140988000.0,340294000.0,103100000.0,118734000.0,55.44907952526028,7.851618541235594,-12.46920962370548,0.7779474732047875,23.10675182481752,13.376889409250953,11.26543810195196,42.072190116009324
NVDA,2014-01-31,USD,1144218000.0,524976000.0,619242000.0,452318000.0,166924000.0,336641000.0,115700000.0,146917000.0,54.1192325238722,8.562981573426875,3.3712108208314717,2.0050650952693427,23.736250779052327,14.588478768905924,12.839948331524237,39.53075375496628
NVDA,2014-04-30,USD,1103000000.0,499000000.0,604000000.0,453000000.0,151000000.0,334000000.0,118600000.0,137000000.0,54.75974614687217,-3.6022855784474617,15.528956081190781,0.15077887680789992,-6.750069767283573,13.689936536718042,12.42067089755213,41.069809610154124
NVDA,2014-07-31,USD,1103000000.0,484000000.0,619000000.0,456000000.0,163000000.0,337000000.0,119000000.0,128000000.0,56.119673617407074,0.0,12.869127070375885,0.6622516556291425,-6.569343065693434,14.777878513145964,11.604714415231188,41.34179510426111
NVDA,2014-10-31,USD,1225000000.0,549000000.0,676000000.0,463000000.0,213000000.0,340000000.0,123300000.0,173000000.0,55.18367346938775,11.060743427017217,16.22754792132961,1.5350877192982448,35.15625,17.387755102040817,14.122448979591837,37.795918367346935
NVDA,2015-01-31,USD,1250514000.0,550911000.0,699603000.0,468467000.0,231136000.0,348253000.0,105214000.0,193128000.0,55.94523531923673,2.0827755102040824,9.289838125252349,1.1807775377969731,11.634682080924863,18.483279675397476,15.443889472648847,37.461955643839254
NVDA,2015-04-30,USD,1151000000.0,498000000.0,653000000.0,477000000.0,176000000.0,339000000.0,138000000.0,134000000.0,56.73327541268463,-7.95784773301218,4.351767905711701,1.8214730173096605,-30.61596454165113,15.291051259774111,11.642050390964378,41.44222415291051
NVDA,2015-07-31,USD,1153000000.0,519000000.0,634000000.0,558000000.0,76000000.0,320000000.0,149000000.0,26000000.0,54.98699045967042,0.17376194613378804,4.533091568449676,16.981132075471695,-80.59701492537313,6.591500433651344,2.2549869904596704,48.395490026019075
NVDA,2015-10-31,USD,1305000000.0,571000000.0,734000000.0,489000000.0,245000000.0,329000000.0,152000000.0,246000000.0,56.24521072796935,13.183000867302685,6.530612244897949,-12.365591397849462,846.1538461538462,18.773946360153257,18.850574712643677,37.47126436781609
NVDA,2016-01-31,USD,1401000000.0,610000000.0,791000000.0,539000000.0,252000000.0,344000000.0,131000000.0,208000000.0,56.45967166309779,7.35632183908046,12.033931647306616,10.224948875255624,-15.44715447154471,17.987152034261243,14.846538187009278,38.472519628836544
NVDA,2016-04-30,USD,1305000000.0,554000000.0,751000000.0,506000000.0,245000000.0,346000000.0,159000000.0,208000000.0,57.547892720306514,-6.852248394004279,13.379669852302346,-6.122448979591832,0.0,18.773946360153257,15.938697318007664,38.77394636015325
NVDA,2016-07-31,USD,1428000000.0,602000000.0,826000000.0,509000000.0,317000000.0,350000000.0,157000000.0,261000000.0,57.84313725490197,9.425287356321842,23.8508239375542,0.5928853754940677,25.48076923076923,22.198879551820728,18.277310924369747,35.64425770308123
NVDA,2016-10-31,USD,2004000000.0,821000000.0,1183000000.0,544000000.0,639000000.0,373000000.0,171000000.0,542000000.0,59.03193612774451,40.336134453781504,53.5632183908046,6.876227897838905,107.66283524904216,31.886227544910177,27.045908183632733,27.14570858283433
NVDA,2017-01-31,USD,2173000000.0,870000000.0,1303000000.0,570000000.0,733000000.0,394000000.0,176000000.0,654000000.0,59.963184537505754,8.433133732534937,55.103497501784446,4.779411764705888,20.66420664206643,33.73216751035435,30.096640589047404,26.231017027151402
NVDA,2017-04-30,USD,1937000000.0,787000000.0,1150000000.0,596000000.0,554000000.0,411000000.0,185000000.0,507000000.0,59.37016004130098,-10.86056143580304,48.42911877394636,4.561403508771922,-22.477064220183486,28.600929272070214,26.174496644295303,30.76923076923077
NVDA,2017-07-31,USD,2230000000.0,928000000.0,1302000000.0,614000000.0,688000000.0,416000000.0,198000000.0,583000000.0,58.38565022421525,15.126484254001028,56.1624649859944,3.0201342281879207,14.990138067061153,30.852017937219735,26.143497757847534,27.533632286995513
NVDA,2017-10-31,USD,2636000000.0,1067000000.0,1569000000.0,674000000.0,895000000.0,462000000.0,212000000.0,838000000.0,59.52200303490136,18.20627802690582,31.53692614770458,9.771986970684043,43.73927958833619,33.952959028831565,31.79059180576631,25.569044006069802
NVDA,2018-01-31,USD,2911000000.0,1110000000.0,1801000000.0,728000000.0,1073000000.0,507000000.0,221000000.0,1119000000.0,61.868773617313636,10.432473444613045,33.96226415094339,8.01186943620178,33.53221957040573,36.86018550326348,38.44039848849193,25.008588114050156
NVDA,2018-04-30,USD,3207000000.0,1139000000.0,2068000000.0,773000000.0,1295000000.0,542000000.0,231000000.0,1244000000.0,64.48394137823512,10.16832703538304,65.56530717604542,6.181318681318682,11.17068811438784,40.380417835983785,38.790146554412225,24.103523542251327
NVDA,2018-07-31,USD,3123000000.0,1148000000.0,1975000000.0,818000000.0,1157000000.0,581000000.0,237000000.0,1101000000.0,63.24047390329811,-2.6192703461178635,40.04484304932736,5.821474773609325,-11.4951768488746,37.04771053474224,35.254562920268974,26.192763368555877
NVDA,2018-10-31,USD,3181000000.0,1260000000.0,1921000000.0,863000000.0,1058000000.0,605000000.0,258000000.0,1230000000.0,60.38981452373468,1.8571886007044514,20.675265553869494,5.5012224938875365,11.716621253406,33.259981138006914,38.66708582206853,27.129833385727757
NVDA,2019-01-31,USD,2205000000.0,998000000.0,1207000000.0,913000000.0,294000000.0,647000000.0,266000000.0,566000000.0,54.73922902494331,-30.682175416535685,-24.252834077636553,5.793742757821563,-53.98373983739837,13.333333333333334,25.668934240362812,41.40589569160998
NVDA,2019-04-30,USD,2220000000.0,924000000.0,1296000000.0,938000000.0,358000000.0,674000000.0,264000000.0,394000000.0,58.37837837837838,0.6802721088435382,-30.77642656688494,2.7382256297918905,-30.388692579505307,16.126126126126124,17.74774774774775,42.252252252252255
NVDA,2019-07-31,USD,2579000000.0,1038000000.0,1541000000.0,970000000.0,571000000.0,704000000.0,266000000.0,552000000.0,59.75184179914695,16.171171171171174,-17.419148254883122,3.4115138592750505,40.10152284263959,22.1403644823575,21.40364482357503,37.611477316789454
NVDA,2019-10-31,USD,3014000000.0,1098000000.0,1916000000.0,989000000.0,927000000.0,712000000.0,277000000.0,899000000.0,63.57000663570007,16.867002714230317,-5.249921408362146,1.9587628865979312,62.86231884057971,30.756469807564695,29.82747179827472,32.81353682813537
NVDA,2020-01-31,USD,3105000000.0,1090000000.0,2015000000.0,1025000000.0,990000000.0,738000000.0,287000000.0,951000000.0,64.89533011272141,3.019243530192428,40.816326530612244,3.640040444893833,5.784204671857629,31.88405797101449,30.628019323671495,33.011272141706925
NVDA,2020-04-30,USD,3080000000.0,1076000000.0,2004000000.0,1028000000.0,976000000.0,735000000.0,293000000.0,917000000.0,65.06493506493507,-0.8051529790660261,38.738738738738746,0.29268292682926855,-3.5751840168243953,31.68831168831169,29.772727272727273,33.37662337662338
NVDA,2020-07-31,USD,3866000000.0,1591000000.0,2275000000.0,1624000000.0,651000000.0,997000000.0,627000000.0,622000000.0,58.84635281945163,25.51948051948052,49.903063202791785,57.97665369649805,-32.170119956379494,16.839110191412313,16.088980858768753,42.007242628039315
NVDA,2020-10-31,USD,4726000000.0,1766000000.0,2960000000.0,1562000000.0,1398000000.0,1047000000.0,515000000.0,1336000000.0,62.632247143461704,22.2452146921883,56.801592568015934,-3.817733990147787,114.7909967845659,29.581041049513328,28.269149386373254,33.05120609394837
NVDA,2021-01-31,USD,5003000000.0,1847000000.0,3156000000.0,1649000000.0,1507000000.0,1146000000.0,503000000.0,1457000000.0,63.08215070957426,5.861193398222597,61.127214170692426,5.569782330345707,9.056886227544902,30.121926843893664,29.122526484109535,32.9602238656806
NVDA,2021-04-30,USD,5661000000.0,2032000000.0,3629000000.0,1673000000.0,1956000000.0,1153000000.0,520000000.0,1912000000.0,64.10528175234057,13.152108734759139,83.7987012987013,1.455427531837472,31.228551818805773,34.552199258081615,33.77495142201025,29.553082494258966
NVDA,2021-07-31,USD,6507000000.0,2292000000.0,4215000000.0,1771000000.0,2444000000.0,1245000000.0,526000000.0,2374000000.0,64.77639465191332,14.944356120826718,68.31350232798758,5.857740585774063,24.163179916318,37.55955125249731,36.483786691255574,27.216843399416014
NVDA,2021-10-31,USD,7103000000.0,2472000000.0,4631000000.0,1960000000.0,2671000000.0,1403000000.0,557000000.0,2464000000.0,65.19780374489652,9.159366835715389,50.2962336013542,10.671936758893285,3.7910699241785917,37.603829367872734,34.68956778825848,27.593974377023795
NVDA,2022-01-31,USD,7643000000.0,2644000000.0,4999000000.0,2029000000.0,2970000000.0,1466000000.0,563000000.0,3003000000.0,65.40625408870862,7.602421512037161,52.76833899660205,3.5204081632653095,21.875,38.85908674604213,39.29085437655371,26.547167342666494
NVDA,2022-04-30,USD,8288000000.0,2857000000.0,5431000000.0,3563000000.0,1868000000.0,1618000000.0,592000000.0,1618000000.0,65.5284749034749,8.439094596362695,46.405228758169926,75.6037456875308,-46.12054612054612,22.538610038610038,19.522200772200772,42.98986486486486
NVDA,2022-07-31,USD,6704000000.0,3789000000.0,2915000000.0,2416000000.0,499000000.0,1824000000.0,592000000.0,656000000.0,43.48150357995227,-19.111969111969106,3.0275088366374714,-32.19197305641314,-59.45611866501854,7.443317422434367,9.785202863961814,36.0381861575179
NVDA,2022-10-31,USD,5931000000.0,2754000000.0,3177000000.0,2576000000.0,601000000.0,1945000000.0,631000000.0,680000000.0,53.566009104704094,-11.530429594272073,-16.500070392791777,6.62251655629138,3.658536585365857,10.13319844882819,11.4651829371101,43.43281065587591
NVDA,2023-01-31,USD,6051000000.0,2218000000.0,3833000000.0,2577000000.0,1256000000.0,1952000000.0,625000000.0,1414000000.0,63.34490166914559,2.0232675771370667,-20.829517205285885,0.038819875776408,107.94117647058825,20.756899686002313,23.36803834077012,42.58800198314328
NVDA,2023-04-30,USD,7192000000.0,2544000000.0,4648000000.0,2508000000.0,2140000000.0,1875000000.0,633000000.0,2043000000.0,64.62736373748609,18.856387373987758,-13.223938223938225,-2.67753201396973,44.48373408769448,29.75528364849833,28.406562847608452,34.872080088987765
NVDA,2023-07-31,USD,13507000000.0,4045000000.0,9462000000.0,2662000000.0,6800000000.0,2040000000.0,622000000.0,6188000000.0,70.0525653364922,87.8058954393771,101.47673031026252,6.140350877192979,202.88790993636806,50.344265936181245,45.813282001924925,19.70829940031095
NVDA,2023-10-31,USD,18120000000.0,4720000000.0,13400000000.0,2983000000.0,10417000000.0,2294000000.0,689000000.0,9243000000.0,73.9514348785872,34.15266158288295,205.5134041476985,12.058602554470333,49.36974789915966,57.48896247240618,51.00993377483444,16.462472406181018
NVDA,2024-01-31,USD,22103000000.0,5312000000.0,16791000000.0,3177000000.0,13614000000.0,2465000000.0,712000000.0,12285000000.0,75.9670632945754,21.981236203090514,265.27846636919514,6.5035199463627125,32.91139240506329,61.59344885309687,55.58069040401755,14.373614441478534
NVDA,2024-04-30,USD,26044000000.0,5638000000.0,20406000000.0,3497000000.0,16909000000.0,2720000000.0,777000000.0,14881000000.0,78.35201965903855,17.830158801972583,262.1245828698554,10.07239534151716,21.131461131461137,64.92474274305022,57.13792044232837,13.42727691598833
NVDA,2024-07-31,USD,30040000000.0,7466000000.0,22574000000.0,3932000000.0,18642000000.0,3090000000.0,842000000.0,16599000000.0,75.14647137150466,15.343265243434189,122.40319834160064,12.43923362882471,11.544923056246216,62.0572569906791,55.25632490013316,13.089214380825565
NVDA,2024-10-31,USD,35082000000.0,8926000000.0,26156000000.0,4287000000.0,21869000000.0,3390000000.0,897000000.0,19309000000.0,74.55675275069837,16.784287616511318,93.60927152317882,9.028484231943024,16.32628471594675,62.33681090017673,55.0396214582977,12.219941850521634
NVDA,2025-01-31,USD,39331000000.0,10608000000.0,28723000000.0,4689000000.0,24034000000.0,3714000000.0,975000000.0,22091000000.0,73.02890849457171,12.111624194743742,77.9441704745962,9.377186843946816,14.407789113884718,61.10701482291322,56.16689125626097,11.921893671658488
NVDA,2025-04-30,USD,44062000000.0,17394000000.0,26668000000.0,5030000000.0,21638000000.0,3989000000.0,1041000000.0,18775000000.0,60.52380736235305,12.028679667437903,69.18292121025955,7.272339518020909,-15.010637816305284,49.10807498524806,42.61041260042667,11.415732377104987
NVDA,2025-07-31,USD,46743000000.0,12890000000.0,33853000000.0,5413000000.0,28440000000.0,4291000000.0,1122000000.0,26422000000.0,72.4236784117408,6.084608052289964,55.60252996005326,7.614314115308152,40.729693741677764,60.84333483088377,56.52611086151937,11.580343580857026
NVDA,2025-10-31,USD,57006000000.0,15157000000.0,41849000000.0,5839000000.0,36010000000.0,4705000000.0,1134000000.0,31910000000.0,73.41157071185489,21.95622874013221,62.49358645459211,7.869942730463708,20.77056997956248,63.16878925025436,55.976563870469775,10.242781461600533
ORCL,2005-08-31,USD,2768000000.0,723000000.0,2045000000.0,1333000000.0,712000000.0,400000000.0,771000000.0,519000000.0,73.88005780346822,,,,,25.722543352601157,18.75,48.15751445086705
ORCL,2005-11-30,USD,3292000000.0,757000000.0,2535000000.0,1419000000.0,1116000000.0,468000000.0,825000000.0,798000000.0,77.0048602673147,18.930635838150287,,6.451612903225801,53.75722543352601,33.900364520048605,24.240583232077764,43.1044957472661
ORCL,2006-02-28,USD,3470000000.0,790000000.0,2680000000.0,1628000000.0,1052000000.0,467000000.0,146000000.0,765000000.0,77.23342939481267,5.407047387606312,,14.72868217054264,-4.135338345864659,30.31700288184438,22.046109510086456,46.9164265129683
ORCL,2006-05-31,USD,4851000000.0,964000000.0,3887000000.0,2030000000.0,1857000000.0,537000000.0,409000000.0,1300000000.0,80.12780869923726,39.79827089337176,,24.69287469287469,69.93464052287581,38.28076685219543,26.798598227169656,41.84704184704185
ORCL,2006-08-31,USD,3591000000.0,980000000.0,2611000000.0,1668000000.0,943000000.0,506000000.0,157000000.0,670000000.0,72.70955165692008,-25.97402597402597,29.73265895953756,-17.832512315270932,-48.46153846153847,26.26009468114731,18.657755499860762,46.44945697577276
ORCL,2006-11-30,USD,4163000000.0,1025000000.0,3138000000.0,1781000000.0,1357000000.0,519000000.0,170000000.0,967000000.0,75.37833293298102,15.92871066555277,26.458080194410694,6.774580335731417,44.32835820895522,32.59668508287293,23.228441028104733,42.781647850108094
ORCL,2007-02-28,USD,4414000000.0,1030000000.0,3384000000.0,1990000000.0,1394000000.0,570000000.0,175000000.0,1033000000.0,76.66515632079746,6.029305789094397,27.204610951008657,11.73498034811904,6.825232678386772,31.581332125056637,23.402809243316717,45.083824195740824
ORCL,2007-05-31,USD,5829000000.0,1159000000.0,4670000000.0,2389000000.0,2281000000.0,599000000.0,190000000.0,1604000000.0,80.11665808886602,32.0570910738559,20.160791589363015,20.050251256281413,55.27589545014522,39.13192657402642,27.51758449133642,40.984731514839595
ORCL,2007-08-31,USD,4529000000.0,1159000000.0,3370000000.0,2153000000.0,1217000000.0,652000000.0,195000000.0,840000000.0,74.40936189004195,-22.302281694973413,26.12085769980508,-9.878610297195479,-47.63092269326683,26.871274011923163,18.547140649149924,47.53808787811879
ORCL,2007-11-30,USD,5313000000.0,1238000000.0,4075000000.0,2293000000.0,1782000000.0,674000000.0,206000000.0,1303000000.0,76.6986636551854,17.31066460587327,27.62430939226519,6.50255457501161,55.11904761904762,33.54037267080746,24.524750611707134,43.15829098437794
ORCL,2008-02-29,USD,5349000000.0,1243000000.0,4106000000.0,2231000000.0,1875000000.0,682000000.0,206000000.0,1340000000.0,76.76201159095159,0.6775832862789377,21.18260081558676,-2.703881378107287,2.839600920951657,35.05328098710039,25.051411478781084,41.70873060385119
ORCL,2008-05-31,USD,7239000000.0,1341000000.0,5898000000.0,2928000000.0,2970000000.0,734000000.0,201000000.0,2037000000.0,81.47534189805222,35.333707234997206,24.189397838394243,31.24159569699687,52.014925373134325,41.02776626605885,28.13924575217571,40.447575631993374
ORCL,2008-08-31,USD,5331000000.0,1026000000.0,4305000000.0,2784000000.0,1521000000.0,708000000.0,488000000.0,1077000000.0,80.75407990996061,-26.357231661831747,17.708103334069335,-4.918032786885251,-47.1281296023564,28.531232414181208,20.20258863252673,52.2228474957794
ORCL,2008-11-30,USD,5607000000.0,939000000.0,4668000000.0,2693000000.0,1975000000.0,651000000.0,174000000.0,1296000000.0,83.25307651150348,5.1772650534609,5.533596837944654,-3.268678160919536,20.334261838440113,35.22382735865882,23.113964686998393,48.02924915284466
ORCL,2009-02-28,USD,5453000000.0,1111000000.0,4342000000.0,2402000000.0,1940000000.0,677000000.0,192000000.0,1329000000.0,79.62589400330093,-2.7465667915106073,1.9442886520844915,-10.805792796138135,2.546296296296302,35.576746744911055,24.37190537318907,44.04914725838987
ORCL,2009-05-31,USD,6861000000.0,1179000000.0,5682000000.0,2797000000.0,2885000000.0,730000000.0,213000000.0,1891000000.0,82.81591604722344,25.82064918393545,-5.221715706589302,16.444629475437146,42.28743416102332,42.04926395569159,27.56157994461449,40.766652091531846
ORCL,2009-08-31,USD,5054000000.0,1008000000.0,4046000000.0,2306000000.0,1740000000.0,660000000.0,201000000.0,1124000000.0,80.05540166204986,-26.337268619734733,-5.1960232601763305,-17.55452270289596,-40.56054997355897,34.42817570241393,22.2398100514444,45.62722595963593
ORCL,2009-11-30,USD,5858000000.0,1096000000.0,4762000000.0,2584000000.0,2178000000.0,708000000.0,183000000.0,1458000000.0,81.2905428473882,15.908191531460236,4.476547173176382,12.05550737207286,29.715302491103213,37.17992488904063,24.88904062820075,44.11061795834756
ORCL,2010-02-28,USD,6404000000.0,1419000000.0,4985000000.0,3142000000.0,1843000000.0,823000000.0,236000000.0,1189000000.0,77.841973766396,9.320587231136912,17.43994131670641,21.59442724458205,-18.449931412894372,28.7788881948782,18.566520924422235,49.0630855715178
ORCL,2010-05-31,USD,9505000000.0,2242000000.0,7263000000.0,3963000000.0,3300000000.0,1063000000.0,292000000.0,2363000000.0,76.41241451867438,48.42286071205497,38.536656464072294,26.12985359643538,98.73843566021867,34.71856917411888,24.860599684376645,41.6938453445555
ORCL,2010-08-31,USD,7502000000.0,2062000000.0,5440000000.0,3523000000.0,1917000000.0,1103000000.0,272000000.0,1352000000.0,72.51399626766197,-21.073119410836405,48.436881677878915,-11.102699974766594,-42.78459585272958,25.553185817115438,18.021860837110104,46.96081045054652
ORCL,2010-11-30,USD,8582000000.0,2157000000.0,6425000000.0,3655000000.0,2770000000.0,1119000000.0,156000000.0,1870000000.0,74.86599860172454,14.396161023727005,46.50051212017754,3.7468066988362247,38.31360946745561,32.276858541132604,21.78979258914006,42.58914006059194
ORCL,2011-02-28,USD,8764000000.0,2012000000.0,6752000000.0,3765000000.0,2987000000.0,1127000000.0,286000000.0,2116000000.0,77.04244637151986,2.1207177814029254,36.85196752029982,3.0095759233926156,13.155080213903748,34.08261068005477,24.144226380648107,42.95983569146509
ORCL,2011-05-31,USD,10775000000.0,2169000000.0,8606000000.0,4247000000.0,4359000000.0,1170000000.0,256000000.0,3209000000.0,79.87006960556845,22.946143313555446,13.361388742766955,12.802124833997341,51.65406427221173,40.454756380510446,29.781902552204176,39.41531322505801
ORCL,2011-08-31,USD,8374000000.0,1988000000.0,6386000000.0,3703000000.0,2683000000.0,1050000000.0,311000000.0,1840000000.0,76.25985192261763,-22.283062645011597,11.623567048786999,-12.809041676477516,-42.66126519164849,32.0396465249582,21.972772868402195,44.22020539765942
ORCL,2011-11-30,USD,8792000000.0,1956000000.0,6836000000.0,3725000000.0,3111000000.0,1102000000.0,277000000.0,2192000000.0,77.75250227479526,4.991640792930507,2.446982055464919,0.5941128814474839,19.130434782608695,35.384440400363964,24.931756141947226,42.3680618744313
ORCL,2012-02-29,USD,9039000000.0,1908000000.0,7131000000.0,3814000000.0,3317000000.0,1145000000.0,261000000.0,2498000000.0,78.89147029538665,2.809372156505918,3.1378366042902783,2.3892617449664533,13.959854014598537,36.69653722756942,27.635800420400486,42.19493306781724
ORCL,2012-05-31,USD,10916000000.0,2006000000.0,8910000000.0,4315000000.0,4595000000.0,1226000000.0,278000000.0,3452000000.0,81.62330524001466,20.765571412766892,1.3085846867749495,13.135815416885155,38.19055244195357,42.09417368999633,31.62330524001466,39.52913155001832
ORCL,2012-08-31,USD,8181000000.0,1775000000.0,6406000000.0,3527000000.0,2879000000.0,1201000000.0,275000000.0,2034000000.0,78.30338589414497,-25.05496518871382,-2.3047528063052325,-18.261877172653527,-41.07763615295481,35.19129690746852,24.86248624862486,43.11208898667645
ORCL,2012-11-30,USD,9094000000.0,1794000000.0,7300000000.0,3829000000.0,3481000000.0,1199000000.0,263000000.0,2581000000.0,80.27270727952495,11.160004889377827,3.43494085532301,8.562517720442298,26.8928220255654,38.27798548493512,28.381350340884097,42.10468440730152
ORCL,2013-02-28,USD,8958000000.0,1716000000.0,7242000000.0,3908000000.0,3408000000.0,1186000000.0,260000000.0,2504000000.0,80.84393837910248,-1.4954915328788232,-0.8961168270826381,2.0632018803865337,-2.9833397907787718,38.04420629604823,27.952668006251397,43.62580933244028
ORCL,2013-05-31,USD,10947000000.0,1828000000.0,9119000000.0,4119000000.0,4777000000.0,1264000000.0,274000000.0,3806000000.0,83.30136110349868,22.203616878767573,0.28398680835470813,5.399181166837264,51.996805111821075,43.63752626290307,34.76751621448798,37.626747053987394
ORCL,2013-08-31,USD,8372000000.0,1721000000.0,6651000000.0,3778000000.0,2939000000.0,1237000000.0,260000000.0,2191000000.0,79.44338270425227,-23.522426235498305,2.334677912235672,-8.278708424374848,-42.43300052548607,35.10511227902533,26.17056856187291,45.12661251791686
ORCL,2013-11-30,USD,9275000000.0,1807000000.0,7468000000.0,4058000000.0,3410000000.0,1273000000.0,262000000.0,2553000000.0,80.51752021563343,10.785953177257523,1.990323290081375,7.411328745367918,16.522136010953894,36.76549865229111,27.525606469002696,43.75202156334232
ORCL,2014-02-28,USD,9307000000.0,1775000000.0,7532000000.0,3965000000.0,3567000000.0,1292000000.0,251000000.0,2565000000.0,80.92833351241,0.34501347708895125,3.895958919401643,-2.2917693445046794,0.4700352526439522,38.32599118942731,27.55990114967229,42.6023423229827
ORCL,2014-05-31,USD,11320000000.0,2207000000.0,9113000000.0,4204000000.0,4909000000.0,1348000000.0,265000000.0,3646000000.0,80.5035335689046,21.62888148705275,3.407326208093542,6.027742749054221,42.14424951267057,43.36572438162544,32.20848056537102,37.13780918727915
ORCL,2014-08-31,USD,8596000000.0,1681000000.0,6915000000.0,3952000000.0,2963000000.0,1329000000.0,276000000.0,2184000000.0,80.44439274080968,-24.063604240282686,2.6755852842809347,-5.994291151284492,-40.09873834339002,34.469520707305726,25.407166123778502,45.97487203350396
ORCL,2014-11-30,USD,9598000000.0,1899000000.0,7699000000.0,4157000000.0,3542000000.0,1389000000.0,272000000.0,2502000000.0,80.21462804750989,11.656584457887398,3.4824797843665767,5.187246963562764,14.560439560439553,36.90352156699313,26.06793081892061,43.31110648051678
ORCL,2015-02-28,USD,9327000000.0,1900000000.0,7427000000.0,4044000000.0,3383000000.0,1370000000.0,252000000.0,2495000000.0,79.62903398734856,-2.8235048968535126,0.21489201676156977,-2.7183064710127547,-0.27977617905675656,36.271041063578856,26.75029484292913,43.3579929237697
ORCL,2015-05-31,USD,10706000000.0,2053000000.0,8653000000.0,4671000000.0,3982000000.0,1436000000.0,278000000.0,2758000000.0,80.8238371006912,14.785032700761235,-5.42402826855124,15.504451038575674,10.541082164328653,37.194096768167384,25.761255370820102,43.62974033252382
ORCL,2015-08-31,USD,8448000000.0,1850000000.0,6598000000.0,3944000000.0,2654000000.0,1390000000.0,257000000.0,1747000000.0,78.10132575757575,-21.09097702223053,-1.7217310376919537,-15.564119032327127,-36.65699782451052,31.415719696969695,20.679450757575758,46.68560606060606
ORCL,2015-11-30,USD,8993000000.0,1853000000.0,7140000000.0,4185000000.0,2955000000.0,1444000000.0,285000000.0,2197000000.0,79.39508506616258,6.451231060606055,-6.303396540946027,6.110547667342803,25.758443045220368,32.85889024797065,24.430112309574113,46.53619481819193
ORCL,2016-02-29,USD,9012000000.0,1839000000.0,7173000000.0,4146000000.0,3027000000.0,1419000000.0,290000000.0,2142000000.0,79.59387483355526,0.21127543645056424,-3.377291733676424,-0.9318996415770608,-2.503413746017291,33.58854860186418,23.768308921438084,46.00532623169108
ORCL,2016-05-31,USD,10594000000.0,1936000000.0,8658000000.0,4690000000.0,3968000000.0,1534000000.0,323000000.0,2814000000.0,81.7255050028318,17.554371948513104,-1.0461423500840672,13.121080559575503,31.372549019607842,37.45516329998112,26.5622050217104,44.27034170285067
ORCL,2016-08-31,USD,8595000000.0,1776000000.0,6819000000.0,4178000000.0,2641000000.0,1520000000.0,315000000.0,1832000000.0,79.33682373472949,-18.86917122899755,1.7400568181818121,-10.916844349680165,-34.89694385216773,30.72716695753345,21.31471785922048,48.609656777196044
ORCL,2016-11-30,USD,9035000000.0,1797000000.0,7238000000.0,4201000000.0,3037000000.0,1510000000.0,303000000.0,2032000000.0,80.11068068622026,5.119255381035481,0.46702991215390455,0.5505026328386897,10.917030567685583,33.61372440509131,22.490315439955726,46.496956281128945
ORCL,2017-02-28,USD,9205000000.0,1892000000.0,7313000000.0,4362000000.0,2959000000.0,1521000000.0,241000000.0,2239000000.0,79.44595328625746,1.8815716657443193,2.141588992454513,3.8324208521780534,10.187007874015741,32.14557305812058,24.3237370994025,47.38728951656708
ORCL,2017-05-31,USD,10892000000.0,2003000000.0,8889000000.0,4816000000.0,4074000000.0,1608000000.0,317000000.0,3231000000.0,81.61035622475211,18.326996197718625,2.812912969605441,10.408069692801458,44.30549352389459,37.40359897172236,29.6639735585751,44.2159383033419
ORCL,2017-08-31,USD,9187000000.0,1928000000.0,7259000000.0,4427000000.0,2749000000.0,1572000000.0,319000000.0,2144000000.0,79.01382388157178,-15.653690782225482,6.887725421756841,-8.077242524916938,-33.6428350355927,29.92271688255143,23.337324480243822,48.18765647110047
ORCL,2017-11-30,USD,9621000000.0,1960000000.0,7661000000.0,4609000000.0,3039000000.0,1473000000.0,320000000.0,2214000000.0,79.62789730797213,4.724066615870259,6.485888212506907,4.111136209622779,3.2649253731343197,31.58715310258809,23.012160898035546,47.9056231161002
ORCL,2018-02-28,USD,9771000000.0,1996000000.0,7775000000.0,4365000000.0,3315000000.0,1496000000.0,339000000.0,-4047000000.0,79.57220345921606,1.5590894917368203,6.148832156436712,-5.293990019527017,-282.79132791327913,33.92692661958858,-41.41848326680994,44.673011974209395
ORCL,2018-05-31,USD,11251000000.0,2173000000.0,9078000000.0,4693000000.0,4380000000.0,1544000000.0,305000000.0,3276000000.0,80.68616123011287,15.146863166513146,3.2959970620638934,7.514318442153489,-180.94885100074129,38.92987290018665,29.11741178561906,41.71184783574793
ORCL,2018-08-31,USD,9193000000.0,1953000000.0,7240000000.0,4462000000.0,2778000000.0,1564000000.0,321000000.0,2265000000.0,78.75557489394104,-18.29170740378633,0.06530967671709575,-4.922224589814617,-30.86080586080586,30.218644620907213,24.638311758947026,48.53693027303383
ORCL,2018-11-30,USD,9562000000.0,2001000000.0,7561000000.0,4460000000.0,3101000000.0,1475000000.0,299000000.0,2333000000.0,79.07341560343025,4.01392363755031,-0.6132418667498141,-0.044822949350065144,3.0022075055187614,32.43045387994143,24.398661367914663,46.64296172348881
ORCL,2019-02-28,USD,9614000000.0,1976000000.0,7638000000.0,4239000000.0,3399000000.0,1426000000.0,316000000.0,2745000000.0,79.44664031620553,0.5438192846684897,-1.606795619690926,-4.955156950672645,17.659665666523793,35.35469107551488,28.552111504056583,44.09194924069066
ORCL,2019-05-31,USD,11136000000.0,2063000000.0,9073000000.0,4817000000.0,4257000000.0,1562000000.0,330000000.0,3740000000.0,81.47449712643679,15.831079675473259,-1.022131366100787,13.635291342297705,36.24772313296904,38.227370689655174,33.58477011494253,43.256106321839084
ORCL,2019-08-31,USD,9218000000.0,1957000000.0,7261000000.0,4384000000.0,2877000000.0,1557000000.0,292000000.0,2137000000.0,78.76979822087222,-17.22341954022989,0.2719460459045031,-8.988997301224833,-42.86096256684492,31.210674766760686,23.182903015838576,47.55912345411152
ORCL,2019-11-30,USD,9614000000.0,2048000000.0,7566000000.0,4383000000.0,3183000000.0,1531000000.0,323000000.0,2311000000.0,78.69773247347618,4.2959427207637235,0.5438192846684897,-0.02281021897809765,8.142255498362182,33.107967547326815,24.037861452049096,45.58976492614937
ORCL,2020-02-29,USD,9796000000.0,1964000000.0,7832000000.0,4304000000.0,3528000000.0,1500000000.0,288000000.0,2571000000.0,79.95100040832993,1.8930726024547484,1.8930726024547484,-1.8024184348619632,11.250540891389015,36.01469987750102,26.245406288280932,43.93630053082891
ORCL,2020-05-31,USD,10439000000.0,1969000000.0,8470000000.0,4162000000.0,4308000000.0,1479000000.0,278000000.0,3116000000.0,81.13804004214963,6.563903634136392,-6.258979885057469,-3.299256505576209,21.197977440684568,41.26832072037552,29.84960245234218,39.86971932177411
ORCL,2020-08-31,USD,9367000000.0,1880000000.0,7487000000.0,4276000000.0,3211000000.0,1589000000.0,295000000.0,2251000000.0,79.92953987402583,-10.269182871922599,1.6164026903883633,2.739067755886593,-27.759948652118105,34.27991886409736,24.031173267855234,45.649621009928474
ORCL,2020-11-30,USD,9800000000.0,1939000000.0,7861000000.0,4278000000.0,3583000000.0,1601000000.0,324000000.0,2442000000.0,80.21428571428572,4.622611294971701,1.9346785937174982,0.0467726847521055,8.48511772545535,36.56122448979592,24.918367346938773,43.6530612244898
ORCL,2021-02-28,USD,10085000000.0,1915000000.0,8170000000.0,4292000000.0,3878000000.0,1621000000.0,330000000.0,5021000000.0,81.01140307387209,2.9081632653061185,2.95018374846876,0.32725572697522853,105.61015561015563,38.45314823996034,49.78681209717402,42.558254833911754
ORCL,2021-05-31,USD,11227000000.0,2122000000.0,9105000000.0,4564000000.0,4541000000.0,1715000000.0,305000000.0,4033000000.0,81.09913601140109,11.323748140803168,7.548615767793843,6.337371854613227,-19.677355108544113,40.44713636768505,35.92233009708738,40.65199964371604
ORCL,2021-08-31,USD,9728000000.0,2103000000.0,7625000000.0,4198000000.0,3427000000.0,1684000000.0,298000000.0,2457000000.0,78.38199013157895,-13.351741337846267,3.8539553752535483,-8.019281332164763,-39.077609719811555,35.22820723684211,25.25699013157895,43.15378289473684
ORCL,2021-11-30,USD,10360000000.0,2159000000.0,8201000000.0,9039000000.0,-824000000.0,1754000000.0,319000000.0,-1247000000.0,79.16023166023166,6.4967105263157965,5.714285714285716,115.31681753215817,-150.75295075295077,-7.953667953667953,-12.036679536679538,87.24903474903475
ORCL,2022-02-28,USD,10513000000.0,2218000000.0,8295000000.0,4473000000.0,3822000000.0,1816000000.0,335000000.0,2319000000.0,78.9023114239513,1.47683397683398,4.243926623698568,-50.514437437769665,-285.9663191659984,36.35498906116237,22.05840388090935,42.54732236278893
ORCL,2022-05-31,USD,11840000000.0,2397000000.0,9444000000.0,4941000000.0,4503000000.0,1965000000.0,364000000.0,3189000000.0,79.76351351351352,12.622467421287919,5.460051661173959,10.462776659959761,37.516170763260014,38.0320945945946,26.93412162162162,41.73141891891892
ORCL,2022-08-31,USD,11445000000.0,3037000000.0,8408000000.0,5785000000.0,2623000000.0,2093000000.0,411000000.0,1548000000.0,73.46439493228483,-3.3361486486486513,17.650082236842103,17.081562436753693,-51.45813734713076,22.91830493665356,13.525557011795545,50.546089995631284
ORCL,2022-11-30,USD,12275000000.0,3358000000.0,8917000000.0,5846000000.0,3071000000.0,2158000000.0,366000000.0,1741000000.0,72.64358452138492,7.252075141983405,18.484555984555982,1.0544511668107104,12.46770025839794,25.0183299389002,14.183299389002036,47.62525458248473
ORCL,2023-02-28,USD,12398000000.0,3439000000.0,8959000000.0,5699000000.0,3260000000.0,2146000000.0,402000000.0,1896000000.0,72.2616551056622,1.002036659877792,17.930181679824987,-2.5145398563120036,8.90292935094774,26.29456363929666,15.292789159541861,45.967091466365545
ORCL,2023-05-31,USD,13836000000.0,3730000000.0,10106000000.0,5966000000.0,4140000000.0,2226000000.0,400000000.0,3319000000.0,73.04134142815842,11.598644942732705,16.858108108108105,4.685032461835403,75.05274261603377,29.921942758022553,23.988146863255277,43.11939867013588
ORCL,2023-08-31,USD,12453000000.0,3610000000.0,8843000000.0,5547000000.0,3296000000.0,2216000000.0,393000000.0,2420000000.0,71.0110013651329,-9.995663486556804,8.807339449541285,-7.023131076097888,-27.086471828864113,26.4675178671806,19.43306833694692,44.5434834979523
ORCL,2023-11-30,USD,12941000000.0,3740000000.0,9201000000.0,5579000000.0,3622000000.0,2226000000.0,375000000.0,2503000000.0,71.09960590371686,3.918734441500038,5.425661914460278,0.576888408148557,3.42975206611571,27.988563480411095,19.34162738582799,43.111042423305776
ORCL,2024-02-29,USD,13280000000.0,3869000000.0,9411000000.0,5661000000.0,3750000000.0,2248000000.0,377000000.0,2401000000.0,70.86596385542168,2.6195811761069443,7.114050653331172,1.4697974547409842,-4.075109868158211,28.237951807228917,18.079819277108435,42.62801204819277
ORCL,2024-05-31,USD,14287000000.0,3924000000.0,10363000000.0,5677000000.0,4686000000.0,2226000000.0,402000000.0,3144000000.0,72.53447189752922,7.582831325301198,3.259612604799078,0.2826355767532318,30.945439400249896,32.79904808567229,22.00601945824876,39.73542381185693
ORCL,2024-08-31,USD,13307000000.0,3906000000.0,9401000000.0,5410000000.0,3991000000.0,2306000000.0,358000000.0,2929000000.0,70.64702788006313,-6.859382655560998,6.857785272625061,-4.703188303681527,-6.838422391857502,29.99173367400616,22.010971669046366,40.655294206056965
ORCL,2024-11-30,USD,14059000000.0,4085000000.0,9974000000.0,5754000000.0,4220000000.0,2471000000.0,387000000.0,3151000000.0,70.94387936553098,5.651161043060049,8.639208716482493,6.358595194085037,7.579378627517919,30.01635962728501,22.412689380468027,40.92751973824596
ORCL,2025-02-28,USD,14130000000.0,4195000000.0,9935000000.0,5577000000.0,4358000000.0,2429000000.0,390000000.0,2936000000.0,70.31139419674452,0.5050145814069262,6.400602409638556,-3.07612095933264,-6.823230720406215,30.842179759377213,20.778485491861286,39.469214437367306
ORCL,2025-05-31,USD,15903000000.0,4740000000.0,11162000000.0,6053000000.0,5109000000.0,2654000000.0,467000000.0,3427000000.0,70.18801483996731,12.547770700636951,11.310982011618954,8.535054688900834,16.7234332425068,32.12601395963026,21.54939319625228,38.062000880337045
ORCL,2025-08-31,USD,14926000000.0,4884000000.0,10042000000.0,5765000000.0,4277000000.0,2491000000.0,376000000.0,2927000000.0,67.2785742998794,-6.143494938062,12.166528894566774,-4.757971253923676,-14.590020426028595,28.654696502746884,19.610076376792172,38.62387779713252
PLTR,2019-03-31,,161328000.0,50699000.0,110629000.0,252299500.0,-142426500.0,76924000.0,67337000.0,-140229500.0,68.57396112268174,,,,,-88.28380690270752,-86.92198502429832,156.3891574928097
PLTR,2019-06-30,,176320000.0,56589000.0,119731000.0,256467000.0,-140115000.0,78724000.0,70589000.0,-134066000.0,67.90551270417423,9.292869185758201,,1.6518066821376909,-4.395294855932597,-79.46631125226861,-76.03561705989111,145.45542196007258
PLTR,2019-09-30,USD,190541000.0,65073000.0,125468000.0,269608000.0,-144140000.0,75880000.0,74062000.0,-139860000.0,65.84829511758625,8.065449183303075,,5.123856090647139,4.321751972908872,-75.64776084937101,-73.40152513107415,141.49605596695724
PLTR,2019-12-31,USD,229358000.0,75902000.0,153456000.0,300907000.0,-147451000.0,75835000.0,112207000.0,-159327000.0,66.90675712205373,20.3719934292357,,11.609076881991642,13.918918918918921,-64.2885794260501,-69.46651086947043,131.19533654810385
PLTR,2020-03-31,USD,229327000.0,64294000.0,165033000.0,235218000.0,-70185000.0,65800000.0,70765000.0,-54274000.0,71.96405133281297,-0.01351598810592769,42.14953386888822,-21.83033296001755,-65.93546605409001,-30.604769608463023,-23.666641956681943,102.568820941276
PLTR,2020-06-30,USD,251889000.0,68410000.0,183479000.0,282624000.0,-99145000.0,86815000.0,93291000.0,-110455000.0,72.8412118036119,9.838353094053476,42.85900635208711,20.15406984159376,103.51365294616208,-39.36059137159622,-43.85066437994514,112.20180317520814
PLTR,2020-09-30,USD,289366000.0,149340000.0,140026000.0,987803000.0,-847777000.0,313915000.0,338977000.0,-853319000.0,48.3906194922693,14.878378968513918,51.86547777118835,249.51136492300722,672.5490018559594,-292.9774057767671,-294.89262733009406,341.3680252690364
PLTR,2020-12-31,USD,322091000.0,70503000.0,251588000.0,408160000.0,-156572000.0,94130000.0,166411000.0,-148343000.0,78.11084445079186,11.3092070250133,40.431552420233864,-58.680020206458174,-82.61576268663889,-48.611106799010216,-46.056238764821124,126.72195124980207
PLTR,2021-03-31,USD,341234000.0,74111000.0,267123000.0,381137000.0,-114014000.0,98471000.0,146569000.0,-123474000.0,78.28147253790654,5.943351413109954,48.79800459605717,-6.620687965503724,-16.76452545789151,-33.412262552969516,-36.184553708012686,111.69373509087606
PLTR,2021-06-30,USD,375642000.0,90926000.0,284716000.0,430864000.0,-146148000.0,110524000.0,157961000.0,-138580000.0,75.79450647158731,10.083403177877948,49.129973917082516,13.047014590554063,12.234154558854504,-38.90619259827176,-36.89150840427854,114.70069906985907
PLTR,2021-09-30,USD,392146000.0,86804000.0,305342000.0,397283000.0,-91941000.0,94316000.0,149524000.0,-102137000.0,77.86436684296156,4.393544917767445,35.519031261447445,-7.793874633294962,-26.297445518833882,-23.445604443243077,-26.04565646468407,101.30997128620463
PLTR,2021-12-31,USD,432867000.0,87563000.0,345304000.0,404247000.0,-58943000.0,84176000.0,157478000.0,-156188000.0,79.77138474404379,10.38414264075116,34.392764777656005,1.752906618204153,52.920097516081334,-13.61688463200013,-36.08221462943583,93.38826937604391
PLTR,2022-03-31,USD,446357000.0,94403000.0,351954000.0,391393000.0,-39439000.0,88601000.0,142307000.0,-101379000.0,78.8503372860737,3.116430681941562,30.80671914287556,-3.17973911989452,-35.09168438036213,-8.835752547848472,-22.712537273975762,87.68608983392218
PLTR,2022-06-30,USD,473010000.0,102224000.0,370786000.0,412531000.0,-41745000.0,88171000.0,155485000.0,-179329000.0,78.38861757679541,5.971229307482573,25.92042423371188,5.400709772530421,76.88969115891851,-8.825394811949007,-37.91230629373587,87.21401238874442
PLTR,2022-09-30,USD,477880000.0,107611000.0,370269000.0,432460000.0,-62191000.0,100863000.0,148679000.0,-123875000.0,77.4815853352306,1.0295765417221547,21.8627755988841,4.830909677090944,-30.923052044008504,-13.013936553109568,-25.921779526240897,90.49552188834016
PLTR,2022-12-31,USD,508624000.0,104311000.0,404313000.0,422139000.0,-17826000.0,82044000.0,149862000.0,30878000.0,79.49153008902451,6.433414246254299,17.501218619113956,-2.3865791055820207,-124.92674066599395,-3.5047500707792,6.070889301330649,82.9962801598037
PLTR,2023-03-31,USD,525186000.0,107645000.0,417541000.0,413426000.0,4115000.0,90100000.0,136233000.0,16802000.0,79.50345211029996,3.2562364339866035,17.660527335742458,-2.0640120908042126,-45.585854006088475,0.7835319296401655,3.1992475046935756,78.71992018065981
PLTR,2023-06-30,USD,533317000.0,106899000.0,426418000.0,416344000.0,10074000.0,99533000.0,132648000.0,28127000.0,79.9558236470992,1.5482133948734322,12.749624743662924,0.7058095039983003,67.40269015593381,1.8889328485684875,5.273974015454224,78.06689079853071
PLTR,2023-09-30,USD,558159000.0,107922000.0,450237000.0,410254000.0,39983000.0,105708000.0,128173000.0,71505000.0,80.66464932035495,4.658017651790591,16.798987193437686,-1.4627327402340407,154.22192199665804,7.163371010769333,12.81086572105798,73.50127830958562
PLTR,2023-12-31,USD,608350000.0,108639000.0,499711000.0,433917000.0,65794000.0,109283000.0,127271000.0,93391000.0,82.1420235062053,8.992240562277054,19.60701815093271,5.767890136354548,30.607649814698277,10.815155749157556,15.351524615763951,71.32686775704775
PLTR,2024-03-31,USD,634338000.0,116256000.0,518082000.0,437201000.0,80881000.0,110040000.0,133984000.0,105530000.0,81.67286210190781,4.271882962110629,20.783493847893887,0.7568267664092465,12.998040496407581,12.750457957744924,16.63624124678011,68.9224041441629
PLTR,2024-06-30,USD,678134000.0,128562000.0,549572000.0,444233000.0,105339000.0,108781000.0,138643000.0,134126000.0,81.04179999823043,6.904205644309491,27.15401909183468,1.6084135214695205,27.097507817682164,15.533655590193089,19.778686808211944,65.50814440803735
PLTR,2024-09-30,USD,725516000.0,146639000.0,578877000.0,465737000.0,113140000.0,117555000.0,138708000.0,143525000.0,79.7883161777273,6.9871146410591445,29.983750150046838,4.840702964435328,7.007589878174247,15.59441831744579,19.782472061263984,64.19389786028151
PLTR,2024-12-31,USD,827519000.0,174533000.0,652986000.0,641943000.0,11043000.0,171502000.0,182146000.0,79009000.0,78.90888305887842,14.059372915276857,36.0267937864716,37.83379890367311,-44.951053823375716,1.3344708701552472,9.547696185827757,77.57441218872316
PLTR,2025-03-31,USD,883855000.0,172970000.0,710885000.0,534837000.0,176048000.0,134889000.0,163639000.0,214031000.0,80.4300479150992,6.807819518343394,39.335023284116666,-16.684658918315176,170.89445506208153,19.91819925213977,24.21562360341911,60.51184866295942
PLTR,2025-06-30,USD,1003697000.0,192934000.0,810763000.0,541446000.0,269317000.0,135043000.0,162615000.0,326727000.0,80.77766497259631,13.5590113763004,48.00865315704566,1.2357035881960243,52.65405478645617,26.832500246588364,32.552353947456254,53.945164726007945
PLTR,2025-09-30,USD,1181092000.0,207307000.0,973785000.0,580529000.0,393256000.0,144191000.0,161702000.0,475599000.0,82.44785334249998,17.674158635524464,62.79337740311723,7.218263686498738,45.56464571339376,33.29596678328191,40.26773528226421,49.15188655921808
TSLA,2007-03-31,USD,18250.0,2250.0,16000.0,-19999250.0,-19983250.0,15688250.0,4311000.0,-19539250.0,87.67123287671232,,,,,-109497.2602739726,-107064.38356164383,-109584.9315068493
TSLA,2007-12-31,USD,3685500.0,3970750.0,-285250.0,-19340750.0,-19626000.0,13428500.0,5912250.0,-20695500.0,-7.739791073124406,20094.520547945205,,-3.2926234733802517,5.917576160804527,-532.5193325193325,-561.5384615384615,-524.7795414462081
TSLA,2008-03-31,USD,3685500.0,3970750.0,-285250.0,-19340750.0,-19626000.0,13428500.0,5912250.0,-20695500.0,-7.739791073124406,0.0,,0.0,0.0,-532.5193325193325,-561.5384615384615,-524.7795414462081
TSLA,2008-09-30,USD,14162000.0,15864000.0,-1702000.0,21522000.0,-23224000.0,11826000.0,,-25498000.0,-12.018076542861177,284.2626509293176,,-211.2780011116425,23.20552777173781,-163.98813726874735,-180.04519135715293,151.97006072588616
TSLA,2008-12-31,USD,14162000.0,15864000.0,-1702000.0,21522000.0,-23224000.0,11826000.0,77363000.0,-25498000.0,-12.018076542861177,0.0,77500.0,0.0,0.0,-163.98813726874735,-180.04519135715293,151.97006072588616
TSLA,2009-03-31,USD,20886000.0,22932000.0,-2046000.0,14548000.0,-16594000.0,7941000.0,14548000.0,-16016000.0,-9.796035621947716,47.47916960881231,466.7073667073667,-32.40405166806058,-37.18723037100949,-79.45034951642248,-76.68294551374126,69.65431389447477
TSLA,2009-06-30,USD,26945000.0,24844000.0,2101000.0,10188000.0,-8087000.0,1941000.0,10188000.0,-10867000.0,7.797365002783447,29.009863066168727,631.1083977750644,-29.969755292823752,-32.1491008991009,-30.012989422898496,-40.33030246799035,37.81035442568195
TSLA,2009-09-30,USD,45527000.0,37828000.0,7699000.0,11990000.0,-4291000.0,1257000.0,11990000.0,-4615000.0,16.910844114481517,68.96270179996289,221.47295579720375,17.68747546132705,-57.53197754670103,-9.42517626902717,-10.13684187405276,26.336020383508686
TSLA,2009-12-31,USD,18585000.0,16804000.0,1781000.0,24706000.0,-22925000.0,8143000.0,24706000.0,-24242000.0,9.582997040624159,-59.17807015617107,31.231464482417735,106.05504587155963,425.28710725893825,-123.35216572504709,-130.43852569276297,132.93516276567124
TSLA,2010-03-31,USD,20812000.0,16960000.0,3852000.0,29850000.0,-25998000.0,13265000.0,29850000.0,-29519000.0,18.508552758024216,11.982781813290288,-0.35430431868237466,20.82085323403222,21.76800594010395,-124.9183163559485,-141.83644051508745,143.4268691139727
TSLA,2010-06-30,USD,28405000.0,22144000.0,6261000.0,37623000.0,-31362000.0,15416000.0,37623000.0,-38517000.0,22.041894032740714,36.48375936959447,5.4184449805158685,26.040201005025132,30.48206240048783,-110.41013906002463,-135.59936630874847,132.45203309276536
TSLA,2010-09-30,USD,31241000.0,21945000.0,9296000.0,47130000.0,-37834000.0,26698000.0,20432000.0,-34935000.0,29.755769661662555,9.984157718711483,-31.379181584554217,25.269117295271503,-9.299789703247917,-121.10367785922345,-111.8242053711469,150.85944752088602
TSLA,2010-12-31,USD,36286000.0,24965000.0,11321000.0,62966000.0,-51645000.0,37617000.0,25349000.0,-51358000.0,31.19936063495563,16.148650811433683,95.24347592144203,33.600678973053256,47.01016172892514,-142.32761946756324,-141.5366808135369,173.52698010251888
TSLA,2011-03-31,USD,49030000.0,31002000.0,18028000.0,65374000.0,-47346000.0,41162000.0,24212000.0,-48941000.0,36.769324903120534,35.1209832993441,135.58523928502785,3.8242861226693847,-4.706180147202,-96.56536814195391,-99.8184784825617,133.33469304507443
TSLA,2011-06-30,USD,58171000.0,39663000.0,18508000.0,77247000.0,-58739000.0,52531000.0,24716000.0,-58903000.0,31.816540888071376,18.64368753824188,104.79140996303467,18.161654480374455,20.35512147279377,-100.9764315552423,-101.25835897612212,132.79297244331366
TSLA,2011-09-30,USD,57666000.0,40442000.0,17224000.0,81701000.0,-64477000.0,54083000.0,27618000.0,-65078000.0,29.868553393680852,-0.8681301679531073,84.58436029576517,5.765919712092371,10.483337011697191,-111.81111920369023,-112.85332778413624,141.67967259737105
TSLA,2011-12-31,USD,39375000.0,31540000.0,7835000.0,88762000.0,-80927000.0,61205000.0,27557000.0,-81489000.0,19.8984126984127,-31.71886380189366,8.512925095077994,8.642489076021098,25.21743139002428,-205.52888888888887,-206.95619047619047,225.42730158730157
TSLA,2012-03-31,USD,30167000.0,19957000.0,10210000.0,98973000.0,-88763000.0,68391000.0,30582000.0,-89873000.0,33.844929890277456,-23.38539682539682,-38.472363858861925,11.503796669746059,10.288505197020449,-294.23873769350615,-297.91825504690553,328.0836675837836
TSLA,2012-06-30,USD,26653000.0,21891000.0,4762000.0,110937000.0,-106175000.0,74854000.0,36083000.0,-105603000.0,17.86665666153904,-11.648490071932905,-54.18163689811074,12.088145251735316,17.502475715732203,-398.36040970997635,-396.2143098337898,416.22706637151543
TSLA,2012-09-30,USD,50104000.0,58865000.0,-8761000.0,99699000.0,-108460000.0,61901000.0,37798000.0,-110804000.0,-17.485629889829156,87.98634300078791,-13.11344639822426,-10.13007382568485,4.925049477761045,-216.46974293469583,-221.1480121347597,198.98411304486666
TSLA,2012-12-31,USD,306332000.0,282475000.0,23857000.0,114740000.0,-90883000.0,68832000.0,45908000.0,-89931000.0,7.787955551493152,511.39230400766405,677.9860317460318,15.086410094384096,-18.837767589617705,-29.668137837379057,-29.357363905827665,37.456093388872205
TSLA,2013-03-31,USD,561792000.0,465472000.0,96320000.0,101904000.0,11517000.0,54859000.0,47045000.0,11248000.0,17.145135566188195,83.39318125432538,1762.2733450459111,-11.187031549590376,-112.50736675895965,2.050046992481203,2.002164502164502,18.139097744360903
TSLA,2013-06-30,USD,405139000.0,304656000.0,100483000.0,112275000.0,-10085000.0,52312000.0,59963000.0,-30502000.0,24.80210495657046,-27.884519537480067,1420.0502757663303,10.177225624116826,-371.17709815078234,-2.489269115044466,-7.5287740750705305,27.712710946119728
TSLA,2013-09-30,USD,431346000.0,328478000.0,102868000.0,133422000.0,-30554000.0,56351000.0,77071000.0,-38496000.0,23.848140471918136,6.468644094989617,760.9013252434936,18.83500334001336,26.208117500491767,-7.083408678879601,-8.92462199719019,30.93154915079774
TSLA,2013-12-31,USD,615219000.0,458630000.0,156589000.0,169942000.0,-8677000.0,68453000.0,101489000.0,-16264000.0,25.45256242086151,42.62772808835598,100.83406238982539,27.371797754493254,-57.75145469659185,-1.410392071766314,-2.643611461934693,27.62300904230851
TSLA,2014-03-31,USD,620542000.0,465414000.0,155128000.0,199095000.0,-37108000.0,81544000.0,117551000.0,-49800000.0,24.998791379149196,0.8652203524273538,10.457607085896559,17.154676301326344,206.19773733398915,-5.979933670887708,-8.025242449342672,32.08404910545942
TSLA,2014-06-30,USD,769349000.0,556354000.0,212995000.0,241748000.0,-29512000.0,107717000.0,134031000.0,-61900000.0,27.6850948009291,23.98016572609105,89.89754133766436,21.423441070845573,24.297188755020073,-3.8359704113477755,-8.045763366170618,31.422410375525285
TSLA,2014-09-30,USD,851804000.0,599953000.0,251851000.0,290980000.0,-41919000.0,135873000.0,155107000.0,-74708000.0,29.566778272936027,10.717502719831963,97.47580828383711,20.365008190346966,20.69143780290792,-4.92120253015952,-8.770562242018116,34.160440664753864
TSLA,2014-12-31,USD,956661000.0,694964000.0,261697000.0,336535000.0,-74838000.0,139565000.0,196970000.0,-107629000.0,27.355249142590736,12.309991500392115,55.49926123868085,15.655715169427452,44.066231193446484,-7.822833793789022,-11.250484758968955,35.17808293637976
TSLA,2015-03-31,USD,939880000.0,679807000.0,260073000.0,362519000.0,-102446000.0,167154000.0,195365000.0,-154181000.0,27.670872877388604,-1.7541218885268606,51.4611420338994,7.721039416405429,43.25228330654378,-10.899902115163638,-16.404328212112183,38.570774992552245
TSLA,2015-06-30,USD,954976000.0,741606000.0,213370000.0,383558000.0,-170188000.0,181712000.0,201846000.0,-184227000.0,22.34296987568274,1.6061624888283665,24.127801556900707,5.80355788248339,19.48748548783572,-17.821180846429648,-19.291270147103173,40.16415072211239
TSLA,2015-09-30,USD,936789000.0,705293000.0,231496000.0,415158000.0,-183662000.0,178791000.0,236367000.0,-229858000.0,24.711647980495073,-1.9044457661763214,9.977060450526176,8.238649695743527,24.768899238439523,-19.605482130981468,-24.536795372277002,44.317130111476544
TSLA,2015-12-31,USD,1214380000.0,995816000.0,218564000.0,478897000.0,-260333000.0,190243000.0,288654000.0,-320397000.0,17.997990744248092,29.632179711760067,26.939427864206866,15.352949961219586,39.38910109719913,-21.437523674632324,-26.383586686210247,39.435514418880416
TSLA,2016-03-31,USD,1147048000.0,894580000.0,252468000.0,500692000.0,-248224000.0,182482000.0,318210000.0,-282267000.0,22.010238455583377,-5.544557716694943,22.041962803762182,4.551083009498913,-11.90086049494845,-21.640245220775416,-24.60812450743125,43.65048367635879
TSLA,2016-06-30,USD,1270017000.0,995241000.0,274776000.0,512816000.0,-238040000.0,191664000.0,321152000.0,-293188000.0,21.63561590120447,10.720475516281791,32.989415440806894,2.421448714978469,3.8690318032217785,-18.74305619531077,-23.085360274704982,40.378672096515245
TSLA,2016-09-30,USD,2298436000.0,1661701000.0,636735000.0,551113000.0,85622000.0,214302000.0,336811000.0,21878000.0,27.70296845333087,80.97679007446357,145.35258206490468,7.467980718230316,-107.4621062253571,3.7252288077631923,0.9518646592726532,23.97773964556768
TSLA,2016-12-31,USD,2284631000.0,1849353000.0,435278000.0,701976000.0,-143295000.0,245960000.0,456016000.0,-219469000.0,19.05244216680943,-0.6006258168598122,88.13147449727433,27.37424085441642,-1103.1492823841302,-6.2721288470654555,-9.606321546017716,30.726012209411497
TSLA,2017-03-31,USD,2696270000.0,2028324000.0,667946000.0,925495000.0,-272557000.0,322040000.0,603455000.0,-330277000.0,24.772964131930408,18.01774553527462,135.06165391509336,31.84140198525305,50.48913513981474,-10.108668642235385,-12.249403805998657,34.3250119609683
TSLA,2017-06-30,USD,2789557000.0,2122942000.0,666615000.0,907531000.0,-277339000.0,369774000.0,537757000.0,-336397000.0,23.896805119952738,3.45985379802467,119.64721732071304,-1.941015348543207,1.8529900659143728,-9.942044561197351,-12.059154912410824,32.533158490756776
TSLA,2017-09-30,USD,2984675000.0,2535535000.0,449140000.0,984620000.0,-535480000.0,331622000.0,652998000.0,-619376000.0,15.04820457838793,6.994587312609135,29.856780871862433,8.494365481730103,84.12054804293736,-17.94098184894503,-20.751874157152788,32.98918642733296
TSLA,2017-12-31,USD,3288249000.0,2849463000.0,438786000.0,1036927000.0,-598141000.0,354637000.0,682290000.0,-770807000.0,13.344062447825575,10.171090654761406,43.92910715122049,5.312404785602576,24.448961535480862,-18.19025870607731,-23.44126007489092,31.534321153902884
TSLA,2018-03-31,USD,3408751000.0,2952225000.0,456526000.0,1053500000.0,-596974000.0,367096000.0,686404000.0,-709551000.0,13.392764681257152,3.6646251546035513,26.424690405634443,1.5982803032421833,-7.946995810883917,-17.51298349454096,-20.815571451244168,30.905748175798113
TSLA,2018-06-30,USD,4002231000.0,3383301000.0,618930000.0,1136888000.0,-461983000.0,386129000.0,750759000.0,-742706000.0,15.464624605626213,17.41048260785256,43.47192045188537,7.915329852871378,4.672673282117845,-11.543136815441187,-18.557299666111227,28.40635635474314
TSLA,2018-09-30,USD,6824413000.0,5300748000.0,1523665000.0,1080724000.0,416757000.0,350848000.0,729876000.0,311516000.0,22.326682162993357,70.51522013596916,128.64844581068292,-4.940152416069132,-141.94338001847296,6.106854904590329,4.56472959652354,15.836145907347635
TSLA,2018-12-31,USD,7225873000.0,5782973000.0,1442900000.0,1023749000.0,251776000.0,356297000.0,667452000.0,210078000.0,19.968521450626103,5.882703757817698,119.74835239058841,-5.271928818088611,-32.562693409006286,3.4843679095937614,2.907302688547114,14.167824427581277
TSLA,2019-03-31,USD,4541464000.0,3975721000.0,565743000.0,1044103000.0,-443848000.0,340174000.0,703929000.0,-667645000.0,12.457282497450162,-37.14996098049329,33.22956120878293,1.9881826502394562,-417.80814744999475,-9.773236119453992,-14.701096386539673,22.990449775667056
TSLA,2019-06-30,USD,6349676000.0,5428630000.0,921046000.0,971159000.0,-80507000.0,323898000.0,647261000.0,-389262000.0,14.505401535448422,39.81561892816943,58.653411059981295,-6.986283920264569,-41.69626073736791,-1.2678914640684027,-6.130423032608278,15.294622906743587
TSLA,2019-09-30,USD,6303000000.0,5112000000.0,1191000000.0,930000000.0,361000000.0,334000000.0,596000000.0,143000000.0,18.89576392194193,-0.735092625198519,-7.640408046816627,-4.238131963972947,-136.73618282801817,5.727431381881644,2.2687609075043627,14.75487862922418
TSLA,2019-12-31,USD,7384000000.0,5993000000.0,1391000000.0,1044000000.0,359000000.0,345000000.0,699000000.0,105000000.0,18.838028169014084,17.15056322386166,2.1883445778800636,12.25806451612903,-26.573426573426573,4.861863488624052,1.4219934994582881,14.138678223185266
TSLA,2020-03-31,USD,5985000000.0,4751000000.0,1234000000.0,951000000.0,239000000.0,324000000.0,627000000.0,68000000.0,20.618212197159565,-18.946370530877576,31.785697299373062,-8.908045977011492,-35.238095238095234,3.9933166248955723,1.136173767752715,15.889724310776943
TSLA,2020-06-30,USD,6036000000.0,4769000000.0,1267000000.0,940000000.0,327000000.0,279000000.0,661000000.0,104000000.0,20.990722332670643,0.8521303258145263,-4.940031585863592,-1.1566771819137789,52.941176470588225,5.417495029821073,1.7229953611663356,15.573227302849569
TSLA,2020-09-30,USD,8771000000.0,6708000000.0,2063000000.0,1254000000.0,809000000.0,366000000.0,888000000.0,331000000.0,23.520693193478508,45.31146454605699,39.155957480564815,33.404255319148945,218.26923076923075,9.223577699236118,3.773800022802417,14.29711549424239
TSLA,2020-12-31,USD,10744000000.0,8678000000.0,2066000000.0,1491000000.0,575000000.0,522000000.0,969000000.0,239000000.0,19.22933730454207,22.49458442594916,45.503791982665234,18.899521531100483,-27.794561933534744,5.351824274013403,2.2244973938942665,13.877513030528668
TSLA,2021-03-31,USD,10389000000.0,8174000000.0,2215000000.0,1722000000.0,594000000.0,666000000.0,1056000000.0,438000000.0,21.320627586870728,-3.304169769173493,73.58395989974937,15.492957746478876,83.26359832635984,5.717585908172105,4.215997689864279,16.57522379439792
TSLA,2021-06-30,USD,11958000000.0,9074000000.0,2884000000.0,1549000000.0,1312000000.0,576000000.0,973000000.0,1142000000.0,24.11774544238167,15.102512272596025,98.11133200795229,-10.046457607433211,160.73059360730593,10.971734403746446,9.55009198862686,12.953671182471984
TSLA,2021-09-30,USD,13757000000.0,10097000000.0,3660000000.0,1605000000.0,2004000000.0,611000000.0,994000000.0,1618000000.0,26.604637639020133,15.044321792941972,56.84642572112644,3.6152356358941207,41.681260945709276,14.567129461365122,11.761285163916552,11.666787817111288
TSLA,2021-12-31,USD,17719000000.0,12872000000.0,4847000000.0,2234000000.0,2567000000.0,740000000.0,1494000000.0,2343000000.0,27.354816863254133,28.799883695573158,64.91995532390172,39.19003115264799,44.808405438813345,14.487273548168634,13.223093854054968,12.607934985044302
TSLA,2022-03-31,USD,18756000000.0,13296000000.0,5460000000.0,1857000000.0,3603000000.0,865000000.0,992000000.0,3280000000.0,29.110684580934098,5.852474744624425,80.5371065550101,-16.87555953446732,39.991463935125914,19.209852847088932,17.487737257410963,9.90083173384517
TSLA,2022-06-30,USD,16934000000.0,12700000000.0,4234000000.0,1628000000.0,2464000000.0,667000000.0,961000000.0,2259000000.0,25.002952639659853,-9.71422478140328,41.61230975079444,-12.33171782444803,-31.128048780487806,14.550608243769931,13.340025983229006,9.613794732490847
TSLA,2022-09-30,USD,21454000000.0,16072000000.0,5382000000.0,1694000000.0,3688000000.0,733000000.0,961000000.0,3292000000.0,25.08623100587303,26.69186252509743,55.949698335392895,4.054054054054057,45.72819831783974,17.19026754917498,15.344457909946863,7.895963456698052
TSLA,2022-12-31,USD,24318000000.0,18541000000.0,5777000000.0,1842000000.0,3901000000.0,810000000.0,4311000.0,3687000000.0,23.756065465910027,13.349491936235669,37.24250804221456,8.736717827626928,11.998784933171326,16.041615264413192,15.161608684924746,7.574636072045399
TSLA,2023-03-31,USD,23329000000.0,18818000000.0,4511000000.0,1847000000.0,2664000000.0,771000000.0,1076000000.0,2513000000.0,19.336448197522397,-4.066946294925566,24.381531243335463,0.2714440825190012,-31.841605641442904,11.419263577521539,10.772000514381244,7.917184620000857
TSLA,2023-06-30,USD,24927000000.0,20394000000.0,4533000000.0,2134000000.0,2399000000.0,943000000.0,1191000000.0,2703000000.0,18.18510049344085,6.849843542372147,47.20089760245661,15.538711423930707,7.560684440907273,9.624102378946525,10.843663497412443,8.560998114494325
TSLA,2023-09-30,USD,23350000000.0,19172000000.0,4178000000.0,2414000000.0,1764000000.0,1161000000.0,1253000000.0,1853000000.0,17.892933618843685,-6.326473302041958,8.837512818122484,13.120899718837853,-31.44654088050315,7.554603854389722,7.935760171306209,10.338329764453961
TSLA,2023-12-31,USD,25167000000.0,20729000000.0,4438000000.0,2374000000.0,2064000000.0,1094000000.0,1280000000.0,7930000000.0,17.634203520483172,7.7815845824411145,3.4912410560078877,-1.65700082850041,327.95466810577443,8.201215877935391,31.50951643024596,9.432987642547781
TSLA,2024-03-31,USD,21301000000.0,17605000000.0,3696000000.0,2525000000.0,1171000000.0,1151000000.0,1374000000.0,1390000000.0,17.35129806112389,-15.361385941908058,-8.69304299369883,6.36057287278855,-82.47162673392181,5.497394488521666,6.525515234026572,11.853903572602226
TSLA,2024-06-30,USD,25500000000.0,20922000000.0,4578000000.0,2973000000.0,1605000000.0,1074000000.0,1277000000.0,1400000000.0,17.95294117647059,19.712689545091777,2.2987122397400306,17.742574257425737,0.7194244604316502,6.294117647058823,5.490196078431373,11.658823529411764
TSLA,2024-09-30,USD,25182000000.0,20185000000.0,4997000000.0,2280000000.0,2717000000.0,1039000000.0,1186000000.0,2167000000.0,19.843539035819234,-1.2470588235294122,7.845824411134905,-23.309788092835515,54.785714285714285,10.789452783734413,8.605353029942021,9.054086252084822
TSLA,2024-12-31,USD,25707000000.0,21528000000.0,4179000000.0,2596000000.0,1583000000.0,1276000000.0,1313000000.0,2356000000.0,16.256272610572996,2.0848224922563663,2.1456669448086885,13.859649122807017,8.7217351176742,6.157855836931575,9.164818920916481,10.098416773641421
TSLA,2025-03-31,USD,19335000000.0,16182000000.0,3153000000.0,2754000000.0,399000000.0,1409000000.0,1251000000.0,409000000.0,16.30721489526765,-24.787022989847117,-9.229613633162758,6.086286594761181,-82.64006791171477,2.0636152055857253,2.1153348849237132,14.243599689681924
TSLA,2025-06-30,USD,22496000000.0,18618000000.0,3878000000.0,2955000000.0,923000000.0,1589000000.0,1366000000.0,1172000000.0,17.238620199146514,16.348590638738038,-11.78039215686274,7.298474945533773,186.55256723716383,4.102951635846373,5.209815078236131,13.135668563300143
TSLA,2025-09-30,USD,28095000000.0,23041000000.0,5054000000.0,3430000000.0,1624000000.0,1630000000.0,1562000000.0,1373000000.0,17.98896600818651,24.888869132290182,11.567786514176802,16.074450084602375,17.150170648464158,5.7803879693895714,4.886990567716676,12.208578038796938
TSM,2005-09-30,TWD,64105103946.73,35596738313.92,28508365632.81,40693738914.15,23411365032.58,3039756076.0,2057211339.12,22906420398.82,44.47128836496366,,,,,36.52028245993385,35.73260004048157,63.47971754006615
TSM,2005-12-31,TWD,83533993570.33,40521862445.71,43012131124.62,51211716935.05,32322276635.28,4063744725.2,6626142949.25,34049431719.98,51.49057202491664,30.30786696757406,,25.846673963995713,48.64579941846357,38.69356085324331,40.761168315642266,61.30643914675669
TSM,2006-03-31,TWD,83533993570.33,40521862445.71,43012131124.62,51211749820.05,32322243750.28,4063744725.2,4400000.0,34049431719.98,51.49057202491664,0.0,,6.421382052756996e-05,0.0,38.693521486036516,40.761168315642266,61.30647851396349
TSM,2006-06-30,TWD,80137089849.96,39947764146.73,40189325703.23,46961220226.47,33175869623.49,3927304543.14,3086183960.97,33368016440.11,50.15071769947741,-4.066492663863885,,-8.299910876929006,-2.001253017888549,41.39889492568909,41.63866756652214,58.6011050743109
TSM,2006-09-30,TWD,81392921645.49,42147291588.22,39245630057.27,48372135891.17,33020785754.32,3948960595.58,2275850607.94,32476498727.4,48.21749762000908,1.5671043182142963,26.967927098481614,3.0044271803327804,-2.671773176299297,40.56960370355459,39.90088827238889,59.430396296445394
TSM,2006-12-31,TWD,11308579547.19,38465499652.27,-27156920105.08,49097831080.61,-37789251533.42,4872358705.53,5760005822.24,27931461857.77,-240.14439648901848,-86.10618796012146,-86.46230227497871,1.5002339178751711,-13.994848729784447,-334.1644401556164,246.99354805096206,434.1644401556164
TSM,2007-03-31,TWD,11308579547.19,38465499652.27,-27156920105.08,-17100995819.96,28409575367.15,4872358705.53,3400000.0,27931461857.77,-240.14439648901848,0.0,-86.46230227497871,-134.83045064023943,0.0,251.22143102587384,246.99354805096206,-151.2214310258738
TSM,2007-06-30,TWD,75038872956.76,42806700617.48,32232172339.28,50264779899.32,24774093057.44,4308133852.68,3149912589.52,25524577350.36,42.953966483283004,563.5570156590175,-6.361869270203546,-393.92896430424116,-8.617108977919285,33.015012194700326,34.01513954649632,66.98498780529968
TSM,2007-09-30,TWD,88003773000.0,47717601360.0,40286171640.0,55996474820.0,32007298180.0,4628346580.0,3650526880.0,30051658780.0,45.77777777777778,17.27757831692225,8.122145293301797,11.403004115725857,17.73616607828434,36.37037037037037,34.14814814814815,63.629629629629626
TSM,2007-12-31,TWD,96640339245.0,50632338023.0,46008001222.0,58999168665.0,37641170580.0,5170875302.0,3195955340.0,35388625685.0,47.60745003736147,9.81385905465666,754.5754030532823,5.3622908489366905,17.75930887566133,38.94975004648226,36.61889637543977,61.05024995351774
TSM,2008-03-31,TWD,96640339245.0,50632338023.0,46008001222.0,58999168665.0,37641170580.0,5170875302.0,2700000.0,35388625685.0,47.60745003736147,0.0,754.5754030532823,0.0,0.0,38.94975004648226,36.61889637543977,61.05024995351774
TSM,2008-06-30,TWD,85482402066.62,46183737863.0,39298664203.62,54660773267.4,30821628799.22,4956318086.96,3453722816.96,28732960663.0,45.972812243849816,-11.545838172290246,13.917491958971627,-7.353316149645439,-18.807356581866653,36.056109858961875,33.61272024224028,63.94389014103814
TSM,2008-09-30,TWD,92736246290.0,49754999690.0,42981246600.0,59904738426.0,32831507864.0,5965156122.0,4184582614.0,30493841546.0,46.347839512062265,8.485774905724774,5.377579993075976,9.593653446771722,6.128435226890905,35.4031019989002,32.882333247176334,64.5968980010998
TSM,2008-12-31,TWD,66169450938.0,45271021743.0,20898429195.0,53621919797.0,12547531141.0,4928172161.0,3422725893.0,12947547209.0,31.583198740127955,-28.647693231966375,-31.530195925483063,-10.488016130412003,-57.54045225994695,18.962725189841592,19.567258040469007,81.03727481015841
TSM,2009-03-31,TWD,66169450938.0,45271021743.0,20898429195.0,53621919797.0,12547531141.0,4928172161.0,1594563000.0,12947547209.0,31.583198740127955,0.0,-31.530195925483063,0.0,0.0,18.962725189841592,19.567258040469007,81.03727481015841
TSM,2009-06-30,TWD,74211714000.0,39916000000.0,34295714000.0,49085139000.0,25126575000.0,5096000000.0,2881000000.0,24442000000.0,46.21334308489358,12.154042308036539,-13.184805052432058,-8.46068326940771,88.77706800721347,33.85796344765733,32.935501260623084,66.14203655234266
TSM,2009-09-30,TWD,89935791000.0,47077880000.0,42857911000.0,57951779000.0,31984012000.0,6201333000.0,3540976000.0,30550787000.0,47.65389899111467,21.188133452893965,-3.0198066042511185,18.063797272734618,24.99299157188446,35.563163057074796,33.9695539009603,64.4368369429252
TSM,2009-12-31,TWD,92094409000.0,47399720000.0,44694689000.0,58452521000.0,33641888000.0,6567067000.0,3268524000.0,32666013000.0,48.53138153044665,2.400176810587018,39.179648152576306,0.8640666579019074,6.923638333768611,36.529783257526525,35.47013695478517,63.470216742473475
TSM,2010-03-31,TWD,92186686000.0,47399720000.0,44786966000.0,58544798000.0,33641888000.0,6567067000.0,3268524000.0,32666013000.0,48.582900571998,0.10019826502172258,39.31910374528851,0.15786658714000978,0.0,36.493217686554004,35.43463206823597,63.506782313445996
TSM,2010-06-30,TWD,104962317000.0,53036208000.0,51926109000.0,64493624000.0,40468693000.0,7190051000.0,2931179000.0,40281916000.0,49.471191646807874,13.85843396084332,41.43631960851894,10.16115214882114,23.314455302518855,38.55544938094307,38.377502661264614,61.44455061905694
TSM,2010-09-30,TWD,112246699000.0,56121924000.0,56124775000.0,69181197000.0,43065502000.0,8034839000.0,3575355000.0,46939527000.0,50.0012699705316,6.9399973325665165,24.80759634392942,7.268273527317981,16.527543029482516,38.3668316161351,41.81818032795779,61.6331683838649
TSM,2010-12-31,TWD,110142198000.0,55324973000.0,54817225000.0,68628755000.0,41513443000.0,8071970000.0,3825487000.0,40720440000.0,49.7695034195704,-1.8748889889403375,19.597051760221397,-0.7985435695771481,-13.249147142023821,37.69077043477923,36.97078934270042,62.30922956522077
TSM,2011-03-31,TWD,105377495000.0,55324973000.0,50052522000.0,63864052000.0,41513443000.0,8071970000.0,3825487000.0,40720440000.0,47.49830312440052,-4.325955979197005,14.308800513774834,-6.942721021239562,0.0,39.394979924318754,38.642444480199494,60.605020075681246
TSM,2011-06-30,TWD,110508367000.0,59652408000.0,50855959000.0,72642060000.0,37866307000.0,8493049000.0,3438514000.0,35950334000.0,46.02000769769768,4.8690396369737154,5.2838486787596395,13.74483410479499,-11.714279118791449,34.26555656188459,32.53177562564109,65.73444343811542
TSM,2011-09-30,TWD,106483616000.0,61712954000.0,44770662000.0,74885542000.0,31598074000.0,8619323000.0,3472255000.0,30394524000.0,42.04464844619852,-3.642032824537167,-5.134300653242374,3.088406358520124,-15.454126239828536,29.674118129121386,28.54385035158836,70.32588187087862
TSM,2011-12-31,TWD,104711122000.0,57939255000.0,46771867000.0,71781083000.0,32930039000.0,8753900000.0,3910503000.0,31578669000.0,44.66752538474375,-1.664569693050244,-4.930967511652529,-4.145605302556266,3.8959155932167144,31.448463516607145,30.1578938290815,68.55153648339285
TSM,2012-03-31,TWD,105581704000.0,57939255000.0,47642449000.0,72651665000.0,32930039000.0,8753900000.0,3910503000.0,31578669000.0,45.12377352803475,0.8314131138810632,0.1937880569280903,1.2128292909707072,0.0,31.189152810036102,29.909224613385664,68.8108471899639
TSM,2012-06-30,TWD,127972352000.0,57939255000.0,70033097000.0,81100264000.0,46872088000.0,10068390000.0,4364938000.0,41843339000.0,54.72517766962663,21.206939414427328,15.803314693809556,11.628913115755847,32.50507486556828,36.62673012370672,32.69717118272547,63.37326987629328
TSM,2012-09-30,TWD,141509634000.0,72344501000.0,69165133000.0,88711656000.0,52797978000.0,10656855000.0,4478517000.0,49379633000.0,48.87662489466972,10.57828647237804,32.893340136007396,9.385163037200472,18.01073762301808,37.310518377851224,34.894891325914955,62.689481622148776
TSM,2012-12-31,TWD,131279646000.0,69331327000.0,61948319000.0,85024964000.0,46254682000.0,10504785000.0,4132621000.0,41569266000.0,47.18806066859747,-7.229181300829312,25.373163320702453,-4.1558146541645025,-15.816980656782121,35.23370408844643,31.66466947968461,64.76629591155357
TSM,2013-03-31,TWD,132764329000.0,69331327000.0,63433002000.0,86509647000.0,46254682000.0,10504785000.0,4132621000.0,41569266000.0,47.778648435002445,1.1309315992518831,25.745582776349195,1.746173041602228,0.0,34.83969101369088,31.31056836810436,65.16030898630912
TSM,2013-06-30,TWD,155889706000.0,79467520000.0,76422186000.0,98260624000.0,57629082000.0,11941871000.0,5685570000.0,51807725000.0,49.02324082899996,17.41836619382906,21.8151448837949,13.583429602943585,24.629876794071848,36.967855978893176,33.233576692998575,63.03214402110682
TSM,2013-09-30,TWD,162527275000.0,83636464000.0,78890811000.0,102909221000.0,59618054000.0,13357075000.0,4738276000.0,51951943000.0,48.5400441249015,4.257862286301317,14.852445311249983,4.7308848761229205,0.2783716134997283,36.68187631891324,31.965061248950366,63.31812368108676
TSM,2013-12-31,TWD,145827783000.0,80549790000.0,65277993000.0,97466321000.0,48361462000.0,12002069000.0,3762434000.0,40641056000.0,44.763756025832194,-10.27488586146541,11.081791765343429,-5.289030416428863,-21.77182670530725,33.163407551769474,27.869213372049963,66.83659244823052
TSM,2014-03-31,TWD,148232951000.0,80549790000.0,67683161000.0,99839196000.0,48393755000.0,12002069000.0,3762434000.0,40641056000.0,45.659997013754385,1.649320829351164,11.651188324839868,2.434558907789297,0.0,32.647096798336015,27.41701877067805,67.35290320166398
TSM,2014-06-30,TWD,183016115000.0,91823190000.0,91192925000.0,112302196000.0,70713919000.0,13609070000.0,5407864000.0,59702284000.0,49.82781161101578,23.46520376565937,17.401026466750793,12.48307328115903,46.90140925472015,38.638083318509956,32.62132626954736,61.361916681490044
TSM,2014-09-30,TWD,209046528000.0,103468164000.0,105578364000.0,124614544000.0,84431984000.0,15206014000.0,4611885000.0,76335237000.0,50.504720174065746,14.223016918482845,28.62242845085541,10.96358614394326,27.859826937274292,40.38908696919377,36.515907597374685,59.61091303080623
TSM,2014-12-31,TWD,222536168000.0,111985553000.0,110550615000.0,133384631000.0,89151537000.0,15947094000.0,4257980000.0,70393134000.0,49.677594430402884,6.452936640019202,52.60203743205778,7.037771610350707,-7.784220280864529,40.06159439215292,31.63222168901551,59.93840560784708
TSM,2015-03-31,TWD,222034144000.0,111985553000.0,110048591000.0,133832107000.0,88202037000.0,15947094000.0,4257980000.0,70393134000.0,49.563814383431044,-0.22559209341647124,49.78730606260413,0.3354779307370048,0.0,39.72453759183993,31.703742826148396,60.275462408160074
TSM,2015-06-30,TWD,205440763000.0,105735807000.0,99704956000.0,128371705000.0,77069058000.0,16612213000.0,4463580000.0,79417514000.0,48.53221655918402,-7.473346531783864,12.252827025641988,-4.080038880356263,12.819971902373318,37.51400494944618,38.65713543908518,62.485995050553825
TSM,2015-09-30,TWD,212524180000.0,110188424000.0,102335756000.0,134135256000.0,78388924000.0,16486365000.0,4296668000.0,75329224000.0,48.15252363284027,3.4479121361129295,1.6635779762866898,4.489736270153921,-5.147844340733199,36.88470836589041,35.445013362714775,63.11529163410958
TSM,2015-12-31,TWD,203532960000.0,104608036000.0,98924924000.0,123887165000.0,79645795000.0,15664559000.0,4130899000.0,69114251000.0,48.60388410800884,-4.230680951221643,-8.539379540318137,-7.640117375255917,-8.250414208435231,39.13164482057353,33.957276993367564,60.86835517942647
TSM,2016-03-31,TWD,203495361000.0,104608036000.0,98887325000.0,125531666000.0,77963695000.0,15664559000.0,4130899000.0,69114251000.0,48.59438785928884,-0.01847317505725421,-8.349518982089531,1.3274183810728202,0.0,38.31227140357269,33.963551139625245,61.68772859642731
TSM,2016-06-30,TWD,221802837000.0,107468601000.0,114334236000.0,130481836000.0,91321001000.0,16903540000.0,4667198000.0,72506321000.0,51.54768872500941,8.99650778771315,7.964375599598017,3.943363581265613,4.907916892566777,41.172151914359866,32.68953723977841,58.827848085640134
TSM,2016-09-30,TWD,260417602000.0,128366813000.0,132050789000.0,154155480000.0,106262122000.0,18724320000.0,5584814000.0,96759056000.0,50.70732085152984,17.409500041696944,22.535516664503774,18.143248689419124,33.449131972921364,40.80450829126366,37.15534405389387,59.195491708736334
TSM,2016-12-31,TWD,262226289000.0,125116792000.0,137109497000.0,152365426000.0,109860863000.0,19960877000.0,5698653000.0,97666830000.0,52.28670913311822,0.6945333134585896,28.837260068344705,-1.161200367317461,0.9381798846818112,41.89544206988339,37.24524736724623,58.104557930116606
TSM,2017-03-31,TWD,233937607000.0,125116792000.0,108820815000.0,124030244000.0,109907363000.0,19960877000.0,5698653000.0,97666830000.0,46.51702494332174,-10.787889386635829,14.959675665530291,-18.596858056236453,0.0,46.98148553772288,41.749093381125334,53.01851446227711
TSM,2017-06-30,TWD,213810623000.0,110000000000.0,103810623000.0,130555222000.0,83255401000.0,19057456000.0,4927159000.0,66271019000.0,48.552603020103454,-8.603569241434538,-3.6032965619822055,5.260795907165994,-32.14582781073165,38.93885150879524,30.99519475232061,61.06114849120476
TSM,2017-09-30,TWD,252110812000.0,126230664000.0,125880148000.0,154054379000.0,98056433000.0,21045439000.0,5003679000.0,89925437000.0,49.9304837429979,17.91313661716425,-3.189795903273851,17.99940028442524,35.69345749761295,38.89417999256612,35.6690124817019,61.10582000743388
TSM,2017-12-31,TWD,277602795000.0,138854833000.0,138747962000.0,168707819000.0,108894976000.0,21217212000.0,6018259000.0,101172946000.0,49.98075109438289,10.111419973531333,5.8638308381048665,9.511862041909236,12.507594486307582,39.226901876114034,36.44521878823302,60.77309812388596
TSM,2018-03-31,TWD,248078671000.0,51606100000.0,196472571000.0,139183695000.0,108894976000.0,21217212000.0,6018259000.0,101172946000.0,79.19768765610648,-10.635384272697978,6.044801509831643,-17.500151548992527,0.0,43.895339958508565,40.78260561142719,56.10466004149144
TSM,2018-06-30,TWD,233219641000.0,121688707000.0,111530934000.0,148791495000.0,84428146000.0,19891553000.0,5070594000.0,72290539000.0,47.82227325356358,-5.989644309244147,9.077667763963259,6.9029637415503275,-28.547559542251545,36.20113024700179,30.996762832680975,63.7988697529982
TSM,2018-09-30,TWD,260333679000.0,136967039000.0,123366640000.0,165088498000.0,95245181000.0,21886199000.0,4656730000.0,89071628000.0,47.387890984324,11.625966785533294,3.2616082328115414,10.952913000840535,23.213395877432873,36.58580840014941,34.214408347834244,63.41419159985059
TSM,2018-12-31,TWD,289771000000.0,149131777000.0,140639223000.0,182647000000.0,107124000000.0,23689000000.0,5686868000.0,99984000000.0,48.53460939845603,11.30753466592389,4.3833150166949775,10.635811829846563,12.251232233006903,36.968502714212256,34.50448802675216,63.031497285787744
TSM,2019-03-31,TWD,218709901000.0,128352344000.0,90357557000.0,111585901000.0,107124000000.0,23689000000.0,5686868000.0,99984000000.0,41.313885007885396,-24.523192106870596,-11.83849054076882,-38.90625030797111,0.0,48.97994992919868,45.71535149659274,51.020050070801325
TSM,2019-06-30,TWD,241055305000.0,137325245000.0,103730060000.0,164751252000.0,76304053000.0,21393728000.0,4288263000.0,66764850000.0,43.03164371346235,10.216914688283829,3.3597787760937248,47.64522267020097,-33.22446591454633,31.65416873941024,27.696901339715378,68.34583126058976
TSM,2019-09-30,TWD,293025712000.0,153613278000.0,139412434000.0,185138420000.0,107887292000.0,23972076000.0,5810048000.0,101069886000.0,47.576860422405524,21.559536721251572,12.557742480948853,12.374514762412847,51.38188133426495,36.818370396110495,34.49181483432417,63.1816296038895
TSM,2019-12-31,TWD,317237000000.0,158035000000.0,159202000000.0,192993000000.0,124244000000.0,25636000000.0,9307000000.0,116035000000.0,50.18393188688584,8.262513154477036,9.478519244506867,4.242544578267449,14.806699198216178,39.164410204358255,36.57675491824724,60.835589795641745
TSM,2020-03-31,TWD,310589510000.0,149813002000.0,160776508000.0,186345510000.0,124244000000.0,25636000000.0,5903061000.0,116035000000.0,51.764951108619215,-2.095433382612999,42.009807777289424,-3.444420263947401,0.0,40.00263885280607,37.35960045785191,59.99736114719393
TSM,2020-06-30,TWD,310629333000.0,146005542000.0,164623791000.0,179534795000.0,131094538000.0,24893043000.0,6894405000.0,120822193000.0,52.996859443406144,0.012821746619828822,28.86226793473805,-3.654885486642523,4.125645710346015,42.20288429747232,38.89593807291857,57.79711570252768
TSM,2020-09-30,TWD,356439030000.0,165945534000.0,190493496000.0,206391681000.0,150047349000.0,29683751000.0,9272555000.0,137310040000.0,53.44350084220575,14.747382855823222,21.640871569659392,14.959153739529985,13.646372897734116,42.096217409187766,38.52272855753199,57.903782590812234
TSM,2020-12-31,TWD,361580556000.0,166344231000.0,195236325000.0,204460382000.0,157120174000.0,29940412000.0,6387572000.0,142766434000.0,53.99524995475697,1.442469978666483,13.978053001383817,-0.9357445952484889,3.9737764259627273,43.453712151490805,39.483990947787575,56.5462878485092
TSM,2021-03-31,TWD,362474441000.0,172635011000.0,189839430000.0,205354267000.0,157120174000.0,29940412000.0,6387572000.0,142766434000.0,52.37319063828835,0.24721600350656736,16.7053069499997,0.43719227718159726,0.0,43.346552536651814,39.386620917638716,56.653447463348186
TSM,2021-06-30,TWD,372145122000.0,185948304000.0,186196818000.0,226477917000.0,145667205000.0,30873376000.0,7826613000.0,134358942000.0,50.033389393721514,2.667962180538952,19.803599488139767,10.286443183574079,-5.888983680855963,39.14258078062353,36.10391055992398,60.85741921937646
TSM,2021-09-30,TWD,414643431000.0,201897188000.0,212746243000.0,243639888000.0,171003543000.0,30873376000.0,7826613000.0,134358942000.0,51.30823910243015,11.419821593147205,16.32941291530279,7.5777679463556735,0.0,41.24110747096341,32.403489831242496,58.758892529036586
TSM,2021-12-31,TWD,438189000000.0,207510078000.0,230678922000.0,255417046000.0,182771954000.0,32239000000.0,15639000000.0,166232000000.0,52.64370442891081,5.678510073875986,21.187102771090373,4.833838209612051,23.722319873581622,41.71075814317567,37.936141710540426,58.28924185682433
TSM,2022-03-31,TWD,491075873000.0,217872707000.0,273203166000.0,267285755000.0,223790118000.0,32239000000.0,10500027000.0,166232291000.0,55.63359574784078,12.069420501199257,35.478758625080545,4.646795969913464,0.00017505654748006805,45.57139340461958,33.85063289395201,54.42860659538042
TSM,2022-06-30,TWD,534140808000.0,218672814000.0,315467994000.0,272017059000.0,262123749000.0,39649130000.0,11568594000.0,237027317000.0,59.06082989263011,8.769507395448839,43.530245708823244,1.770129500541473,42.588010773430284,49.07390431026569,44.37543686046171,50.92609568973431
TSM,2022-09-30,TWD,613142743000.0,242644026000.0,370498717000.0,302818529000.0,310324214000.0,42977507000.0,14499002000.0,280865780000.0,60.426176649700636,14.790469819336472,47.87229150628942,11.323359686790813,18.49510999611914,50.61206669129573,45.807568173403304,49.38793330870427
TSM,2022-12-31,TWD,625530000000.0,236346953000.0,389183047000.0,300885077000.0,324644923000.0,44587023000.0,16957177000.0,233625311000.0,62.21652790433713,2.0202892623977453,42.75346939334397,-0.6384853682450897,-16.81958870176352,51.899177177753266,37.34837833517177,48.100822822246734
TSM,2023-03-31,TWD,508632973000.0,222132581000.0,286500392000.0,277394816000.0,231238157000.0,44587023000.0,16957177000.0,233625311000.0,56.32753030346698,-18.687677169760043,3.5752316424635167,-7.807054186339723,0.0,45.462675303199426,45.93200272134146,54.53732469680057
TSM,2023-06-30,TWD,480841000000.0,220641000000.0,260200000000.0,278883000000.0,201958000000.0,41665000000.0,14163389000.0,181799000000.0,54.113521933445774,-5.46405256349749,-9.978606240472832,0.5364858729010935,-22.183517178924163,42.00099409160201,37.808547939963525,57.99900590839799
TSM,2023-09-30,TWD,546733000000.0,250090000000.0,296643000000.0,318668000000.0,228065000000.0,51137762000.0,17571000000.0,211000000000.0,54.257379744774866,13.703490342961612,-10.831041182199886,14.26583907947061,16.062244566801787,41.7141456615935,38.59287805930865,58.285854338406494
TSM,2023-12-31,TWD,625529000000.0,293761000000.0,331768000000.0,71563000000.0,260205000000.0,50410000000.0,18235339000.0,238712000000.0,53.03798864640969,14.412153647209891,-0.0001598644349565248,-77.54308559378413,13.133649289099525,41.59759179830192,38.16162000482791,11.440396848107762
TSM,2024-03-31,TWD,592644201000.0,278138932000.0,314505269000.0,65486963000.0,249018306000.0,46108936000.0,16137086000.0,225484877000.0,53.06814248233908,-5.257118215142709,16.517062884163437,-8.49047273032153,-5.5410381547639,42.01817980836026,38.04725948883452,11.049962673978818
TSM,2024-06-30,TWD,673510177000.0,315385699000.0,358124478000.0,71568936000.0,286555542000.0,48057704000.0,19290282000.0,247845528000.0,53.17283839647162,13.644945122815777,40.06920728473653,9.287303489703746,9.91669654191487,42.54657936668417,36.799076905411034,10.626259029787459
TSM,2024-09-30,TWD,759692143000.0,320346477000.0,439345666000.0,78579377000.0,360766289000.0,52783826000.0,22890591000.0,325257571000.0,57.83206658753084,12.795941166602454,38.95121439532643,9.795368482214117,31.23398821220611,47.48848495067297,42.81439185557036,10.343581636857865
TSM,2024-12-31,TWD,868461000000.0,356082000000.0,512379000000.0,86666000000.0,425713000000.0,57232000000.0,25427009000.0,374680000000.0,58.99850425062265,14.317491368342349,38.83624899884737,10.291024577606422,15.194858907680885,49.019242084561085,43.14298511965419,9.979262166061572
TSM,2025-03-31,TWD,839254000000.0,345859000000.0,493395000000.0,86314268000.0,407081000000.0,56547493000.0,24883748000.0,361564128000.0,58.78971086226578,-3.363075601552634,41.611779645170266,-0.405847737290288,-3.500553005231133,48.50510095870857,43.08160914335827,10.284641836678766
TSM,2025-06-30,TWD,933792000000.0,386423000000.0,547369000000.0,83946000000.0,463423000000.0,61280000000.0,18955373000.0,398273000000.0,58.61787207429492,11.264527783007283,38.64556644999293,-2.743773485978007,10.152797016411984,49.628075631403995,42.65114715054316,8.989796442890922
TSM,2025-09-30,TWD,989918000000.0,401375000000.0,588543000000.0,87858000000.0,500685000000.0,63743000000.0,24022200000.0,452302000000.0,59.45371232768775,6.010546245844894,30.30515178041009,4.660138660567514,13.565820429705244,50.57843174889233,45.69085520214806,8.875280578795415
V,2006-06-30,USD,735990000.0,,735990000.0,532664000.0,203326000.0,,28931000.0,127344000.0,100.0,,,,,27.626190573241484,17.302409000122285,72.37380942675851
V,2006-09-30,USD,744707000.0,2019017000.0,744707000.0,567120000.0,177587000.0,0.0,17399000.0,114399000.0,100.0,1.184391092270265,,6.468618115735247,-10.165378816434224,23.84655978794345,15.361612016538048,76.15344021205655
V,2006-12-31,USD,845000000.0,505000000.0,845000000.0,536000000.0,309000000.0,0.0,54000000.0,205000000.0,100.0,13.467444243172144,,-5.487374806037526,79.19737060638643,36.56804733727811,24.2603550295858,63.43195266272189
V,2007-03-31,USD,813000000.0,501000000.0,813000000.0,542000000.0,271000000.0,0.0,46000000.0,180000000.0,100.0,-3.7869822485207094,,1.1194029850746245,-12.195121951219512,33.33333333333333,22.14022140221402,66.66666666666666
V,2007-06-30,USD,941000000.0,579000000.0,941000000.0,607000000.0,334000000.0,0.0,50000000.0,223000000.0,100.0,15.744157441574425,27.854998029864532,11.992619926199266,23.888888888888893,35.494155154091395,23.69819341126461,64.50584484590861
V,2007-09-30,USD,991045000.0,662715000.0,991045000.0,3354505000.0,-2363460000.0,0.0,679840000.0,-1684575000.0,100.0,5.318278427205092,33.078512757366326,452.63673805601314,-855.414798206278,-238.48160275265,-169.97966792627983,338.48160275265
V,2007-12-31,USD,1488000000.0,366000000.0,1122000000.0,444000000.0,678000000.0,0.0,172000000.0,424000000.0,75.40322580645162,50.144544395057736,76.09467455621302,-86.76406802195854,-125.16955315138833,45.564516129032256,28.49462365591398,29.838709677419356
V,2008-03-31,USD,1453000000.0,367000000.0,1086000000.0,737000000.0,349000000.0,0.0,171000000.0,314000000.0,74.74191328286304,-2.352150537634412,78.72078720787208,65.990990990991,-25.943396226415093,24.01927047487956,21.61046111493462,50.72264280798349
V,2008-06-30,USD,1613000000.0,394000000.0,1219000000.0,571000000.0,648000000.0,0.0,193000000.0,422000000.0,75.57346559206448,11.011699931176878,71.41339001062698,-22.52374491180461,34.39490445859872,40.17358958462493,26.16243025418475,35.39987600743955
V,2008-09-30,USD,1709000000.0,411000000.0,1298000000.0,1741000000.0,-443000000.0,0.0,234000000.0,-356000000.0,75.95084844938562,5.951642901425913,72.44423815265704,204.90367775831874,-184.3601895734597,-25.921591574019892,-20.83089526038619,101.8724400234055
V,2008-12-31,USD,1739000000.0,392000000.0,1347000000.0,381000000.0,966000000.0,0.0,119000000.0,574000000.0,77.458309373203,1.7554125219426675,16.868279569892476,-78.1160252728317,-261.23595505617976,55.54916618746406,33.00747556066705,21.90914318573893
V,2009-03-31,USD,1647000000.0,384000000.0,1263000000.0,382000000.0,881000000.0,0.0,130000000.0,536000000.0,76.68488160291439,-5.290396779758478,13.351686166551957,0.2624671916010568,-6.620209059233451,53.49119611414693,32.54401942926533,23.193685488767457
V,2009-06-30,USD,1646000000.0,379000000.0,1267000000.0,445000000.0,822000000.0,0.0,158000000.0,729000000.0,76.9744835965978,-0.06071645415908211,2.0458772473651576,16.492146596858646,36.00746268656716,49.93924665856622,44.289185905224784,27.03523693803159
V,2009-09-30,USD,1879000000.0,445000000.0,1434000000.0,565000000.0,869000000.0,0.0,220000000.0,514000000.0,76.31718999467803,14.155528554070473,9.947337624341724,26.96629213483146,-29.492455418381347,46.248004257583816,27.354976051091008,30.0691857370942
V,2009-12-31,USD,1960000000.0,379000000.0,1581000000.0,364000000.0,1217000000.0,0.0,129000000.0,763000000.0,80.66326530612244,4.310803618946246,12.708453133985053,-35.57522123893805,48.44357976653697,62.09183673469387,38.92857142857143,18.571428571428573
V,2010-03-31,USD,1959000000.0,408000000.0,1551000000.0,429000000.0,1122000000.0,0.0,127000000.0,713000000.0,79.17304747320061,-0.05102040816326037,18.943533697632063,17.85714285714286,-6.553079947575357,57.274119448698315,36.39612046962736,21.898928024502297
V,2010-06-30,USD,2029000000.0,388000000.0,1641000000.0,504000000.0,1137000000.0,0.0,164000000.0,716000000.0,80.87727944800395,3.573251659009702,23.26852976913729,17.48251748251748,0.42075736325386526,56.03745687530803,35.288319369147366,24.839822572695912
V,2010-09-30,USD,2117000000.0,472000000.0,1645000000.0,532000000.0,1113000000.0,0.0,225000000.0,774000000.0,77.70429853566367,4.337111877772304,12.666311868014901,5.555555555555558,8.100558659217882,52.574397732640534,36.561171469059985,25.129900803023148
V,2010-12-31,USD,2238000000.0,437000000.0,1801000000.0,435000000.0,1366000000.0,0.0,171000000.0,884000000.0,80.47363717605005,5.715635333018421,14.18367346938776,-18.23308270676691,14.211886304909571,61.036639857015196,39.49955317247543,19.43699731903485
V,2011-03-31,USD,2245000000.0,431000000.0,1814000000.0,431000000.0,1383000000.0,0.0,172000000.0,881000000.0,80.80178173719376,0.3127792672028562,14.59928534966819,-0.919540229885063,-0.33936651583710287,61.60356347438752,39.24276169265033,19.198218262806236
V,2011-06-30,USD,2322000000.0,454000000.0,1868000000.0,523000000.0,1345000000.0,0.0,198000000.0,1005000000.0,80.44788975021532,3.429844097995538,14.440611138491866,21.34570765661252,14.074914869466525,57.92420327304049,43.281653746770026,22.52368647717485
V,2011-09-30,USD,2383000000.0,494000000.0,1889000000.0,527000000.0,1362000000.0,0.0,210000000.0,880000000.0,79.26982794796476,2.627045650301474,12.564950401511577,0.7648183556405286,-12.43781094527363,57.15484683172471,36.928241712127566,22.114981116240035
V,2011-12-31,USD,2547000000.0,487000000.0,2060000000.0,442000000.0,1618000000.0,0.0,172000000.0,1029000000.0,80.87946603847665,6.882081409987406,13.806970509383376,-16.129032258064512,16.931818181818194,63.5257165292501,40.40047114252061,17.35374950922654
V,2012-03-31,USD,2578000000.0,534000000.0,2044000000.0,438000000.0,1606000000.0,0.0,188000000.0,1292000000.0,79.28626842513576,1.2171181782489215,14.832962138084627,-0.9049773755656076,25.558794946550044,62.29635376260667,50.116369278510476,16.98991466252909
V,2012-06-30,USD,2565000000.0,537000000.0,2028000000.0,4635000000.0,-2607000000.0,0.0,211000000.0,-1839000000.0,79.06432748538012,-0.5042668735453892,10.465116279069765,958.2191780821918,-242.33746130030963,-101.6374269005848,-71.69590643274853,180.70175438596493
V,2012-09-30,USD,2731000000.0,582000000.0,2149000000.0,627000000.0,1522000000.0,0.0,265000000.0,1662000000.0,78.68912486268766,6.471734892787517,14.60344104070499,-86.47249190938511,-190.37520391517128,55.73050164774808,60.85682900036616,22.958623214939582
V,2012-12-31,USD,2846000000.0,564000000.0,2282000000.0,482000000.0,1800000000.0,0.0,194000000.0,1293000000.0,80.18271257905832,4.210911753936286,11.739301138594428,-23.12599681020734,-22.202166064981952,63.24666198172875,45.43218552354181,16.936050597329587
V,2013-03-31,USD,2958000000.0,605000000.0,2353000000.0,493000000.0,1860000000.0,0.0,199000000.0,1270000000.0,79.54699121027721,3.9353478566408917,14.740108611326619,2.2821576763485396,-1.7788089713843824,62.88032454361054,42.93441514536849,16.666666666666664
V,2013-06-30,USD,3001000000.0,610000000.0,2391000000.0,563000000.0,1828000000.0,0.0,211000000.0,1225000000.0,79.67344218593803,1.4536849222447579,16.998050682261212,14.198782961460443,-3.543307086614178,60.91302899033656,40.81972675774742,18.760413195601465
V,2013-09-30,USD,2973000000.0,621000000.0,2352000000.0,601000000.0,1751000000.0,0.0,259000000.0,1192000000.0,79.11200807265388,-0.933022325891375,8.861222995239837,6.749555950266428,-2.693877551020407,58.89673730238816,40.094180961991256,20.215270770265725
V,2013-12-31,USD,3155000000.0,602000000.0,2553000000.0,476000000.0,2077000000.0,0.0,183000000.0,1407000000.0,80.91917591125198,6.121762529431551,10.85734364019677,-20.79866888519135,18.036912751677846,65.83201267828844,44.5958795562599,15.08716323296355
V,2014-03-31,USD,3163000000.0,566000000.0,2597000000.0,549000000.0,2048000000.0,0.0,197000000.0,1598000000.0,82.10559595320898,0.25356576862123337,6.930358350236654,15.336134453781503,13.574982231698641,64.74865633891875,50.521656655074295,17.35693961429023
V,2014-06-30,USD,3155000000.0,590000000.0,2565000000.0,545000000.0,2020000000.0,0.0,208000000.0,1360000000.0,81.29952456418383,-0.25292443882389826,5.131622792402535,-0.7285974499089298,-14.893617021276595,64.02535657686212,43.10618066561015,17.27416798732171
V,2014-09-30,USD,3229000000.0,624000000.0,2605000000.0,1053000000.0,1552000000.0,0.0,247000000.0,1073000000.0,80.6751316196965,2.3454833597464253,8.61083081062899,93.21100917431193,-21.10294117647059,48.064416227934345,33.23010219882316,32.610715391762156
V,2014-12-31,USD,3382000000.0,623000000.0,2759000000.0,521000000.0,2238000000.0,0.0,196000000.0,1569000000.0,81.57894736842105,4.738309074016733,7.194928684627566,-50.522317188983855,46.2255358807083,66.17386162034299,46.3926670609107,15.40508574807806
V,2015-03-31,USD,3409000000.0,592000000.0,2817000000.0,536000000.0,2281000000.0,0.0,218000000.0,1550000000.0,82.6342035787621,0.7983441750443632,7.777426493834971,2.8790786948176494,-1.210962396430848,66.91111762980346,45.467879143443824,15.72308594895864
V,2015-06-30,USD,3518000000.0,683000000.0,2835000000.0,573000000.0,2262000000.0,0.0,219000000.0,1697000000.0,80.5855599772598,3.1974185978292713,11.5055467511886,6.902985074626855,9.483870967741925,64.29789653212052,48.23763501989767,16.287663445139284
V,2015-09-30,USD,3571000000.0,655000000.0,2916000000.0,633000000.0,2283000000.0,0.0,250000000.0,1512000000.0,81.65779893587231,1.5065378055713508,10.591514400743263,10.471204188481686,-10.901591043017088,63.93167180061607,42.341080929711566,17.72612713525623
V,2015-12-31,USD,3565000000.0,627000000.0,2938000000.0,542000000.0,2396000000.0,0.0,228000000.0,1941000000.0,82.41234221598877,-0.16802016241949103,5.410999408633943,-14.375987361769349,28.373015873015884,67.20897615708274,54.44600280504909,15.203366058906031
V,2016-03-31,USD,3626000000.0,654000000.0,2972000000.0,538000000.0,2434000000.0,0.0,230000000.0,1707000000.0,81.96359624931053,1.7110799438990076,6.365503080082147,-0.7380073800738018,-12.055641421947449,67.12630998345284,47.07666850523993,14.837286265857694
V,2016-06-30,USD,3630000000.0,632000000.0,2998000000.0,2570000000.0,428000000.0,0.0,384000000.0,412000000.0,82.58953168044077,0.11031439602868787,3.183627060830019,377.69516728624535,-75.86408904510837,11.790633608815428,11.349862258953168,70.79889807162535
V,2016-09-30,USD,4261000000.0,851000000.0,3410000000.0,785000000.0,2625000000.0,0.0,343000000.0,1931000000.0,80.02816240319174,17.382920110192845,19.32231867824139,-69.45525291828794,368.68932038834953,61.605256981929124,45.31800046937339,18.422905421262612
V,2016-12-31,USD,4461000000.0,716000000.0,3745000000.0,645000000.0,3100000000.0,0.0,266000000.0,2070000000.0,83.94978704326384,4.69373386528984,25.13323983169706,-17.834394904458595,7.198342827550497,69.49114548307554,46.40215198386012,14.458641560188298
V,2017-03-31,USD,4477000000.0,854000000.0,3623000000.0,815000000.0,2808000000.0,0.0,489000000.0,430000000.0,80.92472637927185,0.358663976686846,23.469387755102034,26.356589147286826,-79.22705314009661,62.72057181148091,9.60464596828233,18.20415456779093
V,2017-06-30,USD,4565000000.0,856000000.0,3709000000.0,685000000.0,3024000000.0,0.0,332000000.0,2059000000.0,81.2486308871851,1.9656019656019597,25.757575757575758,-15.95092024539877,378.83720930232556,66.24315443592552,45.104052573932094,15.005476451259584
V,2017-09-30,USD,4855000000.0,822000000.0,4033000000.0,821000000.0,3212000000.0,285000000.0,382000000.0,2140000000.0,83.06900102986612,6.352683461117192,13.940389579910818,19.854014598540147,3.9339485186983936,66.15859938208033,44.078269824922764,16.91040164778579
V,2017-12-31,USD,4862000000.0,839000000.0,4023000000.0,696000000.0,3327000000.0,0.0,328000000.0,2522000000.0,82.74372686137393,0.14418125643667068,8.98901591571397,-15.225334957369064,17.850467289719617,68.42863019333608,51.87165775401069,14.315096668037844
V,2018-03-31,USD,5073000000.0,993000000.0,4080000000.0,744000000.0,3336000000.0,0.0,330000000.0,2605000000.0,80.42578356002366,4.339777869189643,13.312486039758763,6.896551724137923,3.291038858049178,65.75990538143111,51.350285826926864,14.665878178592548
V,2018-06-30,USD,5240000000.0,1021000000.0,4219000000.0,1334000000.0,2885000000.0,0.0,342000000.0,2329000000.0,80.51526717557252,3.2919377094421387,14.786418400876222,79.3010752688172,-10.595009596928984,55.05725190839694,44.44656488549618,25.458015267175572
V,2018-09-30,USD,5434000000.0,1003000000.0,4431000000.0,1025000000.0,3406000000.0,312000000.0,591000000.0,2845000000.0,81.54214206845786,3.702290076335868,11.92584963954686,-23.163418290854576,22.155431515671964,62.67942583732058,52.35553919764446,18.862716231137284
V,2018-12-31,USD,5506000000.0,980000000.0,4526000000.0,809000000.0,3717000000.0,0.0,367000000.0,2977000000.0,82.2012350163458,1.3249907986750076,13.245577951460309,-21.073170731707314,4.6397188049209115,67.50817290228841,54.068289139120964,14.693062114057392
V,2019-03-31,USD,5494000000.0,1065000000.0,4429000000.0,788000000.0,3641000000.0,,365000000.0,2977000000.0,80.6152165999272,-0.21794406102433328,8.298836980090684,-2.595797280593326,0.0,66.27229705132872,54.18638514743357,14.34291954859847
V,2019-06-30,USD,5840000000.0,1056000000.0,4784000000.0,876000000.0,3908000000.0,,428000000.0,3101000000.0,81.91780821917808,6.297779395704395,11.45038167938932,11.16751269035532,4.165267047363108,66.91780821917808,53.09931506849315,15.0
V,2019-09-30,USD,6137000000.0,1064000000.0,5073000000.0,1338000000.0,3735000000.0,,490000000.0,3025000000.0,82.6625386996904,5.085616438356166,12.937062937062937,52.73972602739727,-2.4508223153821396,60.86035522242138,49.291184617891474,21.802183477269026
V,2019-12-31,USD,6054000000.0,1163000000.0,4891000000.0,875000000.0,4016000000.0,,419000000.0,3272000000.0,80.78956062107697,-1.3524523382760334,9.95277878677805,-34.60388639760838,8.16528925619835,66.33630657416583,54.046911133135126,14.453254046911132
V,2020-03-31,USD,5854000000.0,1123000000.0,4731000000.0,807000000.0,3924000000.0,,372000000.0,3084000000.0,80.81653570208405,-3.3036009250082543,6.552602839461241,-7.771428571428574,-5.745721271393645,67.03108985309191,52.681926887598216,13.785445848992142
V,2020-06-30,USD,4837000000.0,1113000000.0,3724000000.0,725000000.0,2999000000.0,,353000000.0,2373000000.0,76.98986975397975,-17.372736590365566,-17.174657534246574,-10.161090458488232,-23.054474708171202,62.0012404382882,49.05933429811867,14.988629315691545
V,2020-09-30,USD,5101000000.0,1113000000.0,3988000000.0,846000000.0,3142000000.0,,360000000.0,2137000000.0,78.18074887277004,5.457928468058704,-16.881212318722504,16.689655172413786,-9.945217024863041,61.59576553616938,41.893746324250145,16.58498333660067
V,2020-12-31,USD,5687000000.0,1154000000.0,4533000000.0,689000000.0,3844000000.0,,286000000.0,3126000000.0,79.70810620713908,11.48794354048226,-6.062107697390151,-18.55791962174941,46.279831539541405,67.59275540706875,54.967469667663096,12.115350800070336
V,2021-03-31,USD,5729000000.0,1293000000.0,4436000000.0,855000000.0,3581000000.0,,445000000.0,3026000000.0,77.4306161633793,0.7385264638649636,-2.1352921079603737,24.092888243831645,-3.198976327575176,62.50654564496422,52.818991097922854,14.92407051841508
V,2021-06-30,USD,6130000000.0,1284000000.0,4846000000.0,782000000.0,4064000000.0,,312000000.0,2575000000.0,79.05383360522022,6.9994763484028555,26.731445110605744,-8.538011695906434,-14.904163912756118,66.29690048939642,42.00652528548124,12.756933115823818
V,2021-09-30,USD,6559000000.0,1239000000.0,5320000000.0,1005000000.0,4315000000.0,,345000000.0,3584000000.0,81.10992529348987,6.998368678629685,28.58263085669477,28.516624040920725,39.18446601941747,65.78746760176857,54.64247598719317,15.3224576917213
V,2021-12-31,USD,7059000000.0,1315000000.0,5744000000.0,968000000.0,4776000000.0,,342000000.0,3959000000.0,81.37129905085706,7.623113279463323,24.12519781958853,-3.681592039800996,10.463169642857139,67.65830854228643,56.084431222552766,13.712990508570618
V,2022-03-31,USD,7189000000.0,1416000000.0,5773000000.0,971000000.0,4802000000.0,,450000000.0,3647000000.0,80.30324106273473,1.8416206261510082,25.484377727352058,0.30991735537189147,-7.88077797423592,66.79649464459591,50.730282375852,13.506746418138823
V,2022-06-30,USD,7275000000.0,1461000000.0,5814000000.0,1666000000.0,4148000000.0,,406000000.0,3411000000.0,79.91752577319588,1.1962720823480266,18.678629690048943,71.57569515962925,-6.471072114066356,57.01718213058419,46.886597938144334,22.900343642611684
V,2022-09-30,USD,7787000000.0,1541000000.0,6246000000.0,1159000000.0,5087000000.0,,501000000.0,3940000000.0,80.21060742262746,7.037800687285234,18.72236621436194,-30.432172869147657,15.508648490178834,65.32682676255297,50.59714909464492,14.883780660074484
V,2022-12-31,USD,7936000000.0,1515000000.0,6421000000.0,1331000000.0,5090000000.0,,431000000.0,4179000000.0,80.90977822580645,1.9134454860665118,12.423856070264904,14.84037963761864,6.065989847715736,64.13810483870968,52.65877016129033,16.771673387096776
V,2023-03-31,USD,7985000000.0,1694000000.0,6291000000.0,955000000.0,5336000000.0,,412000000.0,4257000000.0,78.78522229179711,0.6174395161290258,11.072471831965514,-28.24943651389933,1.866475233309406,66.82529743268628,53.312460864120226,11.959924859110833
V,2023-06-30,USD,8123000000.0,1663000000.0,6460000000.0,1436000000.0,5024000000.0,,447000000.0,4156000000.0,79.52726825064632,1.728240450845342,11.656357388316142,50.366492146596855,-2.3725628376791152,61.84907054044072,51.16336328942509,17.67819771020559
V,2023-09-30,USD,8609000000.0,1695000000.0,6914000000.0,1364000000.0,5550000000.0,,585000000.0,4681000000.0,80.31130212568243,5.983011202757593,10.55605496340053,-5.013927576601674,12.632338787295483,64.46741781856197,54.37333023579974,15.843884307120456
V,2023-12-31,USD,8634000000.0,1660000000.0,6974000000.0,1020000000.0,5954000000.0,,471000000.0,4890000000.0,80.77368542969656,0.2903937739574758,8.7953629032258,-25.219941348973606,4.464857936338396,68.95992587444985,56.636553161918,11.8137595552467
V,2024-03-31,USD,8775000000.0,2041000000.0,6734000000.0,924000000.0,5354000000.0,,612000000.0,4663000000.0,76.74074074074075,1.6330785267546943,9.89355040701314,-9.411764705882353,-4.642126789366053,61.01424501424502,53.13960113960115,10.52991452991453
V,2024-06-30,USD,8900000000.0,1773000000.0,7127000000.0,1189000000.0,5938000000.0,,534000000.0,4872000000.0,80.07865168539325,1.4245014245014342,9.565431490828512,28.679653679653683,4.482093073128879,66.71910112359551,54.741573033707866,13.359550561797754
V,2024-09-30,USD,9617000000.0,1817000000.0,7800000000.0,1451000000.0,6349000000.0,,616000000.0,5318000000.0,81.1063741291463,8.056179775280903,11.708676965965847,22.035323801513872,9.154351395730709,66.0185088905064,55.29790995112821,15.087865238639909
V,2024-12-31,USD,9510000000.0,2020000000.0,7490000000.0,1256000000.0,6234000000.0,,624000000.0,5119000000.0,78.75920084121977,-1.1126130810023893,10.145934676858936,-13.439007580978634,-3.742008273787134,65.55205047318611,53.82754994742377,13.207150368033648
V,2025-03-31,USD,9594000000.0,1881000000.0,7713000000.0,2278000000.0,5435000000.0,,592000000.0,4577000000.0,80.39399624765478,0.8832807570977819,9.333333333333327,81.36942675159236,-10.588005469818329,56.64998957681885,47.706900145924536,23.74400667083594
V,2025-06-30,USD,10172000000.0,1973000000.0,8199000000.0,2022000000.0,6177000000.0,,669000000.0,5272000000.0,80.60361777428234,6.024598707525541,14.292134831460679,-11.2379280070237,15.184618745903421,60.725521038143924,51.828548957923715,19.87809673613842
V,2025-09-30,USD,10724000000.0,1981000000.0,8743000000.0,2595000000.0,6148000000.0,,800000000.0,5090000000.0,81.52741514360314,5.426661423515533,11.510866174482693,28.338278931750736,-3.4522003034901383,57.32935471838866,47.46363297277135,24.19806042521447
WMT,2005-10-31,USD,75397000000.0,57325000000.0,18072000000.0,13974000000.0,4098000000.0,0.0,14216000000.0,2374000000.0,23.969123439924665,,,,,5.435229518415852,3.1486663925620384,18.533893921508813
WMT,2006-01-31,USD,90128000000.0,69045000000.0,21083000000.0,15222000000.0,5861000000.0,0.0,15222000000.0,3591000000.0,23.39228652582993,19.537912649044387,,8.93087161872048,51.26368997472619,6.502973548730694,3.9843333925084323,16.889312977099237
WMT,2006-04-30,USD,79676000000.0,60237000000.0,19439000000.0,14944000000.0,4495000000.0,0.0,15166000000.0,2615000000.0,24.397560118479845,-11.59684004970708,,-1.8263040336355285,-27.179058758006125,5.641598473818967,3.2820422711983537,18.755961644660875
WMT,2006-07-31,USD,85430000000.0,64585000000.0,20845000000.0,15741000000.0,5104000000.0,0.0,15741000000.0,2083000000.0,24.400093643919,7.221748079722867,,5.333244111349034,-20.34416826003824,5.974482032073043,2.438253540910687,18.425611611845955
WMT,2006-10-31,USD,84467000000.0,63765000000.0,20702000000.0,16237000000.0,4465000000.0,0.0,16237000000.0,2647000000.0,24.508979838280037,-1.1272386749385466,12.029656352374761,3.151006924591826,27.07633221315411,5.286088058058176,3.1337682171735706,19.22289178022186
WMT,2007-01-31,USD,99078000000.0,75565000000.0,23513000000.0,17081000000.0,6432000000.0,0.0,17081000000.0,3939000000.0,23.731807262964534,17.29787964530527,9.930321320788217,5.198004557492153,48.809973554967875,6.491854902198268,3.9756555441167567,17.239952360766264
WMT,2007-04-30,USD,86410000000.0,65311000000.0,21099000000.0,16249000000.0,4850000000.0,0.0,16249000000.0,2826000000.0,24.417312811017243,-12.785885867700198,8.4517295044932,-4.8709091973537895,-28.25590251332826,5.612776299039464,3.270454808471242,18.80453651197778
WMT,2007-07-31,USD,92999000000.0,70589000000.0,22410000000.0,17127000000.0,5283000000.0,0.0,17130000000.0,2952000000.0,24.09703330143335,7.625274852447639,8.859885286199232,5.403409440580953,4.458598726114649,5.680706244153163,3.174227679867526,18.416327057280185
WMT,2007-10-31,USD,91865000000.0,69251000000.0,22614000000.0,17653000000.0,4961000000.0,0.0,17685000000.0,2857000000.0,24.616556904152834,-1.2193679501930177,8.758450045579934,3.071174169440072,-3.2181571815718124,5.400315680618299,3.109998367169216,19.21624122353453
WMT,2008-01-31,USD,107428000000.0,81323000000.0,26105000000.0,19224000000.0,6881000000.0,0.0,19224000000.0,4096000000.0,24.29999627657594,16.941163664072278,8.427703425583877,8.899337223134873,43.36716835841792,6.405220240533193,3.812786238224671,17.894776036042746
WMT,2008-04-30,USD,94940000000.0,71372000000.0,23568000000.0,18251000000.0,5317000000.0,0.0,18107000000.0,3022000000.0,24.824099431219718,-11.624529917712323,9.871542645527143,-5.061381606325421,-26.220703125,5.600379186854855,3.183062987149779,19.223720244364863
WMT,2008-07-31,USD,102342000000.0,77118000000.0,25224000000.0,19411000000.0,5813000000.0,0.0,19228000000.0,3449000000.0,24.64677258603506,7.796503054560766,10.046344584350365,6.35581611966467,14.129715420251499,5.679974985831819,3.3700728928494654,18.96679760020324
WMT,2008-10-31,USD,98345000000.0,73621000000.0,24724000000.0,19432000000.0,5292000000.0,0.0,19236000000.0,3138000000.0,25.140068127510297,-3.905532430478198,7.053828988189181,0.10818608005769281,-9.017106407654396,5.3810564848238345,3.190807870252682,19.75901164268646
WMT,2009-01-31,USD,109116000000.0,82601000000.0,26515000000.0,20138000000.0,6377000000.0,0.0,20138000000.0,3792000000.0,24.29982770629422,10.952259901367633,1.5712849536433815,3.63318237958008,20.84130019120458,5.844239158326918,3.4752007038381176,18.4555885479673
WMT,2009-04-30,USD,94242000000.0,70388000000.0,23854000000.0,18637000000.0,5217000000.0,0.0,20138000000.0,3022000000.0,25.311432270113116,-13.631364786099198,-0.7352011796924351,-7.453570364485051,-20.305907172995784,5.535748392436493,3.2066382292396174,19.77568387767662
WMT,2009-07-31,USD,100876000000.0,75056000000.0,25820000000.0,19891000000.0,5929000000.0,0.0,19875000000.0,3472000000.0,25.59578095880091,7.03932429277816,-1.4324519747513254,6.728550732414007,14.890800794176041,5.877512986240533,3.441849399262461,19.718267972560373
WMT,2009-10-31,USD,99373000000.0,73915000000.0,25458000000.0,20016000000.0,5442000000.0,0.0,20013000000.0,3144000000.0,25.61862880259225,-1.4899480550378708,1.0452997102038841,0.6284249157910704,-9.447004608294929,5.476336630674328,3.1638372596178037,20.142292171917926
WMT,2010-01-31,USD,113651000000.0,85311000000.0,28340000000.0,21082000000.0,7258000000.0,0.0,21082000000.0,4632000000.0,24.935988244714082,14.368087911203254,4.156127424025802,5.325739408473229,47.32824427480915,6.386217455191772,4.075635058204504,18.54977078952231
WMT,2010-04-30,USD,99811000000.0,74618000000.0,25193000000.0,19456000000.0,5737000000.0,0.0,19373000000.0,3301000000.0,25.24070493232209,-12.177631521060084,5.909254896967386,-7.712740726686274,-28.73488773747841,5.747863461943072,3.3072507038302392,19.492841470379016
WMT,2010-07-31,USD,103726000000.0,77438000000.0,26288000000.0,20098000000.0,6190000000.0,0.0,20013000000.0,3596000000.0,25.343693962940826,3.9224133612527634,2.8252508029660284,3.2997532894736947,8.936685852771898,5.967645527640129,3.466826060968321,19.376048435300696
WMT,2010-10-31,USD,101952000000.0,75819000000.0,26133000000.0,20522000000.0,5611000000.0,0.0,20435000000.0,3436000000.0,25.63265065913371,-1.71027514798604,2.5952723576826653,2.1096626530002993,-4.449388209121241,5.503570307595732,3.3702134337727556,20.12908035153798
WMT,2011-01-31,USD,116360000000.0,87158000000.0,29202000000.0,21198000000.0,8004000000.0,0.0,21198000000.0,6056000000.0,25.096253007906498,14.132140615191457,2.3836129906467995,3.2940259233992686,76.25145518044238,6.8786524578893085,5.2045376418013065,18.21760055001719
WMT,2011-04-30,USD,104189000000.0,78177000000.0,26012000000.0,20116000000.0,5896000000.0,0.0,20116000000.0,3399000000.0,24.9661672537408,-10.459779993124785,4.386290088266831,-5.104255118407397,-43.87384412153237,5.658946721822841,3.2623405541851827,19.307220531917956
WMT,2011-07-31,USD,109366000000.0,81770000000.0,27596000000.0,21213000000.0,6383000000.0,0.0,21213000000.0,3801000000.0,25.23270486257155,4.968854677557122,5.43740238705821,5.453370451381989,11.82700794351279,5.836365963827881,3.4754859828465885,19.396338898743668
WMT,2011-10-31,USD,110226000000.0,82591000000.0,27635000000.0,21757000000.0,5878000000.0,0.0,21757000000.0,3336000000.0,25.071217317148403,0.7863504196916837,8.115583804143123,2.5644651864422663,-12.233622730860304,5.332680129914902,3.0265091720646673,19.7385371872335
WMT,2012-01-31,USD,123169000000.0,92589000000.0,30580000000.0,22179000000.0,8401000000.0,0.0,22179000000.0,5163000000.0,24.82767579504583,11.742238673271288,5.851667239601244,1.9396056441604914,54.76618705035972,6.820709756513408,4.1918015084964555,18.006966038532426
WMT,2012-04-30,USD,113010000000.0,85178000000.0,27832000000.0,21445000000.0,6387000000.0,0.0,21445000000.0,3742000000.0,24.62790903459871,-8.248016952317549,8.466344815671523,-3.309436854682357,-27.52275808638388,5.651712237855057,3.3112113972214847,18.976196796743654
WMT,2012-07-31,USD,114282000000.0,85643000000.0,28639000000.0,21941000000.0,6698000000.0,0.0,21941000000.0,4016000000.0,25.059939448032058,1.125564109370858,4.4949984455863845,2.312893448356257,7.322287546766426,5.860940480565619,3.5141142087117836,19.198998967466444
WMT,2012-10-31,USD,113800000000.0,85470000000.0,28330000000.0,22237000000.0,6093000000.0,0.0,22296000000.0,3635000000.0,24.894551845342708,-0.4217637073204883,3.242429190934981,1.3490725126475533,-9.487051792828682,5.354130052724077,3.194200351493849,19.540421792618627
WMT,2013-01-31,USD,127919000000.0,96128000000.0,31791000000.0,23191000000.0,8600000000.0,0.0,20891000000.0,5606000000.0,24.85244568828712,12.406854130052714,3.856489863520851,4.290147052210269,54.22283356258597,6.723004401222648,4.382460775959787,18.12944128706447
WMT,2013-04-30,USD,114070000000.0,85991000000.0,28079000000.0,21641000000.0,6438000000.0,0.0,21704000000.0,3784000000.0,24.615586920312087,-10.826382320061912,0.9379700911423816,-6.683627269199254,-32.50089190153407,5.643902866660822,3.317261330761813,18.971684053651266
WMT,2013-07-31,USD,116830000000.0,87420000000.0,29410000000.0,22633000000.0,6777000000.0,0.0,22697000000.0,4069000000.0,25.173328768295818,2.4195669325852487,2.2295724611049783,4.583891687075448,7.531712473572938,5.800736112299923,3.482838312077377,19.37259265599589
WMT,2013-10-31,USD,115688000000.0,86687000000.0,29001000000.0,22691000000.0,6310000000.0,0.0,22691000000.0,3738000000.0,25.068287117073506,-0.9774886587349152,1.6590509666080777,0.2562629788362081,-8.134676824772669,5.4543254270105805,3.2311043496300393,19.61396169006293
WMT,2014-01-31,USD,129706000000.0,97971000000.0,31735000000.0,24388000000.0,7347000000.0,0.0,21988000000.0,4431000000.0,24.46687123186283,12.117073508056153,1.3969777749982315,7.478736062756153,18.53932584269662,5.664348603765439,3.4161873776078213,18.80252262809739
WMT,2014-04-30,USD,114960000000.0,86714000000.0,28246000000.0,22053000000.0,6193000000.0,0.0,22053000000.0,3593000000.0,24.57028531663187,-11.368787874115306,0.7802226702901649,-9.574380843037556,-18.912209433536454,5.387091162143355,3.1254349338900487,19.18319415448852
WMT,2014-07-31,USD,120125000000.0,90010000000.0,30115000000.0,23375000000.0,6740000000.0,0.0,23375000000.0,4093000000.0,25.06971904266389,4.4928670842032,2.82033724214672,5.994649254069739,13.915947676036744,5.610822060353798,3.407284079084287,19.458896982310094
WMT,2014-10-31,USD,119001000000.0,89247000000.0,29754000000.0,23489000000.0,6265000000.0,0.0,23489000000.0,3711000000.0,25.003151234023242,-0.9356919875130099,2.8637369476522956,0.48770053475934994,-9.33300757390667,5.264661641498811,3.1184611894017698,19.738489592524434
WMT,2015-01-31,USD,131565000000.0,99115000000.0,32450000000.0,24501000000.0,7949000000.0,0.0,22101000000.0,4966000000.0,24.66461444913161,10.557894471475038,1.4332413303933533,4.308399676444297,33.81837779574239,6.041880439326568,3.7745601033709573,18.62273400980504
WMT,2015-04-30,USD,114826000000.0,86483000000.0,28343000000.0,22663000000.0,5680000000.0,0.0,22663000000.0,3341000000.0,24.683434065455558,-12.722988636795495,-0.11656228253305034,-7.501734623076606,-32.72251308900523,4.946614878163482,2.909619772525386,19.736819187292078
WMT,2015-07-31,USD,120229000000.0,90056000000.0,30173000000.0,24104000000.0,6069000000.0,0.0,24104000000.0,3475000000.0,25.096274609287278,4.7053803145629125,0.08657648283039165,6.358381502890165,4.010775217000906,5.047866987166158,2.8903176438296914,20.04840762212112
WMT,2015-10-31,USD,117408000000.0,87446000000.0,29962000000.0,24248000000.0,5714000000.0,0.0,24248000000.0,3304000000.0,25.51955573725811,-2.346355704530523,-1.3386442130738363,0.5974112180550994,-4.920863309352519,4.866789315889888,2.8141182883619513,20.65276642136822
WMT,2016-01-31,USD,129667000000.0,96999000000.0,32668000000.0,26026000000.0,6642000000.0,0.0,23526000000.0,4574000000.0,25.193765568726047,10.441366857454337,-1.442632919089426,7.33256351039262,38.438256658595634,5.1223518705607445,3.5274973586186156,20.0714136981653
WMT,2016-04-30,USD,115904000000.0,86544000000.0,29360000000.0,24085000000.0,5275000000.0,0.0,24085000000.0,3079000000.0,25.331308669243512,-10.614111531846959,0.9388117673697627,-7.457926688695915,-32.684739833843466,4.55118028713418,2.6565088348978465,20.780128382109332
WMT,2016-07-31,USD,120854000000.0,89485000000.0,31369000000.0,25204000000.0,6165000000.0,0.0,25204000000.0,3773000000.0,25.95611233389048,4.270775814467154,0.5198413028470572,4.646045256383635,22.539785644689836,5.101196485014977,3.1219487977228724,20.854915848875503
WMT,2016-10-31,USD,118179000000.0,87484000000.0,30695000000.0,25576000000.0,5119000000.0,0.0,25576000000.0,3034000000.0,25.973311671278314,-2.213414533238456,0.6566843826655733,1.4759561974289737,-19.586535913066527,4.33156482962286,2.5672919892705135,21.641746841655454
WMT,2017-01-31,USD,130936000000.0,97743000000.0,33193000000.0,26988000000.0,6205000000.0,0.0,24088000000.0,3757000000.0,25.350552941895277,10.794642026079092,0.9786607232372235,5.52080075070378,23.829927488464065,4.738956436732449,2.8693407466243053,20.611596505162826
WMT,2017-04-30,USD,117542000000.0,87688000000.0,29854000000.0,24617000000.0,5237000000.0,0.0,24617000000.0,3039000000.0,25.39858093277297,-10.229425062626019,1.4132385422418459,-8.785386097524828,-19.110992813414963,4.455428697827159,2.5854588147215463,20.943152234945806
WMT,2017-07-31,USD,123355000000.0,91521000000.0,31834000000.0,25865000000.0,5969000000.0,0.0,25865000000.0,2899000000.0,25.80681772121114,4.945466301407153,2.069439157992292,5.069667303083225,-4.606778545574198,4.8388796562766,2.3501276802723847,20.96793806493454
WMT,2017-10-31,USD,123179000000.0,91547000000.0,31632000000.0,26868000000.0,4764000000.0,0.0,26868000000.0,1749000000.0,25.679701897238978,-0.14267763771229625,4.230870120749031,3.877827179586313,-39.668851328044155,3.8675423570576157,1.4198848829751824,21.812159540181362
WMT,2018-01-31,USD,136267000000.0,102640000000.0,33627000000.0,29160000000.0,4467000000.0,0.0,24398000000.0,2175000000.0,24.677287971409072,10.62518773492236,4.071454756522264,8.530594015185343,24.356775300171527,3.278123096567768,1.5961311249238628,21.399164874841304
WMT,2018-04-30,USD,122690000000.0,91707000000.0,30983000000.0,25829000000.0,5154000000.0,0.0,25829000000.0,2134000000.0,25.25307686037982,-9.963527486478752,4.379711081996218,-11.423182441700963,-1.885057471264373,4.200831363599315,1.7393430597440707,21.052245496780504
WMT,2018-07-31,USD,128028000000.0,95571000000.0,32457000000.0,26707000000.0,5750000000.0,0.0,26707000000.0,-861000000.0,25.35148561252226,4.350802836416978,3.7882534149406233,3.399279879205541,-140.34676663542643,4.491205048895554,-0.6725091386259255,20.860280563626706
WMT,2018-10-31,USD,124894000000.0,93116000000.0,31778000000.0,26792000000.0,4986000000.0,0.0,26792000000.0,1710000000.0,25.443976492065275,-2.447902021432813,1.392282775473097,0.3182686187142014,-298.6062717770035,3.9921853731964703,1.3691610485691867,21.4517911188688
WMT,2019-01-31,USD,138793000000.0,104907000000.0,33886000000.0,27819000000.0,6067000000.0,0.0,24159000000.0,3687000000.0,24.4147759613237,11.128637084247451,1.8537136650840003,3.8332338011346723,115.61403508771929,4.371257916465527,2.656474029670084,20.043518044858168
WMT,2019-04-30,USD,123925000000.0,93034000000.0,30891000000.0,25946000000.0,4945000000.0,,25946000000.0,3842000000.0,24.92717369376639,-10.712355810451534,1.0066020050533808,-6.732808512167942,4.203959858963935,3.9903167238248938,3.100262255396409,20.9368569699415
WMT,2019-07-31,USD,130377000000.0,97923000000.0,32454000000.0,26871000000.0,5583000000.0,,26871000000.0,3610000000.0,24.892427345313976,5.206374823481941,1.8347548973661976,3.56509673938179,-6.038521603331604,4.282197013276882,2.7688932863925384,20.61023033203709
WMT,2019-10-31,USD,127991000000.0,95900000000.0,32091000000.0,27373000000.0,4718000000.0,,27373000000.0,3288000000.0,25.072856685235678,-1.8300773909508572,2.4797027879641886,1.8681850321908389,-8.919667590027702,3.6861966857044632,2.5689306279347766,21.386659999531215
WMT,2020-01-31,USD,141671000000.0,107748000000.0,33923000000.0,28601000000.0,5322000000.0,,28601000000.0,4141000000.0,23.944914626140847,10.688251517684844,2.073591607645908,4.486172505753849,25.942822384428222,3.7565909748642983,2.9229694150531866,20.188323651276548
WMT,2020-04-30,USD,134622000000.0,102026000000.0,32596000000.0,27372000000.0,5224000000.0,,27372000000.0,3990000000.0,24.212981533478924,-4.975612510676141,8.631833770425668,-4.297052550610115,-3.6464622071963326,3.8804950156735156,2.9638543477291974,20.33248651780541
WMT,2020-07-31,USD,137742000000.0,102689000000.0,35053000000.0,28994000000.0,6059000000.0,,28994000000.0,6476000000.0,25.44830189775087,2.317600392209296,5.6490025081110895,5.925763553996788,62.305764411027575,4.398803560279363,4.70154346531922,21.049498337471505
WMT,2020-10-31,USD,134708000000.0,100339000000.0,34369000000.0,28591000000.0,5778000000.0,,28591000000.0,5135000000.0,25.51370371470143,-2.2026687575322,5.248025251775523,-1.3899427467751968,-20.707226683137737,4.28927754847522,3.811948807791668,21.224426166226205
WMT,2021-01-31,USD,152079000000.0,115261000000.0,36818000000.0,31331000000.0,5487000000.0,,31331000000.0,-2091000000.0,24.209785703483057,12.8952994625412,7.346598809918747,9.58343534678745,-140.7205452775073,3.6079932140532227,-1.374943286055274,20.601792489429833
WMT,2021-04-30,USD,138310000000.0,103272000000.0,35038000000.0,28129000000.0,6909000000.0,,28129000000.0,2730000000.0,25.33294772612248,-9.053847013723127,2.7395225148935554,-10.219909993297371,-230.55954088952655,4.9953004121177065,1.9738269105632276,20.337647314004773
WMT,2021-07-31,USD,141048000000.0,105183000000.0,35865000000.0,28511000000.0,7354000000.0,,28511000000.0,4276000000.0,25.427514037774372,1.9796110187260574,2.400139391035405,1.358029080308576,56.63003663003663,5.213827916737564,3.03159208212807,20.21368612103681
WMT,2021-10-31,USD,140525000000.0,105023000000.0,35502000000.0,29710000000.0,5792000000.0,,29710000000.0,3105000000.0,25.26383205835261,-0.3707957574726306,4.318229058407819,4.2053944091754,-27.385406922357348,4.121686532645437,2.2095712506671408,21.14214552570717
WMT,2022-01-31,USD,152871000000.0,115522000000.0,37349000000.0,31462000000.0,5887000000.0,,31462000000.0,3562000000.0,24.43171039634725,8.785625333570547,0.5207819620065779,5.897004375631099,14.718196457326883,3.850959305558281,2.330069143264583,20.580751090788965
WMT,2022-04-30,USD,141569000000.0,106847000000.0,34722000000.0,29404000000.0,5318000000.0,,29404000000.0,2054000000.0,24.526555955046657,-7.393161554513283,2.3563010628298686,-6.541224334117346,-42.33576642335767,3.7564721090069155,1.4508826084806703,20.770083846039743
WMT,2022-07-31,USD,152859000000.0,115838000000.0,37021000000.0,30167000000.0,6854000000.0,,30167000000.0,5149000000.0,24.219051544233576,7.9749097613178055,8.373745108048315,2.594885049653106,150.68159688412854,4.483870756710433,3.368463747636711,19.73518078752314
WMT,2022-10-31,USD,152813000000.0,115613000000.0,37200000000.0,34505000000.0,2695000000.0,,34505000000.0,-1798000000.0,24.343478630744766,-0.030093092326910487,8.744351538872097,14.379951602744722,-134.91940182559722,1.7635934115552996,-1.1766014671526637,22.579885219189467
WMT,2023-01-31,USD,164048000000.0,125423000000.0,38625000000.0,33064000000.0,5561000000.0,,33064000000.0,6275000000.0,23.544938066907246,7.352123183237036,7.311393266217925,-4.176206346906241,-448.9988876529477,3.3898615039500632,3.8250999707402715,20.155076562957184
WMT,2023-04-30,USD,152301000000.0,115284000000.0,37017000000.0,30777000000.0,6240000000.0,,30777000000.0,1673000000.0,24.30515886304095,-7.160709060762704,7.580755673911654,-6.916888458746673,-73.33864541832669,4.0971497232454155,1.098482610094484,20.208009139795536
WMT,2023-07-31,USD,161632000000.0,121850000000.0,39782000000.0,32466000000.0,7316000000.0,,32466000000.0,7891000000.0,24.612700455355373,6.12668334416715,5.739276064870236,5.487864314260649,371.66766288105197,4.526331419520887,4.8820778063749755,20.08636903583449
WMT,2023-10-31,USD,160804000000.0,121183000000.0,39621000000.0,33419000000.0,6202000000.0,,33419000000.0,453000000.0,24.639312454914055,-0.5122747970698893,5.229267143502181,2.935378549867562,-94.25928272715753,3.856869232108654,0.28170941021367624,20.7824432228054
WMT,2024-01-31,USD,173388000000.0,131825000000.0,41563000000.0,34309000000.0,7254000000.0,,34309000000.0,5494000000.0,23.97109373197684,7.82567597820949,5.6934555739783566,2.663155689877006,1112.80353200883,4.183680531524673,3.168616051860567,19.787413200452164
WMT,2024-04-30,USD,161508000000.0,121431000000.0,40077000000.0,33236000000.0,6841000000.0,,33236000000.0,5104000000.0,24.81425068727246,-6.851685237732719,6.045265625307783,-3.1274592672476564,-7.098653076082995,4.235703494563737,3.1602149738712635,20.578547192708722
WMT,2024-07-31,USD,169335000000.0,126810000000.0,42525000000.0,34585000000.0,7940000000.0,,34585000000.0,4501000000.0,25.11294180175392,4.846199569061604,4.765764205107903,4.058851847394385,-11.814263322884011,4.688930227064694,2.6580447042844066,20.424011574689224
WMT,2024-10-31,USD,169588000000.0,127340000000.0,42248000000.0,35540000000.0,6708000000.0,,35540000000.0,4577000000.0,24.912140009906363,0.14940797826792362,5.462550682818845,2.7613127078213173,1.6885136636302978,3.9554685473028752,2.6988937896549285,20.956671462603484
WMT,2025-01-31,USD,180554000000.0,136172000000.0,44382000000.0,36523000000.0,7859000000.0,,36523000000.0,5254000000.0,24.581011774870674,6.466259405146602,4.132927307541467,2.7658975801913233,14.791348044570674,4.352714423385802,2.909932762497646,20.228297351484876
WMT,2025-04-30,USD,165609000000.0,124303000000.0,41306000000.0,34171000000.0,7135000000.0,,34171000000.0,4487000000.0,24.941881177955306,-8.277302081371774,2.5391931049855154,-6.439777674342196,-14.598401218119527,4.308340730274321,2.7093938131381745,20.633540447680986
WMT,2025-07-31,USD,177402000000.0,132771000000.0,44631000000.0,37345000000.0,7286000000.0,,37345000000.0,7026000000.0,25.158115466567455,7.12098980127891,4.763929488882979,9.288578034005447,56.58569199910855,4.107056290233481,3.960496499475767,21.051059176333975
WMT,2025-10-31,USD,179496000000.0,134706000000.0,44790000000.0,38094000000.0,6696000000.0,,38094000000.0,6143000000.0,24.9532022997727,1.1803700071025158,5.842394509045445,2.005623242736654,-12.56760603472815,3.730445246690734,3.4223603868609884,21.22275705308196
XOM,2005-09-30,USD,100717000000.0,59130000000.0,41587000000.0,17128000000.0,24459000000.0,0.0,3765000000.0,9920000000.0,41.29094393200751,,,,,24.28487742883525,9.849379945788696,17.006066503172253
XOM,2005-12-31,USD,99344000000.0,56944000000.0,42400000000.0,16399000000.0,26001000000.0,712000000.0,3678000000.0,10710000000.0,42.6799806732163,-1.3632256719322444,,-4.2561886968706215,7.9637096774193505,26.172692865195685,10.780721533258173,16.507287808020614
XOM,2006-03-31,USD,88980000000.0,50527000000.0,38453000000.0,22647000000.0,15806000000.0,0.0,3466000000.0,8400000000.0,43.21532928748033,-10.43243678531165,,38.09988413927678,-21.568627450980394,17.763542369071704,9.440323668240055,25.45178691840863
XOM,2006-06-30,USD,99034000000.0,55772000000.0,43262000000.0,16487000000.0,26775000000.0,0.0,3557000000.0,10360000000.0,43.683987317486924,11.299168352438759,,-27.200070649534158,23.33333333333334,27.036169396368926,10.461053779510067,16.647817921117998
XOM,2006-09-30,USD,99593000000.0,56773000000.0,42820000000.0,16305000000.0,26515000000.0,0.0,3412000000.0,10490000000.0,42.99498960770335,0.5644526122341897,-1.1159982922446021,-1.103900042457695,1.2548262548262468,26.623357063247415,10.532868775917986,16.371632544455935
XOM,2006-12-31,USD,90028000000.0,50183000000.0,39845000000.0,47498000000.0,-7653000000.0,733000000.0,3838000000.0,10250000000.0,44.25845292575643,-9.604088640767927,-9.377516508294415,191.30941429009508,-2.287893231649185,-8.500688674634558,11.385346781001466,52.75914160039099
XOM,2007-03-31,USD,87223000000.0,47597000000.0,39626000000.0,15925000000.0,23701000000.0,0.0,3392000000.0,9280000000.0,45.430677688224435,-3.115697338605772,-1.9746010339402154,-66.47227251673755,-9.46341463414634,27.17287871318345,10.639395572268782,18.257798975040988
XOM,2007-06-30,USD,98350000000.0,55658000000.0,42692000000.0,24480000000.0,18212000000.0,0.0,3788000000.0,10260000000.0,43.40823589222166,12.756956307395996,-0.6906718904618581,53.72056514913657,10.56034482758621,18.517539400101676,10.43213014743264,24.89069649211998
XOM,2007-09-30,USD,102337000000.0,60206000000.0,42131000000.0,17044000000.0,25087000000.0,0.0,3656000000.0,9410000000.0,41.168883199624766,4.0538891713268965,2.7552137198397553,-30.375816993464056,-8.28460038986355,24.51410535778848,9.195110272921816,16.654777841836285
XOM,2007-12-31,USD,116642000000.0,69391000000.0,47251000000.0,18454000000.0,28797000000.0,814000000.0,4054000000.0,11660000000.0,40.50942199207832,13.978326509473593,29.561914071177853,8.272705937573344,23.910733262486715,24.688362682395706,9.996399238696181,15.821059309682619
XOM,2008-03-31,USD,116854000000.0,78638000000.0,38216000000.0,17612000000.0,20604000000.0,0.0,3802000000.0,10890000000.0,32.70405805535112,0.18175271343083832,33.97154420279054,-4.562696434377367,-6.6037735849056585,17.632259058312084,9.319321546545261,15.071798997039041
XOM,2008-06-30,USD,138072000000.0,96637000000.0,41435000000.0,18897000000.0,22538000000.0,0.0,4389000000.0,11680000000.0,30.0097050814068,18.15770106286476,40.388408744280625,7.2961617079264185,7.254361799816356,16.323367518396196,8.459354539660467,13.686337563010603
XOM,2008-09-30,USD,134913000000.0,83176000000.0,51737000000.0,27550000000.0,24187000000.0,0.0,3823000000.0,14830000000.0,38.34841712807513,-2.287936728663309,31.83208419242307,45.790337090543474,26.969178082191792,17.92784979950042,10.99226909193332,20.420567328574712
XOM,2008-12-31,USD,84696000000.0,47926000000.0,36770000000.0,15642000000.0,21128000000.0,847000000.0,3859000000.0,7820000000.0,43.41409275526589,-37.22176513753308,-27.388076336139644,-43.22323049001815,-47.269049224544844,24.945688108057052,9.233021630301314,18.468404647208843
XOM,2009-03-31,USD,64028000000.0,41679000000.0,22349000000.0,14392000000.0,7957000000.0,0.0,3448000000.0,4550000000.0,34.905041544324355,-24.402569188627567,-45.20683930374656,-7.991305459659892,-41.81585677749361,12.427375523208596,7.106266008621229,22.47766602111576
XOM,2009-06-30,USD,74457000000.0,51638000000.0,22819000000.0,14959000000.0,7860000000.0,0.0,3519000000.0,3950000000.0,30.647219200343823,16.288186418441942,-46.073787589083956,3.9396887159533156,-13.186813186813184,10.556428542648778,5.305075412654284,20.090790657695045
XOM,2009-09-30,USD,80585000000.0,49786000000.0,30799000000.0,23208000000.0,7591000000.0,0.0,3887000000.0,4730000000.0,38.21927157659614,8.23025370347985,-40.26891404090043,55.14406043184705,19.74683544303797,9.419867220946825,5.869578705714463,28.799404355649315
XOM,2009-12-31,USD,87426000000.0,55342000000.0,32084000000.0,24257000000.0,7827000000.0,1050000000.0,3881000000.0,6050000000.0,36.69846498753231,8.489172923000554,3.2232927174837167,4.519993105825582,27.906976744186053,8.952714295518497,6.920138173998581,27.745750692013814
XOM,2010-03-31,USD,87714000000.0,62035000000.0,25679000000.0,16093000000.0,9586000000.0,0.0,3514000000.0,6300000000.0,29.275828260026906,0.329421453572154,36.993190479165364,-33.65626417116708,4.132231404958686,10.928700093485647,7.182433819002668,18.34712816654126
XOM,2010-06-30,USD,90242000000.0,63791000000.0,26451000000.0,15949000000.0,10502000000.0,0.0,3607000000.0,7560000000.0,29.311185479045232,2.8820940784823446,21.20015579461971,-0.8947989809233836,19.999999999999996,11.637596684470646,8.377473903503912,17.673588794574588
XOM,2010-09-30,USD,92855000000.0,65029000000.0,27826000000.0,17357000000.0,10469000000.0,0.0,3707000000.0,7350000000.0,29.96715308814819,2.8955475277586906,15.226158714400938,8.828139695278692,-2.777777777777779,11.274567874643262,7.9155672823219,18.692585213504927
XOM,2010-12-31,USD,101733000000.0,92376000000.0,9357000000.0,-2627000000.0,11984000000.0,1012000000.0,3855000000.0,9250000000.0,9.19760549674147,9.561143718701203,16.364697000892182,-115.13510399262546,25.850340136054427,11.779855110927624,9.09242821896533,-2.582249614186154
XOM,2011-03-31,USD,110177000000.0,77933000000.0,32244000000.0,17125000000.0,15119000000.0,0.0,3627000000.0,10650000000.0,29.265636203563357,8.300158257399271,25.609366805755073,-751.8842786448421,15.135135135135137,13.72246476124781,9.666264283834195,15.543171442315549
XOM,2011-06-30,USD,121766000000.0,79769000000.0,41997000000.0,18440000000.0,23557000000.0,0.0,3681000000.0,10680000000.0,34.48992329550121,10.518529275620136,34.932736419848844,7.678832116788326,0.28169014084507005,19.346122891447532,8.770921275232823,15.143800404053675
XOM,2011-09-30,USD,121415000000.0,87972000000.0,33443000000.0,18580000000.0,14863000000.0,0.0,3764000000.0,10330000000.0,27.54437260635012,-0.28825780595568284,30.757632868450813,0.759219088937102,-3.277153558052437,12.24148581312029,8.50800971873327,15.302886793229831
XOM,2011-12-31,USD,117782000000.0,86018000000.0,31764000000.0,18475000000.0,13289000000.0,1044000000.0,3911000000.0,9400000000.0,26.96846716815812,-2.99221677716921,15.775608701208066,-0.5651237890204497,-9.002904162633108,11.282708733083153,7.980845969672785,15.68575843507497
XOM,2012-03-31,USD,119189000000.0,92010000000.0,27179000000.0,14421000000.0,12758000000.0,0.0,3601000000.0,9450000000.0,22.803278826066165,1.1945798169499477,8.17956560806703,-21.943166441136675,0.5319148936170137,10.704007920193979,7.928584013625419,12.099270905872187
XOM,2012-06-30,USD,112745000000.0,88057000000.0,24688000000.0,13065000000.0,11623000000.0,0.0,3486000000.0,15910000000.0,21.897201649740566,-5.406539194053139,-7.40847198725424,-9.40295402537965,68.35978835978835,10.30910461661271,14.111490531730897,11.588097033127855
XOM,2012-09-30,USD,110989000000.0,85917000000.0,25072000000.0,11845000000.0,13227000000.0,894000000.0,3468000000.0,9570000000.0,22.58962599897287,-1.5574970065191374,-8.587077379236508,-9.337925755836206,-39.849151477058456,11.917397219544279,8.622476101235257,10.672228779428591
XOM,2012-12-31,USD,97248000000.0,97196000000.0,52000000.0,166000000.0,-114000000.0,1042000000.0,3322000000.0,9950000000.0,0.053471536689700554,-12.380506176287742,-17.4339033129001,-98.59856479527227,3.9707419017763756,-0.11722606120434353,10.231572885817704,0.1706975978940441
XOM,2013-03-31,USD,103378000000.0,80787000000.0,22591000000.0,11508000000.0,11083000000.0,0.0,3118000000.0,9500000000.0,21.852812010292325,6.303471536689709,-13.265485908934549,6832.530120481928,-4.522613065326631,10.72084969722765,9.189576118709978,11.131962313064674
XOM,2013-06-30,USD,103050000000.0,81913000000.0,21137000000.0,11900000000.0,9237000000.0,0.0,3268000000.0,6860000000.0,20.511402231926247,-0.317282207045988,-8.599050955696486,3.406326034063256,-27.78947368421053,8.963609898107714,6.656962639495391,11.547792333818535
XOM,2013-09-30,USD,108390000000.0,85972000000.0,22418000000.0,12159000000.0,10259000000.0,0.0,3150000000.0,7870000000.0,20.682719808100376,5.181950509461419,-2.3416734991755894,2.176470588235291,14.723032069970854,9.464895285542948,7.26081741858105,11.217824522557432
XOM,2013-12-31,USD,106018000000.0,83780000000.0,22238000000.0,12516000000.0,9722000000.0,1044000000.0,3341000000.0,8350000000.0,20.97568337452131,-2.1883937632622974,9.0181803224745,2.936096718480141,6.099110546378661,9.170140919466506,7.876021053028731,11.805542455054802
XOM,2014-03-31,USD,101312000000.0,79562000000.0,21750000000.0,11470000000.0,10280000000.0,0.0,3132000000.0,9100000000.0,21.468335439039798,-4.438868871323742,-1.9984909748689272,-8.35730265260467,8.982035928143706,10.14687302590019,8.982154137713202,11.321462413139608
XOM,2014-06-30,USD,105719000000.0,84844000000.0,20875000000.0,12149000000.0,8726000000.0,0.0,3169000000.0,8780000000.0,19.74574106830371,4.349928932406821,2.5900048520135943,5.919790758500443,-3.516483516483515,8.253956242491888,8.305035045734446,11.491784825811822
XOM,2014-09-30,USD,103206000000.0,81900000000.0,21306000000.0,11732000000.0,9574000000.0,0.0,3169000000.0,8070000000.0,20.64414859601186,-2.3770561583064564,-4.782729034043731,-3.432381265947815,-8.08656036446469,9.276592446175611,7.81931283064938,11.36755614983625
XOM,2014-12-31,USD,82621000000.0,65917000000.0,16704000000.0,11202000000.0,5502000000.0,971000000.0,3128000000.0,6570000000.0,20.217620217620215,-19.945545801600684,-22.06889396140278,-4.517558813501532,-18.587360594795545,6.659323900703211,7.951973469214849,13.558296316917007
XOM,2015-03-31,USD,64758000000.0,51258000000.0,13500000000.0,9637000000.0,3863000000.0,0.0,2713000000.0,4940000000.0,20.846845177429817,-21.620411275583685,-36.08062223626026,-13.970719514372432,-24.809741248097417,5.965286142252695,7.628401124185428,14.881559035177123
XOM,2015-06-30,USD,71360000000.0,56963000000.0,14397000000.0,10111000000.0,4286000000.0,0.0,2831000000.0,4190000000.0,20.17516816143498,10.194879397140122,-32.50030741872322,4.918543115077312,-15.182186234817818,6.006165919282512,5.871636771300449,14.169002242152468
XOM,2015-09-30,USD,65679000000.0,51245000000.0,14434000000.0,10272000000.0,4162000000.0,0.0,2967000000.0,4240000000.0,21.97658307830509,-7.961042600896862,-36.361258066391485,1.5923251903867008,1.193317422434359,6.336880890391145,6.455640311210585,15.639702187913946
XOM,2015-12-31,USD,57691000000.0,46850000000.0,10841000000.0,10269000000.0,572000000.0,1008000000.0,2990000000.0,2780000000.0,18.791492607165765,-12.162182737252392,-30.17392672565087,-0.029205607476634476,-34.43396226415094,0.9914891404205163,4.818775892253558,17.800003466745245
XOM,2016-03-31,USD,47105000000.0,37848000000.0,9257000000.0,9052000000.0,205000000.0,0.0,2593000000.0,1810000000.0,19.65184163040017,-18.349482588272004,-27.259952438308776,-11.85120264874866,-34.89208633093526,0.4351979619997877,3.842479566924955,19.216643668400383
XOM,2016-06-30,USD,56360000000.0,45462000000.0,10898000000.0,9761000000.0,1137000000.0,0.0,2646000000.0,1700000000.0,19.336408800567778,19.64759579662456,-21.020179372197312,7.832523199292973,-6.077348066298338,2.017388218594748,3.0163236337828248,17.319020581973028
XOM,2016-09-30,USD,56767000000.0,45786000000.0,10981000000.0,9559000000.0,1422000000.0,0.0,2736000000.0,2650000000.0,19.343985061743616,0.7221433640880015,-13.569025106959609,-2.069460096301612,55.88235294117647,2.5049764828157204,4.66820511917135,16.839008578927896
XOM,2016-12-31,USD,58376000000.0,50400000000.0,7976000000.0,9804000000.0,-1828000000.0,1058000000.0,2824000000.0,1680000000.0,13.663149239413459,2.8343932214138556,1.1873602468322586,2.563029605607281,-36.60377358490566,-3.1314238728244486,2.8778950253528848,16.794573112237906
XOM,2017-03-31,USD,56474000000.0,42444000000.0,14030000000.0,9790000000.0,4240000000.0,0.0,2505000000.0,4010000000.0,24.84329071785246,-3.258188296560227,19.889608321834196,-0.1427988576091388,138.69047619047618,7.507879732266176,7.100612671317775,17.33541098558629
XOM,2017-06-30,USD,56026000000.0,42906000000.0,13120000000.0,10438000000.0,2682000000.0,0.0,2556000000.0,3350000000.0,23.417698925498875,-0.7932854056734051,-0.5926188786373299,6.61899897854954,-16.45885286783042,4.787063149252132,5.979366722593082,18.63063577624674
XOM,2017-09-30,USD,59350000000.0,44264000000.0,15086000000.0,10667000000.0,4419000000.0,0.0,2632000000.0,3970000000.0,25.41870261162595,5.932959697283402,4.550178801064009,2.1939068787123928,18.507462686567155,7.445661331086774,6.689132266217354,17.973041280539174
XOM,2017-12-31,USD,50832000000.0,34821000000.0,16011000000.0,14011000000.0,2000000000.0,1063000000.0,3004000000.0,8380000000.0,31.497875354107645,-14.352148272957033,-12.923119090037005,31.349020343114287,111.08312342569269,3.9345294302801386,16.48567831287378,27.56334592382751
XOM,2018-03-31,USD,65436000000.0,49249000000.0,16187000000.0,11181000000.0,5006000000.0,0.0,2747000000.0,4650000000.0,24.737147747417325,28.729933899905568,15.869249566172039,-20.19841553065449,-44.510739856801905,7.650223118772541,7.106180084357234,17.086924628644784
XOM,2018-06-30,USD,71456000000.0,54834000000.0,16622000000.0,11700000000.0,4922000000.0,0.0,2993000000.0,3950000000.0,23.261867442901927,9.199828840393675,27.54078463570484,4.6418030587604076,-15.053763440860212,6.888154948499777,5.5278772951186745,16.37371249440215
XOM,2018-09-30,USD,74187000000.0,55531000000.0,18656000000.0,11487000000.0,7169000000.0,0.0,2892000000.0,6240000000.0,25.147262997560222,3.8219323779668635,24.999157540016846,-1.8205128205128207,57.974683544303794,9.663418119077466,8.41117716041894,15.483844878482753
XOM,2018-12-31,USD,68253000000.0,51985000000.0,16268000000.0,11241000000.0,5027000000.0,1116000000.0,2848000000.0,6000000000.0,23.83484975019413,-7.998705972744546,34.271718602455145,-2.1415513188822177,-3.8461538461538436,7.365244018577938,8.790822381433783,16.469605731616195
XOM,2019-03-31,USD,61646000000.0,48342000000.0,13304000000.0,10455000000.0,2849000000.0,,2770000000.0,2350000000.0,21.581286701489148,-9.680160579022168,-5.791918821443853,-6.992260475046708,-60.83333333333334,4.621548843396165,3.8120883755637025,16.959737858092982
XOM,2019-06-30,USD,67491000000.0,53095000000.0,14396000000.0,10835000000.0,3561000000.0,,2827000000.0,3130000000.0,21.330251440932866,9.481555980923329,-5.5488692342140595,3.634624581539936,33.19148936170213,5.276259056763124,4.637655391089182,16.053992384169742
XOM,2019-09-30,USD,63422000000.0,49011000000.0,14411000000.0,10728000000.0,3683000000.0,,2753000000.0,3170000000.0,22.722399167481317,-6.028952008415933,-14.510628546780435,-0.9875403784033177,1.2779552715654896,5.8071331714547005,4.9982655860742335,16.915265996026616
XOM,2019-12-31,USD,63024000000.0,49177000000.0,13847000000.0,11174000000.0,2673000000.0,1214000000.0,3048000000.0,5690000000.0,21.970995176440724,-0.6275424931411866,-7.66120170541954,4.157345264727819,79.49526813880125,4.241241431835491,9.028306676821527,17.72975374460523
XOM,2020-03-31,USD,55134000000.0,46199000000.0,8935000000.0,9699000000.0,-764000000.0,,2579000000.0,-610000000.0,16.20597090724417,-12.519040365575018,-10.563540213476951,-13.200286379094328,-110.72056239015818,-1.3857148039322378,-1.1063953277469438,17.591685711176407
XOM,2020-06-30,USD,32277000000.0,25880000000.0,6397000000.0,7777000000.0,-1380000000.0,,2409000000.0,-1080000000.0,19.819066208135823,-41.457177059527694,-52.175845668311325,-19.816475925353128,77.04918032786885,-4.275490287201412,-3.3460358769402365,24.094556495337237
XOM,2020-09-30,USD,45425000000.0,36036000000.0,9389000000.0,9984000000.0,-595000000.0,,2444000000.0,-680000000.0,20.669235002751787,40.73488862037984,-28.37658856548201,28.37855214092837,-37.03703703703704,-1.309851403412218,-1.4969730324711061,21.979086406164004
XOM,2020-12-31,USD,45738000000.0,62332000000.0,-16594000000.0,10115000000.0,-26709000000.0,1016000000.0,2736000000.0,-20070000000.0,-36.28055446237264,0.6890478811227396,-27.427646610814925,1.3120993589743613,2851.470588235294,-58.39564475928112,-43.88036206218025,22.11509029690848
XOM,2021-03-31,USD,57552000000.0,45667000000.0,11885000000.0,9252000000.0,2633000000.0,,2428000000.0,2730000000.0,20.65088963024743,25.829725829725824,4.385678528675596,-8.531883341571922,-113.60239162929746,4.574993049763692,4.743536280233528,16.075896580483736
XOM,2021-06-30,USD,65943000000.0,50752000000.0,15191000000.0,10267000000.0,4924000000.0,,2345000000.0,4690000000.0,23.036561879198704,14.579858215179309,104.30337391950926,10.970600951145704,71.79487179487178,7.467054880730329,7.112202963165158,15.569506998468373
XOM,2021-09-30,USD,71892000000.0,53454000000.0,18438000000.0,10366000000.0,8072000000.0,,2287000000.0,6750000000.0,25.646803538641294,9.02142759656066,58.2652724270776,0.9642544073244386,43.92324093816631,11.22795304067212,9.389083625438158,14.418850497969176
XOM,2021-12-31,USD,81305000000.0,61933000000.0,19372000000.0,10982000000.0,8390000000.0,843000000.0,2514000000.0,8870000000.0,23.826332943853394,13.093250987592508,77.76247321701868,5.9425043411151846,31.40740740740742,10.319168562819014,10.909538158784821,13.507164381034375
XOM,2022-03-31,USD,87734000000.0,71512000000.0,16222000000.0,10136000000.0,6086000000.0,,2409000000.0,5480000000.0,18.48998107917113,7.907262775967028,52.44300806227411,-7.703514842469494,-38.21871476888388,6.936877379351221,6.246153144732943,11.553103699819909
XOM,2022-06-30,USD,111265000000.0,80750000000.0,30515000000.0,9684000000.0,20831000000.0,,2530000000.0,17850000000.0,27.42551566080978,26.820844826407097,68.72905387986594,-4.459352801894234,225.72992700729927,18.72197007145104,16.0427807486631,8.703545589358738
XOM,2022-09-30,USD,106512000000.0,77156000000.0,29356000000.0,9129000000.0,20227000000.0,,2324000000.0,19660000000.0,27.56121375995193,-4.271783579742062,48.155566683358366,-5.731102850061953,10.140056022408972,18.990348505332733,18.45801412047469,8.570865254619198
XOM,2022-12-31,USD,93164000000.0,66190000000.0,26974000000.0,10090000000.0,16884000000.0,824000000.0,2832000000.0,12750000000.0,28.953243742218028,-12.5319212858645,14.585818830330233,10.526892321174275,-35.14750762970499,18.122880082435273,13.68554377227255,10.83036365978275
XOM,2023-03-31,USD,83644000000.0,59683000000.0,23961000000.0,9752000000.0,14209000000.0,,2390000000.0,11430000000.0,28.646406197694997,-10.218539349963507,-4.661818679189366,-3.349851337958376,-10.352941176470587,16.987470709196117,13.665056668738943,11.658935488498875
XOM,2023-06-30,USD,80795000000.0,60700000000.0,20095000000.0,10145000000.0,9950000000.0,,2449000000.0,7880000000.0,24.871588588402748,-3.406102051551818,-27.38507167572911,4.029942575881873,-31.058617672790902,12.315118509808777,9.753078779627453,12.556470078593973
XOM,2023-09-30,USD,88570000000.0,66187000000.0,22383000000.0,10539000000.0,11844000000.0,,2489000000.0,9070000000.0,25.271536637687703,9.623120242589266,-16.8450503229683,3.883686545096099,15.101522842639593,13.372473749576605,10.240487749802416,11.899062888111098
XOM,2023-12-31,USD,81688000000.0,63985000000.0,17703000000.0,9245000000.0,8458000000.0,879000000.0,2591000000.0,7630000000.0,21.67148173538341,-7.770125324602006,-12.318062771027439,-12.27820476326027,-15.876515986769569,10.354029967681912,9.340417197140338,11.317451767701499
XOM,2024-03-31,USD,80411000000.0,61504000000.0,18907000000.0,8966000000.0,9941000000.0,,2495000000.0,8220000000.0,23.51295220803124,-1.5632651062579606,-3.865190569556698,-3.017847485127101,7.732634338138933,12.36273644153163,10.222481998731517,11.150215766499608
XOM,2024-06-30,USD,89986000000.0,69790000000.0,20196000000.0,9300000000.0,10896000000.0,,2568000000.0,9240000000.0,22.443491209743737,11.907574834288837,11.375703942075631,3.7251840285523086,12.408759124087588,12.108550218922943,10.268263952170338,10.334940990820794
XOM,2024-09-30,USD,87792000000.0,67400000000.0,20392000000.0,9350000000.0,11042000000.0,,2296000000.0,8610000000.0,23.227628941133588,-2.438157046651701,-0.8784012645365213,0.5376344086021501,-6.818181818181824,12.577455804629123,9.807271733187534,10.650173136504465
XOM,2024-12-31,USD,81058000000.0,63811000000.0,17247000000.0,9474000000.0,7773000000.0,,2617000000.0,7610000000.0,21.277356954279654,-7.6704027701840705,-0.7712271080207667,1.3262032085561426,-11.614401858304301,9.589429791013842,9.388339213896222,11.68792716326581
XOM,2025-03-31,USD,81058000000.0,62573000000.0,18485000000.0,8639000000.0,9846000000.0,,2540000000.0,7713000000.0,22.804658392755805,0.0,0.8046162838417636,-8.813595102385474,1.353482260183969,12.146857805521973,9.515408719682203,10.657800587233833
XOM,2025-06-30,USD,79477000000.0,61530000000.0,17947000000.0,9036000000.0,8911000000.0,,8785000000.0,7082000000.0,22.581375743925918,-1.9504552295886879,-11.678483319627498,4.595439286954517,-8.180993128484381,11.2120487688262,8.910754054632159,11.369326975099714
XOM,2025-09-30,USD,83331000000.0,64646000000.0,18685000000.0,9507000000.0,9178000000.0,,3032000000.0,7548000000.0,22.42262783357934,4.849201655824964,-5.0813285948605795,5.212483399734391,6.58006212934199,11.013908389434905,9.057853619901357,11.408719444144436
